trade_id,trade_date,trader,desk,product_type,counterparty,buy_sell,quantity,price,notional_value,trade_status,amendment_flag,cancellation_flag,booking_datetime,amendment_datetime,settlement_date
T00001,2026-01-01 00:00:00,Heather Garrett,Commodities,Swap,Crawford-Garrett,Buy,8,437897.82,3503182.56,Booked,False,False,2026-01-01 07:22:00,,2026-01-05 00:00:00
T00002,2026-01-01 00:00:00,Heather Garrett,Commodities,Option,Chang-Peterson,Sell,3284,373.67,1227132.28,Booked,False,False,2026-01-01 10:08:00,,2026-01-02 00:00:00
T00003,2026-01-01 00:00:00,Kevin Gutierrez,Equities,Option,Ellis Group,Buy,590,741.71,437608.9,Cancelled,True,True,2026-01-01 10:13:00,2026-01-01 18:34:00,2026-01-02 00:00:00
T00004,2026-01-01 00:00:00,Pamela Hahn,FX,FX Forward,Mclaughlin PLC,Sell,2136554,0.9222,1970330.1,Amended,True,False,2026-01-01 11:53:00,2026-01-01 17:39:00,2026-01-30 00:00:00
T00005,2026-01-01 00:00:00,Courtney Wagner,Equities,Equity,Chang-Peterson,Buy,536,403.7,216383.2,Booked,False,False,2026-01-01 12:10:00,,2026-01-02 00:00:00
T00006,2026-01-01 00:00:00,Natalie Castillo,Rates,Bond,Fernandez-Ferguson,Buy,20933,98.368,2059137.34,Booked,False,False,2026-01-01 12:17:00,,2026-01-02 00:00:00
T00007,2026-01-01 00:00:00,Joshua Wilson,Commodities,Swap,Morales-Woodard,Sell,10,554362.59,5543625.9,Booked,False,False,2026-01-01 12:48:00,,2026-01-05 00:00:00
T00008,2026-01-01 00:00:00,Courtney Wagner,Equities,Option,Chang-Peterson,Sell,1498,336.32,503807.36,Amended,True,False,2026-01-01 13:07:00,2026-01-01 13:45:00,2026-01-02 00:00:00
T00009,2026-01-01 00:00:00,Tracy Hayes,Rates,Bond,Crawford-Garrett,Sell,15604,96.01,1498140.04,Cancelled,True,True,2026-01-01 13:18:00,2026-01-13 19:21:00,2026-01-02 00:00:00
T00010,2026-01-01 00:00:00,David Williams,Equities,Equity,Chang-Peterson,Buy,9412,29.28,275583.36,Booked,False,False,2026-01-01 13:35:00,,2026-01-02 00:00:00
T00011,2026-01-01 00:00:00,Courtney Wagner,Equities,Equity,Nguyen Group,Buy,8777,209.95,1842731.15,Booked,False,False,2026-01-01 13:42:00,,2026-01-02 00:00:00
T00012,2026-01-01 00:00:00,Kevin Gutierrez,Equities,Option,Powell Clark and Lopez,Sell,993,196.47,195094.71,Booked,False,False,2026-01-01 13:45:00,,2026-01-02 00:00:00
T00013,2026-01-01 00:00:00,Kevin Gutierrez,Equities,Option,Nguyen Group,Buy,2925,280.2,819585.0,Booked,False,False,2026-01-01 13:51:00,,2026-01-02 00:00:00
T00014,2026-01-01 00:00:00,Eddie Hernandez,Credit,Swap,Foster Jones and Reed,Buy,5,800307.05,4001535.25,Amended,True,False,2026-01-01 14:02:00,2026-01-02 15:30:00,2026-01-05 00:00:00
T00015,2026-01-01 00:00:00,Raymond Williams,FX,FX Forward,Foster Jones and Reed,Buy,2875572,0.8779,2524464.66,Cancelled,True,True,2026-01-01 14:03:00,2026-01-01 14:48:00,2026-01-30 00:00:00
T00016,2026-01-01 00:00:00,Sarah Silva,Rates,Bond,Bishop LLC,Sell,191691,92.782,17785474.36,Booked,False,False,2026-01-01 14:09:00,,2026-01-02 00:00:00
T00017,2026-01-01 00:00:00,Tracy Hayes,Rates,Bond,Mcconnell-Fisher,Buy,15044,109.723,1650672.81,Booked,False,False,2026-01-01 14:39:00,,2026-01-02 00:00:00
T00018,2026-01-01 00:00:00,Joshua Stevenson,Credit,Bond,Wright and Sons,Buy,25995,98.448,2559155.76,Booked,False,False,2026-01-01 15:21:00,,2026-01-02 00:00:00
T00019,2026-01-01 00:00:00,Tracy Hayes,Rates,Bond,Sullivan-Baxter,Buy,26358,104.6,2757046.8,Amended,True,False,2026-01-01 15:50:00,2026-01-01 17:32:00,2026-01-02 00:00:00
T00020,2026-01-01 00:00:00,Courtney Wagner,Equities,Equity,Miranda and Sons,Buy,1281,81.32,104170.92,Booked,False,False,2026-01-01 16:04:00,,2026-01-02 00:00:00
T00021,2026-01-01 00:00:00,Sarah Silva,Rates,Swap,Wright and Sons,Sell,7,802158.72,5615111.04,Booked,False,False,2026-01-01 16:59:00,,2026-01-05 00:00:00
T00022,2026-01-01 00:00:00,Pamela Hahn,FX,FX Forward,Morales-Woodard,Buy,10502818,1.264,13275561.95,Booked,False,False,2026-01-01 17:55:00,,2026-03-02 00:00:00
T00023,2026-01-01 00:00:00,Kevin Gutierrez,Equities,Equity,Stanton-Wilkinson,Buy,4848,443.25,2148876.0,Booked,False,False,2026-01-01 19:03:00,,2026-01-02 00:00:00
T00024,2026-01-02 00:00:00,Raymond Williams,FX,FX Forward,Mitchell-Rodgers,Sell,1208074,0.9738,1176422.46,Booked,False,False,2026-01-02 08:42:00,,2026-02-02 00:00:00
T00025,2026-01-02 00:00:00,Margaret Arellano,Commodities,Swap,Larsen Ray and Young,Sell,6,859839.97,5159039.82,Booked,False,False,2026-01-02 09:43:00,,2026-01-06 00:00:00
T00026,2026-01-02 00:00:00,Sarah Silva,Rates,Bond,Chang-Peterson,Sell,55078,111.551,6144005.98,Booked,False,False,2026-01-02 10:01:00,,2026-01-05 00:00:00
T00027,2026-01-02 00:00:00,Tracy Hayes,Rates,Swap,Stanton-Wilkinson,Buy,37,389711.56,14419327.72,Booked,False,False,2026-01-02 10:10:00,,2026-01-06 00:00:00
T00028,2026-01-02 00:00:00,Courtney Wagner,Equities,Option,Foster Jones and Reed,Sell,1407,711.88,1001615.16,Amended,True,False,2026-01-02 10:28:00,2026-01-05 09:30:00,2026-01-05 00:00:00
T00029,2026-01-02 00:00:00,Pamela Hahn,FX,FX Forward,Lee PLC,Sell,1694421,1.3653,2313392.99,Booked,False,False,2026-01-02 10:47:00,,2026-03-03 00:00:00
T00030,2026-01-02 00:00:00,Pamela Hahn,FX,FX Forward,Sullivan-Baxter,Sell,3474351,1.5807,5491906.63,Booked,False,False,2026-01-02 10:48:00,,2026-03-03 00:00:00
T00031,2026-01-02 00:00:00,David Williams,Equities,Equity,Foster Jones and Reed,Sell,10592,359.59,3808777.28,Booked,False,False,2026-01-02 11:54:00,,2026-01-05 00:00:00
T00032,2026-01-02 00:00:00,Eddie Hernandez,Credit,Bond,Chang-Peterson,Sell,42322,91.303,3864125.57,Booked,False,False,2026-01-02 12:04:00,,2026-01-05 00:00:00
T00033,2026-01-02 00:00:00,Tracy Hayes,Rates,Bond,Sullivan-Baxter,Buy,31529,105.168,3315841.87,Booked,False,False,2026-01-02 12:20:00,,2026-01-05 00:00:00
T00034,2026-01-02 00:00:00,Natalie Castillo,Rates,Bond,Mclaughlin PLC,Buy,7676,97.888,751388.29,Amended,True,False,2026-01-02 12:39:00,2026-01-02 16:25:00,2026-01-05 00:00:00
T00035,2026-01-02 00:00:00,Pamela Hahn,FX,FX Forward,Foster Jones and Reed,Sell,2406377,1.1258,2709099.23,Booked,False,False,2026-01-02 12:59:00,,2026-04-01 00:00:00
T00036,2026-01-02 00:00:00,Kevin Gutierrez,Equities,Equity,Larsen Ray and Young,Buy,8476,438.99,3720879.24,Booked,False,False,2026-01-02 13:38:00,,2026-01-05 00:00:00
T00037,2026-01-02 00:00:00,Pamela Hahn,FX,FX Forward,Fernandez-Ferguson,Sell,2888063,1.2752,3682857.94,Booked,False,False,2026-01-02 13:46:00,,2026-04-01 00:00:00
T00038,2026-01-02 00:00:00,Dylan Lopez,FX,FX Forward,Stanton-Wilkinson,Sell,3931616,1.1059,4347974.13,Booked,False,False,2026-01-02 13:53:00,,2026-02-02 00:00:00
T00039,2026-01-02 00:00:00,Courtney Wagner,Equities,Equity,Crawford-Garrett,Sell,2187,253.84,555148.08,Booked,False,False,2026-01-02 13:58:00,,2026-01-05 00:00:00
T00040,2026-01-02 00:00:00,Sarah Silva,Rates,Bond,Lee PLC,Buy,44019,89.728,3949736.83,Booked,False,False,2026-01-02 14:03:00,,2026-01-05 00:00:00
T00041,2026-01-02 00:00:00,Dylan Lopez,FX,FX Forward,Lee PLC,Sell,3928428,0.9717,3817253.49,Booked,False,False,2026-01-02 14:04:00,,2026-03-03 00:00:00
T00042,2026-01-02 00:00:00,Pamela Hahn,FX,FX Forward,Sullivan-Baxter,Buy,1431344,1.2636,1808646.28,Booked,False,False,2026-01-02 14:11:00,,2026-03-03 00:00:00
T00043,2026-01-02 00:00:00,Dylan Lopez,FX,FX Forward,Bishop LLC,Buy,6844780,1.1261,7707906.76,Booked,False,False,2026-01-02 14:35:00,,2026-04-01 00:00:00
T00044,2026-01-02 00:00:00,Pamela Hahn,FX,FX Forward,Stanton-Wilkinson,Sell,2405688,1.0335,2486278.55,Booked,False,False,2026-01-02 15:00:00,,2026-04-01 00:00:00
T00045,2026-01-02 00:00:00,David Williams,Equities,Equity,Mitchell-Rodgers,Sell,640,257.54,164825.6,Booked,False,False,2026-01-02 15:21:00,,2026-01-05 00:00:00
T00046,2026-01-02 00:00:00,Sarah Silva,Rates,Swap,Wright and Sons,Buy,18,818289.03,14729202.54,Booked,False,False,2026-01-02 15:32:00,,2026-01-06 00:00:00
T00047,2026-01-02 00:00:00,Tracy Hayes,Rates,Bond,Anthony-Baker,Buy,10384,105.495,1095460.08,Amended,True,False,2026-01-02 15:38:00,2026-01-21 14:39:00,2026-01-05 00:00:00
T00048,2026-01-02 00:00:00,Kevin Gutierrez,Equities,Option,Dominguez and Sons,Sell,1404,534.95,751069.8,Booked,False,False,2026-01-02 15:44:00,,2026-01-05 00:00:00
T00049,2026-01-02 00:00:00,Raymond Williams,FX,Option,Fernandez-Ferguson,Buy,312,1133.97,353798.64,Booked,False,False,2026-01-02 17:23:00,,2026-01-05 00:00:00
T00050,2026-01-02 00:00:00,Joshua Wilson,Commodities,Swap,Bishop LLC,Sell,10,628523.44,6285234.4,Booked,False,False,2026-01-02 20:12:00,,2026-01-06 00:00:00
T00051,2026-01-05 00:00:00,Natalie Castillo,Rates,Bond,Mclaughlin PLC,Sell,21858,93.688,2047832.3,Booked,False,False,2026-01-05 07:30:00,,2026-01-06 00:00:00
T00052,2026-01-05 00:00:00,Heather Garrett,Commodities,Option,Allen Morgan and Reed,Sell,236,411.95,97220.2,Booked,False,False,2026-01-05 10:20:00,,2026-01-06 00:00:00
T00053,2026-01-05 00:00:00,David Williams,Equities,Option,Foster Jones and Reed,Buy,219,981.51,214950.69,Booked,False,False,2026-01-05 10:21:00,,2026-01-06 00:00:00
T00054,2026-01-05 00:00:00,Margaret Arellano,Commodities,Swap,Chang-Peterson,Sell,44,980208.48,43129173.12,Booked,False,False,2026-01-05 10:38:00,,2026-01-07 00:00:00
T00055,2026-01-05 00:00:00,Courtney Wagner,Equities,Equity,Chang-Peterson,Buy,13324,148.38,1977015.12,Amended,True,False,2026-01-05 10:46:00,2026-01-21 21:00:00,2026-01-06 00:00:00
T00056,2026-01-05 00:00:00,Sarah Silva,Rates,Bond,Wall PLC,Buy,90142,100.811,9087305.16,Booked,False,False,2026-01-05 11:16:00,,2026-01-06 00:00:00
T00057,2026-01-05 00:00:00,Raymond Williams,FX,FX Forward,Chang-Peterson,Buy,2377121,0.8557,2034102.44,Booked,False,False,2026-01-05 11:47:00,,2026-03-04 00:00:00
T00058,2026-01-05 00:00:00,Raymond Williams,FX,Option,Anthony-Baker,Buy,1649,645.59,1064577.91,Booked,False,False,2026-01-05 12:19:00,,2026-01-06 00:00:00
T00059,2026-01-05 00:00:00,Kevin Gutierrez,Equities,Option,Fernandez-Ferguson,Sell,646,1193.59,771059.14,Booked,False,False,2026-01-05 12:24:00,,2026-01-06 00:00:00
T00060,2026-01-05 00:00:00,Courtney Wagner,Equities,Equity,Dominguez and Sons,Sell,5658,14.11,79834.38,Booked,False,False,2026-01-05 12:32:00,,2026-01-06 00:00:00
T00061,2026-01-05 00:00:00,Raymond Williams,FX,FX Forward,Wright and Sons,Sell,2592455,1.5436,4001713.54,Booked,False,False,2026-01-05 12:52:00,,2026-02-03 00:00:00
T00062,2026-01-05 00:00:00,Sarah Silva,Rates,Bond,Mcconnell-Fisher,Sell,9983,92.067,919104.86,Booked,False,False,2026-01-05 13:04:00,,2026-01-06 00:00:00
T00063,2026-01-05 00:00:00,Pamela Hahn,FX,FX Forward,Foster Jones and Reed,Buy,3467565,0.8255,2862474.91,Cancelled,True,True,2026-01-05 13:20:00,2026-01-15 13:46:00,2026-03-04 00:00:00
T00064,2026-01-05 00:00:00,Tracy Hayes,Rates,Bond,Foster Jones and Reed,Sell,151402,93.787,14199539.37,Booked,False,False,2026-01-05 13:35:00,,2026-01-06 00:00:00
T00065,2026-01-05 00:00:00,Heather Garrett,Commodities,Swap,Mcconnell-Fisher,Sell,34,934800.01,31783200.34,Booked,False,False,2026-01-05 13:47:00,,2026-01-07 00:00:00
T00066,2026-01-05 00:00:00,Pamela Hahn,FX,FX Forward,Allen Morgan and Reed,Sell,978417,1.1943,1168523.42,Booked,False,False,2026-01-05 13:55:00,,2026-02-03 00:00:00
T00067,2026-01-05 00:00:00,Pamela Hahn,FX,FX Forward,Lam-Gonzalez,Sell,1013239,1.136,1151039.5,Booked,False,False,2026-01-05 14:06:00,,2026-04-02 00:00:00
T00068,2026-01-05 00:00:00,Eddie Hernandez,Credit,Bond,Mcconnell-Fisher,Buy,51376,94.272,4843318.27,Cancelled,True,True,2026-01-05 14:10:00,2026-01-05 14:55:00,2026-01-06 00:00:00
T00069,2026-01-05 00:00:00,Pamela Hahn,FX,FX Forward,Larsen Ray and Young,Sell,6606599,1.2055,7964255.09,Booked,False,False,2026-01-05 14:34:00,,2026-04-02 00:00:00
T00070,2026-01-05 00:00:00,Natalie Castillo,Rates,Bond,Lam-Gonzalez,Buy,26680,96.281,2568777.08,Booked,False,False,2026-01-05 15:07:00,,2026-01-06 00:00:00
T00071,2026-01-05 00:00:00,Courtney Wagner,Equities,Option,Mclaughlin PLC,Buy,901,1202.59,1083533.59,Booked,False,False,2026-01-05 15:20:00,,2026-01-06 00:00:00
T00072,2026-01-05 00:00:00,Heather Garrett,Commodities,Swap,Bishop LLC,Buy,11,253435.38,2787789.18,Booked,False,False,2026-01-05 15:46:00,,2026-01-07 00:00:00
T00073,2026-01-05 00:00:00,Tracy Hayes,Rates,Bond,Bishop LLC,Sell,14114,99.972,1411004.81,Booked,False,False,2026-01-05 16:15:00,,2026-01-06 00:00:00
T00074,2026-01-05 00:00:00,Raymond Williams,FX,Option,Crawford-Garrett,Sell,359,614.21,220501.39,Booked,False,False,2026-01-05 16:37:00,,2026-01-06 00:00:00
T00075,2026-01-05 00:00:00,Dylan Lopez,FX,FX Forward,Larsen Ray and Young,Sell,1314543,1.1091,1457959.64,Booked,False,False,2026-01-05 16:50:00,,2026-04-02 00:00:00
T00076,2026-01-05 00:00:00,Natalie Castillo,Rates,Bond,Fernandez-Ferguson,Sell,79552,107.269,8533463.49,Booked,False,False,2026-01-05 16:51:00,,2026-01-06 00:00:00
T00077,2026-01-06 00:00:00,Sarah Silva,Rates,Bond,Anthony-Baker,Sell,7467,105.707,789314.17,Booked,False,False,2026-01-06 08:47:00,,2026-01-07 00:00:00
T00078,2026-01-06 00:00:00,Courtney Wagner,Equities,Equity,Chang-Peterson,Sell,7510,401.41,3014589.1,Booked,False,False,2026-01-06 09:13:00,,2026-01-07 00:00:00
T00079,2026-01-06 00:00:00,Courtney Wagner,Equities,Equity,Crawford-Garrett,Sell,14579,140.39,2046745.81,Booked,False,False,2026-01-06 09:54:00,,2026-01-07 00:00:00
T00080,2026-01-06 00:00:00,Courtney Wagner,Equities,Equity,Mclaughlin PLC,Buy,5232,312.61,1635575.52,Booked,False,False,2026-01-06 10:31:00,,2026-01-07 00:00:00
T00081,2026-01-06 00:00:00,Joshua Stevenson,Credit,Bond,Larsen Ray and Young,Buy,42283,110.47,4671003.01,Booked,False,False,2026-01-06 11:19:00,,2026-01-07 00:00:00
T00082,2026-01-06 00:00:00,Courtney Wagner,Equities,Equity,Wright and Sons,Buy,13839,307.01,4248711.39,Booked,False,False,2026-01-06 11:55:00,,2026-01-07 00:00:00
T00083,2026-01-06 00:00:00,Joshua Stevenson,Credit,Bond,Chang-Peterson,Buy,38986,94.474,3683163.36,Booked,False,False,2026-01-06 12:01:00,,2026-01-07 00:00:00
T00084,2026-01-06 00:00:00,Sarah Silva,Rates,Swap,Lam-Gonzalez,Sell,7,515280.53,3606963.71,Booked,False,False,2026-01-06 12:21:00,,2026-01-08 00:00:00
T00085,2026-01-06 00:00:00,Sarah Silva,Rates,Bond,Wall PLC,Sell,16805,94.627,1590206.74,Amended,True,False,2026-01-06 13:04:00,2026-01-06 13:49:00,2026-01-07 00:00:00
T00086,2026-01-06 00:00:00,Kevin Gutierrez,Equities,Equity,Chang-Peterson,Buy,7485,271.51,2032252.35,Booked,False,False,2026-01-06 13:11:00,,2026-01-07 00:00:00
T00087,2026-01-06 00:00:00,Raymond Williams,FX,Option,Lee PLC,Buy,2217,454.93,1008579.81,Booked,False,False,2026-01-06 13:14:00,,2026-01-07 00:00:00
T00088,2026-01-06 00:00:00,Tracy Hayes,Rates,Swap,Larsen Ray and Young,Buy,19,917424.89,17431072.91,Amended,True,False,2026-01-06 13:28:00,2026-01-06 23:00:00,2026-01-08 00:00:00
T00089,2026-01-06 00:00:00,Courtney Wagner,Equities,Equity,Stanton-Wilkinson,Buy,9011,478.44,4311222.84,Booked,False,False,2026-01-06 13:38:00,,2026-01-07 00:00:00
T00090,2026-01-06 00:00:00,Raymond Williams,FX,FX Forward,Fernandez-Ferguson,Sell,692893,1.5064,1043774.02,Booked,False,False,2026-01-06 13:41:00,,2026-04-03 00:00:00
T00091,2026-01-06 00:00:00,Pamela Hahn,FX,Option,Ellis Group,Buy,647,836.71,541351.37,Booked,False,False,2026-01-06 13:44:00,,2026-01-07 00:00:00
T00092,2026-01-06 00:00:00,Dylan Lopez,FX,FX Forward,Chang-Peterson,Buy,2669425,1.6111,4300710.62,Booked,False,False,2026-01-06 14:11:00,,2026-02-04 00:00:00
T00093,2026-01-06 00:00:00,Raymond Williams,FX,FX Forward,Dominguez and Sons,Sell,12784535,1.4577,18636016.67,Booked,False,False,2026-01-06 14:14:00,,2026-02-04 00:00:00
T00094,2026-01-06 00:00:00,Raymond Williams,FX,FX Forward,Larsen Ray and Young,Buy,1322731,1.6018,2118750.52,Booked,False,False,2026-01-06 15:09:00,,2026-03-05 00:00:00
T00095,2026-01-06 00:00:00,Sarah Silva,Rates,Bond,Wright and Sons,Sell,22507,96.57,2173500.99,Booked,False,False,2026-01-06 15:48:00,,2026-01-07 00:00:00
T00096,2026-01-06 00:00:00,Tracy Hayes,Rates,Swap,Stanton-Wilkinson,Sell,9,386934.93,3482414.37,Booked,False,False,2026-01-06 15:51:00,,2026-01-08 00:00:00
T00097,2026-01-06 00:00:00,Courtney Wagner,Equities,Equity,Mcconnell-Fisher,Buy,74469,425.02,31650814.38,Booked,False,False,2026-01-06 16:27:00,,2026-01-07 00:00:00
T00098,2026-01-06 00:00:00,Sarah Silva,Rates,Swap,Mclaughlin PLC,Buy,23,659694.53,15172974.19,Booked,False,False,2026-01-06 16:57:00,,2026-01-08 00:00:00
T00099,2026-01-06 00:00:00,Raymond Williams,FX,FX Forward,Miranda and Sons,Buy,1908672,0.9678,1847212.76,Booked,False,False,2026-01-06 17:14:00,,2026-03-05 00:00:00
T00100,2026-01-06 00:00:00,Raymond Williams,FX,FX Forward,Crawford-Garrett,Buy,1770060,1.374,2432062.44,Booked,False,False,2026-01-06 19:06:00,,2026-03-05 00:00:00
T00101,2026-01-07 00:00:00,Raymond Williams,FX,FX Forward,Miranda and Sons,Sell,3488589,1.0794,3765582.97,Amended,True,False,2026-01-07 08:26:00,2026-01-07 14:16:00,2026-02-05 00:00:00
T00102,2026-01-07 00:00:00,Sarah Silva,Rates,Swap,Miranda and Sons,Buy,56,989856.5,55431964.0,Booked,False,False,2026-01-07 09:46:00,,2026-01-09 00:00:00
T00103,2026-01-07 00:00:00,Sarah Silva,Rates,Bond,Chang-Peterson,Sell,9014,107.933,972908.06,Booked,False,False,2026-01-07 10:03:00,,2026-01-08 00:00:00
T00104,2026-01-07 00:00:00,Joshua Stevenson,Credit,Swap,Stanton-Wilkinson,Buy,13,496380.1,6452941.3,Booked,False,False,2026-01-07 10:15:00,,2026-01-09 00:00:00
T00105,2026-01-07 00:00:00,Tracy Hayes,Rates,Swap,Mclaughlin PLC,Sell,5,282812.01,1414060.05,Booked,False,False,2026-01-07 10:33:00,,2026-01-09 00:00:00
T00106,2026-01-07 00:00:00,Margaret Arellano,Commodities,Swap,Powell Clark and Lopez,Buy,21,744152.89,15627210.69,Amended,True,False,2026-01-07 10:43:00,2026-01-08 16:33:00,2026-01-09 00:00:00
T00107,2026-01-07 00:00:00,Natalie Castillo,Rates,Swap,Ellis Group,Sell,23,282461.17,6496606.91,Booked,False,False,2026-01-07 10:49:00,,2026-01-09 00:00:00
T00108,2026-01-07 00:00:00,Heather Garrett,Commodities,Swap,Ellis Group,Buy,33,320805.62,10586585.46,Booked,False,False,2026-01-07 11:55:00,,2026-01-09 00:00:00
T00109,2026-01-07 00:00:00,Pamela Hahn,FX,FX Forward,Anthony-Baker,Buy,1037304,0.9889,1025789.93,Booked,False,False,2026-01-07 12:02:00,,2026-02-05 00:00:00
T00110,2026-01-07 00:00:00,Pamela Hahn,FX,Option,Fernandez-Ferguson,Buy,105865,206.97,21910879.05,Booked,False,False,2026-01-07 12:10:00,,2026-01-08 00:00:00
T00111,2026-01-07 00:00:00,Tracy Hayes,Rates,Swap,Fernandez-Ferguson,Sell,27,839661.02,22670847.54,Cancelled,True,True,2026-01-07 12:22:00,2026-01-07 17:03:00,2026-01-09 00:00:00
T00112,2026-01-07 00:00:00,Natalie Castillo,Rates,Swap,Crawford-Garrett,Buy,19,849049.29,16131936.51,Booked,False,False,2026-01-07 12:23:00,,2026-01-09 00:00:00
T00113,2026-01-07 00:00:00,Joshua Stevenson,Credit,Bond,Bishop LLC,Sell,82797,90.356,7481205.73,Booked,False,False,2026-01-07 12:24:00,,2026-01-08 00:00:00
T00114,2026-01-07 00:00:00,Joshua Stevenson,Credit,Bond,Chang-Peterson,Sell,31891,95.106,3033025.45,Booked,False,False,2026-01-07 12:34:00,,2026-01-08 00:00:00
T00115,2026-01-07 00:00:00,Raymond Williams,FX,FX Forward,Wall PLC,Sell,3384184,1.4251,4822800.62,Booked,False,False,2026-01-07 12:47:00,,2026-03-06 00:00:00
T00116,2026-01-07 00:00:00,Natalie Castillo,Rates,Swap,Chang-Peterson,Sell,9,921666.55,8294998.95,Booked,False,False,2026-01-07 12:48:00,,2026-01-09 00:00:00
T00117,2026-01-07 00:00:00,Tracy Hayes,Rates,Swap,Mclaughlin PLC,Sell,3,763166.03,2289498.09,Booked,False,False,2026-01-07 13:11:00,,2026-01-09 00:00:00
T00118,2026-01-07 00:00:00,Eddie Hernandez,Credit,Bond,Lee PLC,Buy,24621,106.636,2625484.96,Amended,True,False,2026-01-07 13:11:00,2026-01-07 15:00:00,2026-01-08 00:00:00
T00119,2026-01-07 00:00:00,Tracy Hayes,Rates,Swap,Mclaughlin PLC,Buy,12,692237.99,8306855.88,Booked,False,False,2026-01-07 13:11:00,,2026-01-09 00:00:00
T00120,2026-01-07 00:00:00,Tracy Hayes,Rates,Swap,Mcconnell-Fisher,Buy,16,944432.18,15110914.88,Booked,False,False,2026-01-07 13:25:00,,2026-01-09 00:00:00
T00121,2026-01-07 00:00:00,Joshua Stevenson,Credit,Swap,Crawford-Garrett,Sell,7,884582.55,6192077.85,Booked,False,False,2026-01-07 13:44:00,,2026-01-09 00:00:00
T00122,2026-01-07 00:00:00,Sarah Silva,Rates,Swap,Larsen Ray and Young,Sell,20,523347.78,10466955.6,Booked,False,False,2026-01-07 13:56:00,,2026-01-09 00:00:00
T00123,2026-01-07 00:00:00,Margaret Arellano,Commodities,Swap,Larsen Ray and Young,Buy,10,575495.87,5754958.7,Booked,False,False,2026-01-07 13:56:00,,2026-01-09 00:00:00
T00124,2026-01-07 00:00:00,Courtney Wagner,Equities,Equity,Chang-Peterson,Sell,1713,429.45,735647.85,Booked,False,False,2026-01-07 14:07:00,,2026-01-08 00:00:00
T00125,2026-01-07 00:00:00,Raymond Williams,FX,FX Forward,Chang-Peterson,Sell,1189843,1.4835,1765132.09,Booked,False,False,2026-01-07 14:16:00,,2026-02-05 00:00:00
T00126,2026-01-07 00:00:00,Pamela Hahn,FX,FX Forward,Mclaughlin PLC,Buy,1368777,0.8791,1203291.86,Booked,False,False,2026-01-07 14:35:00,,2026-03-06 00:00:00
T00127,2026-01-07 00:00:00,Tracy Hayes,Rates,Swap,Wright and Sons,Sell,5,690359.06,3451795.3,Booked,False,False,2026-01-07 14:47:00,,2026-01-09 00:00:00
T00128,2026-01-07 00:00:00,Joshua Wilson,Commodities,Option,Ellis Group,Sell,604,216.49,130759.96,Amended,True,False,2026-01-07 15:00:00,2026-01-21 13:28:00,2026-01-08 00:00:00
T00129,2026-01-07 00:00:00,Tracy Hayes,Rates,Bond,Dominguez and Sons,Sell,38435,93.956,3611198.86,Booked,False,False,2026-01-07 15:07:00,,2026-01-08 00:00:00
T00130,2026-01-07 00:00:00,Tracy Hayes,Rates,Swap,Foster Jones and Reed,Buy,27,527924.16,14253952.32,Booked,False,False,2026-01-07 15:45:00,,2026-01-09 00:00:00
T00131,2026-01-07 00:00:00,Natalie Castillo,Rates,Swap,Sullivan-Baxter,Sell,20,741718.94,14834378.8,Booked,False,False,2026-01-07 15:59:00,,2026-01-09 00:00:00
T00132,2026-01-07 00:00:00,Tracy Hayes,Rates,Swap,Crawford-Garrett,Buy,13,804728.1,10461465.3,Booked,False,False,2026-01-07 16:51:00,,2026-01-09 00:00:00
T00133,2026-01-07 00:00:00,Courtney Wagner,Equities,Equity,Nguyen Group,Buy,1100,58.06,63866.0,Booked,False,False,2026-01-07 16:59:00,,2026-01-08 00:00:00
T00134,2026-01-07 00:00:00,Courtney Wagner,Equities,Option,Fernandez-Ferguson,Sell,1200,204.47,245364.0,Booked,False,False,2026-01-07 17:41:00,,2026-01-08 00:00:00
T00135,2026-01-08 00:00:00,Tracy Hayes,Rates,Swap,Chang-Peterson,Buy,45,583038.93,26236751.85,Booked,False,False,2026-01-08 09:22:00,,2026-01-12 00:00:00
T00136,2026-01-08 00:00:00,Tracy Hayes,Rates,Bond,Chang-Peterson,Sell,27213,91.816,2498588.81,Booked,False,False,2026-01-08 09:28:00,,2026-01-09 00:00:00
T00137,2026-01-08 00:00:00,Tracy Hayes,Rates,Bond,Chang-Peterson,Sell,100873,92.405,9321169.56,Amended,True,False,2026-01-08 11:42:00,2026-01-19 10:37:00,2026-01-09 00:00:00
T00138,2026-01-08 00:00:00,Courtney Wagner,Equities,Equity,Mitchell-Rodgers,Buy,5475,216.1,1183147.5,Booked,False,False,2026-01-08 11:45:00,,2026-01-09 00:00:00
T00139,2026-01-08 00:00:00,Natalie Castillo,Rates,Bond,Fernandez-Ferguson,Sell,25228,92.119,2323978.13,Booked,False,False,2026-01-08 12:08:00,,2026-01-09 00:00:00
T00140,2026-01-08 00:00:00,Eddie Hernandez,Credit,Bond,Anthony-Baker,Sell,34243,94.76,3244866.68,Booked,False,False,2026-01-08 12:18:00,,2026-01-09 00:00:00
T00141,2026-01-08 00:00:00,Sarah Silva,Rates,Bond,Anthony-Baker,Buy,11778,103.223,1215760.49,Booked,False,False,2026-01-08 13:13:00,,2026-01-09 00:00:00
T00142,2026-01-08 00:00:00,Tracy Hayes,Rates,Bond,Fernandez-Ferguson,Buy,23744,97.295,2310172.48,Booked,False,False,2026-01-08 13:13:00,,2026-01-09 00:00:00
T00143,2026-01-08 00:00:00,Courtney Wagner,Equities,Option,Chang-Peterson,Buy,393,710.51,279230.43,Booked,False,False,2026-01-08 13:16:00,,2026-01-09 00:00:00
T00144,2026-01-08 00:00:00,Tracy Hayes,Rates,Bond,Stanton-Wilkinson,Sell,26679,88.547,2362345.41,Booked,False,False,2026-01-08 13:38:00,,2026-01-09 00:00:00
T00145,2026-01-08 00:00:00,Sarah Silva,Rates,Swap,Chang-Peterson,Buy,7,378281.5,2647970.5,Booked,False,False,2026-01-08 13:43:00,,2026-01-12 00:00:00
T00146,2026-01-08 00:00:00,Tracy Hayes,Rates,Swap,Chang-Peterson,Buy,10,414173.71,4141737.1,Booked,False,False,2026-01-08 14:15:00,,2026-01-12 00:00:00
T00147,2026-01-08 00:00:00,Pamela Hahn,FX,Option,Chang-Peterson,Buy,572,152.25,87087.0,Booked,False,False,2026-01-08 14:26:00,,2026-01-09 00:00:00
T00148,2026-01-08 00:00:00,Dylan Lopez,FX,FX Forward,Crawford-Garrett,Sell,2006158,1.3276,2663375.36,Booked,False,False,2026-01-08 14:40:00,,2026-04-07 00:00:00
T00149,2026-01-08 00:00:00,Joshua Stevenson,Credit,Bond,Allen Morgan and Reed,Sell,15329,95.014,1456469.61,Booked,False,False,2026-01-08 14:59:00,,2026-01-09 00:00:00
T00150,2026-01-08 00:00:00,Kevin Gutierrez,Equities,Equity,Miranda and Sons,Sell,27846,200.8,5591476.8,Booked,False,False,2026-01-08 15:07:00,,2026-01-09 00:00:00
T00151,2026-01-08 00:00:00,Tracy Hayes,Rates,Bond,Chang-Peterson,Sell,4484,95.073,426307.33,Booked,False,False,2026-01-08 15:58:00,,2026-01-09 00:00:00
T00152,2026-01-08 00:00:00,Heather Garrett,Commodities,Option,Wall PLC,Sell,1354,354.81,480412.74,Booked,False,False,2026-01-08 17:12:00,,2026-01-09 00:00:00
T00153,2026-01-08 00:00:00,Tracy Hayes,Rates,Bond,Crawford-Garrett,Buy,15678,106.094,1663341.73,Booked,False,False,2026-01-08 17:21:00,,2026-01-09 00:00:00
T00154,2026-01-08 00:00:00,Courtney Wagner,Equities,Option,Chang-Peterson,Buy,2151,773.36,1663497.36,Booked,False,False,2026-01-08 17:43:00,,2026-01-09 00:00:00
T00155,2026-01-09 00:00:00,Kevin Gutierrez,Equities,Equity,Allen Morgan and Reed,Buy,22719,463.22,10523895.18,Booked,False,False,2026-01-09 07:05:00,,2026-01-12 00:00:00
T00156,2026-01-09 00:00:00,Margaret Arellano,Commodities,Option,Sullivan-Baxter,Buy,1694,77.71,131640.74,Booked,False,False,2026-01-09 08:07:00,,2026-01-12 00:00:00
T00157,2026-01-09 00:00:00,Kevin Gutierrez,Equities,Option,Anthony-Baker,Buy,1593,437.87,697526.91,Booked,False,False,2026-01-09 09:45:00,,2026-01-12 00:00:00
T00158,2026-01-09 00:00:00,Tracy Hayes,Rates,Swap,Foster Jones and Reed,Sell,16,532019.87,8512317.92,Booked,False,False,2026-01-09 10:13:00,,2026-01-13 00:00:00
T00159,2026-01-09 00:00:00,Courtney Wagner,Equities,Option,Crawford-Garrett,Buy,412,318.29,131135.48,Booked,False,False,2026-01-09 10:18:00,,2026-01-12 00:00:00
T00160,2026-01-09 00:00:00,Joshua Stevenson,Credit,Swap,Anthony-Baker,Sell,38,557053.75,21168042.5,Booked,False,False,2026-01-09 11:04:00,,2026-01-13 00:00:00
T00161,2026-01-09 00:00:00,Tracy Hayes,Rates,Bond,Mcconnell-Fisher,Sell,62263,88.961,5538978.74,Booked,False,False,2026-01-09 11:13:00,,2026-01-12 00:00:00
T00162,2026-01-09 00:00:00,Sarah Silva,Rates,Bond,Chang-Peterson,Sell,9014,89.409,805932.73,Booked,False,False,2026-01-09 11:43:00,,2026-01-12 00:00:00
T00163,2026-01-09 00:00:00,Courtney Wagner,Equities,Equity,Powell Clark and Lopez,Sell,8710,28.33,246754.3,Booked,False,False,2026-01-09 12:11:00,,2026-01-12 00:00:00
T00164,2026-01-09 00:00:00,Sarah Silva,Rates,Bond,Powell Clark and Lopez,Buy,443859,111.652,49557745.07,Booked,False,False,2026-01-09 12:23:00,,2026-01-12 00:00:00
T00165,2026-01-09 00:00:00,Joshua Stevenson,Credit,Bond,Fernandez-Ferguson,Buy,33263,89.311,2970751.79,Booked,False,False,2026-01-09 12:34:00,,2026-01-12 00:00:00
T00166,2026-01-09 00:00:00,Pamela Hahn,FX,FX Forward,Wall PLC,Buy,3318512,1.597,5299663.66,Booked,False,False,2026-01-09 13:16:00,,2026-02-09 00:00:00
T00167,2026-01-09 00:00:00,Pamela Hahn,FX,FX Forward,Ellis Group,Sell,6028599,1.1804,7116158.26,Booked,False,False,2026-01-09 13:29:00,,2026-04-08 00:00:00
T00168,2026-01-09 00:00:00,Sarah Silva,Rates,Bond,Anthony-Baker,Sell,7583,110.785,840082.66,Amended,True,False,2026-01-09 13:39:00,2026-01-09 14:24:00,2026-01-12 00:00:00
T00169,2026-01-09 00:00:00,Tracy Hayes,Rates,Bond,Anthony-Baker,Buy,50225,99.502,4997487.95,Booked,False,False,2026-01-09 13:55:00,,2026-01-12 00:00:00
T00170,2026-01-09 00:00:00,Edward Taylor,Credit,Bond,Wright and Sons,Buy,24819,90.815,2253937.48,Booked,False,False,2026-01-09 13:56:00,,2026-01-12 00:00:00
T00171,2026-01-09 00:00:00,Sarah Silva,Rates,Swap,Chang-Peterson,Buy,17,901207.14,15320521.38,Amended,True,False,2026-01-09 14:39:00,2026-01-12 14:28:00,2026-01-13 00:00:00
T00172,2026-01-09 00:00:00,Tracy Hayes,Rates,Swap,Foster Jones and Reed,Buy,9,940596.48,8465368.32,Booked,False,False,2026-01-09 15:00:00,,2026-01-13 00:00:00
T00173,2026-01-09 00:00:00,Natalie Castillo,Rates,Swap,Chang-Peterson,Buy,15,576293.43,8644401.45,Booked,False,False,2026-01-09 15:18:00,,2026-01-13 00:00:00
T00174,2026-01-09 00:00:00,Dylan Lopez,FX,Option,Chang-Peterson,Sell,1731,807.75,1398215.25,Booked,False,False,2026-01-09 15:26:00,,2026-01-12 00:00:00
T00175,2026-01-09 00:00:00,Pamela Hahn,FX,Option,Crawford-Garrett,Sell,1888,228.68,431747.84,Cancelled,True,True,2026-01-09 16:09:00,2026-01-09 17:36:00,2026-01-12 00:00:00
T00176,2026-01-09 00:00:00,Sarah Silva,Rates,Swap,Fernandez-Ferguson,Buy,3,544631.61,1633894.83,Booked,False,False,2026-01-09 17:01:00,,2026-01-13 00:00:00
T00177,2026-01-09 00:00:00,Raymond Williams,FX,FX Forward,Foster Jones and Reed,Buy,4813759,0.879,4231294.16,Booked,False,False,2026-01-09 18:36:00,,2026-04-08 00:00:00
T00178,2026-01-12 00:00:00,Kevin Gutierrez,Equities,Equity,Larsen Ray and Young,Sell,8904,226.06,2012838.24,Booked,False,False,2026-01-12 07:00:00,,2026-01-13 00:00:00
T00179,2026-01-12 00:00:00,Tracy Hayes,Rates,Bond,Foster Jones and Reed,Sell,59990,105.245,6313647.55,Booked,False,False,2026-01-12 07:05:00,,2026-01-13 00:00:00
T00180,2026-01-12 00:00:00,Pamela Hahn,FX,FX Forward,Sullivan-Baxter,Sell,553979,1.4229,788256.72,Booked,False,False,2026-01-12 09:27:00,,2026-04-09 00:00:00
T00181,2026-01-12 00:00:00,Heather Garrett,Commodities,Swap,Dominguez and Sons,Buy,13,883886.53,11490524.89,Booked,False,False,2026-01-12 09:50:00,,2026-01-14 00:00:00
T00182,2026-01-12 00:00:00,Natalie Castillo,Rates,Bond,Chang-Peterson,Buy,22288,90.838,2024597.34,Booked,False,False,2026-01-12 10:01:00,,2026-01-13 00:00:00
T00183,2026-01-12 00:00:00,Courtney Wagner,Equities,Option,Chang-Peterson,Buy,1712,570.7,977038.4,Booked,False,False,2026-01-12 10:48:00,,2026-01-13 00:00:00
T00184,2026-01-12 00:00:00,Tracy Hayes,Rates,Bond,Dominguez and Sons,Sell,5636,89.014,501682.9,Booked,False,False,2026-01-12 11:12:00,,2026-01-13 00:00:00
T00185,2026-01-12 00:00:00,Pamela Hahn,FX,FX Forward,Larsen Ray and Young,Sell,2339981,1.5729,3680556.11,Booked,False,False,2026-01-12 11:13:00,,2026-02-10 00:00:00
T00186,2026-01-12 00:00:00,Tracy Hayes,Rates,Swap,Chang-Peterson,Buy,27,263357.69,7110657.63,Booked,False,False,2026-01-12 12:05:00,,2026-01-14 00:00:00
T00187,2026-01-12 00:00:00,Heather Garrett,Commodities,Swap,Wright and Sons,Sell,129,292609.18,37746584.22,Booked,False,False,2026-01-12 12:11:00,,2026-01-14 00:00:00
T00188,2026-01-12 00:00:00,Margaret Arellano,Commodities,Swap,Dominguez and Sons,Sell,6,875225.02,5251350.12,Booked,False,False,2026-01-12 12:15:00,,2026-01-12 00:00:00
T00189,2026-01-12 00:00:00,Raymond Williams,FX,Option,Powell Clark and Lopez,Sell,663,353.43,234324.09,Booked,False,False,2026-01-12 12:30:00,,2026-01-13 00:00:00
T00190,2026-01-12 00:00:00,Tracy Hayes,Rates,Swap,Ellis Group,Sell,9,580503.72,5224533.48,Booked,False,False,2026-01-12 12:36:00,,2026-01-14 00:00:00
T00191,2026-01-12 00:00:00,Sarah Silva,Rates,Bond,Larsen Ray and Young,Buy,45072,93.699,4223201.33,Booked,False,False,2026-01-12 13:53:00,,2026-01-13 00:00:00
T00192,2026-01-12 00:00:00,Pamela Hahn,FX,Option,Bishop LLC,Sell,835,693.48,579055.8,Booked,False,False,2026-01-12 13:56:00,,2026-01-13 00:00:00
T00193,2026-01-12 00:00:00,Sarah Silva,Rates,Bond,Sullivan-Baxter,Sell,45919,103.192,4738473.45,Booked,False,False,2026-01-12 14:10:00,,2026-01-13 00:00:00
T00194,2026-01-12 00:00:00,Eddie Hernandez,Credit,Bond,Ellis Group,Sell,34618,93.5,3236783.0,Booked,False,False,2026-01-12 14:12:00,,2026-01-13 00:00:00
T00195,2026-01-12 00:00:00,Natalie Castillo,Rates,Bond,Mitchell-Rodgers,Sell,51118,106.948,5466967.86,Booked,False,False,2026-01-12 14:15:00,,2026-01-13 00:00:00
T00196,2026-01-12 00:00:00,Courtney Wagner,Equities,Equity,Stanton-Wilkinson,Buy,7417,343.19,2545440.23,Booked,False,False,2026-01-12 14:21:00,,2026-01-13 00:00:00
T00197,2026-01-12 00:00:00,Raymond Williams,FX,FX Forward,Bishop LLC,Buy,2965940,1.521,4511194.74,Booked,False,False,2026-01-12 14:22:00,,2026-04-09 00:00:00
T00198,2026-01-12 00:00:00,Courtney Wagner,Equities,Equity,Mclaughlin PLC,Sell,3353,361.76,1212981.28,Booked,False,False,2026-01-12 14:27:00,,2026-01-13 00:00:00
T00199,2026-01-12 00:00:00,Sarah Silva,Rates,Swap,Morales-Woodard,Buy,10,435220.35,4352203.5,Booked,False,False,2026-01-12 14:53:00,,2026-01-14 00:00:00
T00200,2026-01-12 00:00:00,Sarah Silva,Rates,Bond,Mcconnell-Fisher,Sell,39798,97.452,3878394.7,Booked,False,False,2026-01-12 16:18:00,,2026-01-13 00:00:00
T00201,2026-01-12 00:00:00,Raymond Williams,FX,FX Forward,Larsen Ray and Young,Buy,1956144,1.3624,2665050.59,Booked,False,False,2026-01-12 17:18:00,,2026-02-10 00:00:00
T00202,2026-01-13 00:00:00,Tracy Hayes,Rates,Swap,Wall PLC,Sell,9,868846.5,7819618.5,Booked,False,False,2026-01-13 09:44:00,,2026-01-15 00:00:00
T00203,2026-01-13 00:00:00,Sarah Silva,Rates,Swap,Mitchell-Rodgers,Sell,33,423787.71,13984994.43,Booked,False,False,2026-01-13 10:09:00,,2026-01-15 00:00:00
T00204,2026-01-13 00:00:00,David Williams,Equities,Equity,Allen Morgan and Reed,Sell,4815,219.41,1056459.15,Booked,False,False,2026-01-13 10:19:00,,2026-01-14 00:00:00
T00205,2026-01-13 00:00:00,Tracy Hayes,Rates,Bond,Anthony-Baker,Sell,8570,90.899,779004.43,Booked,False,False,2026-01-13 10:37:00,,2026-01-14 00:00:00
T00206,2026-01-13 00:00:00,Pamela Hahn,FX,Option,Chang-Peterson,Sell,1440,548.19,789393.6,Booked,False,False,2026-01-13 10:41:00,,2026-01-12 00:00:00
T00207,2026-01-13 00:00:00,David Williams,Equities,Equity,Brown-Wiggins,Buy,6123,343.88,2105577.24,Booked,False,False,2026-01-13 11:00:00,,2026-01-14 00:00:00
T00208,2026-01-13 00:00:00,Tracy Hayes,Rates,Swap,Morales-Woodard,Sell,47,509441.01,23943727.47,Booked,False,False,2026-01-13 11:10:00,,2026-01-15 00:00:00
T00209,2026-01-13 00:00:00,Pamela Hahn,FX,FX Forward,Bishop LLC,Buy,428229,1.0944,468653.82,Booked,False,False,2026-01-13 11:47:00,,2026-04-10 00:00:00
T00210,2026-01-13 00:00:00,Eddie Hernandez,Credit,Bond,Mcconnell-Fisher,Sell,40773,90.188,3677235.32,Booked,False,False,2026-01-13 11:53:00,,2026-01-14 00:00:00
T00211,2026-01-13 00:00:00,Kevin Gutierrez,Equities,Equity,Miranda and Sons,Buy,2509,204.27,512513.43,Booked,False,False,2026-01-13 11:56:00,,2026-01-14 00:00:00
T00212,2026-01-13 00:00:00,Joshua Stevenson,Credit,Swap,Foster Jones and Reed,Sell,37,476475.31,17629586.47,Booked,False,False,2026-01-13 12:09:00,,2026-01-15 00:00:00
T00213,2026-01-13 00:00:00,Dylan Lopez,FX,Option,Stanton-Wilkinson,Buy,867,514.32,445915.44,Booked,False,False,2026-01-13 12:14:00,,2026-01-14 00:00:00
T00214,2026-01-13 00:00:00,Pamela Hahn,FX,FX Forward,Chang-Peterson,Sell,4813740,1.5504,7463222.5,Booked,False,False,2026-01-13 12:16:00,,2026-04-10 00:00:00
T00215,2026-01-13 00:00:00,Sarah Silva,Rates,Swap,Chang-Peterson,Sell,5,878315.84,4391579.2,Booked,False,False,2026-01-13 12:30:00,,2026-01-15 00:00:00
T00216,2026-01-13 00:00:00,Margaret Arellano,Commodities,Option,Powell Clark and Lopez,Buy,523,327.12,171083.76,Booked,False,False,2026-01-13 12:51:00,,2026-01-14 00:00:00
T00217,2026-01-13 00:00:00,Raymond Williams,FX,FX Forward,Dominguez and Sons,Buy,2874526,0.9894,2844056.02,Amended,True,False,2026-01-13 13:04:00,2026-01-13 14:21:00,2026-03-12 00:00:00
T00218,2026-01-13 00:00:00,Pamela Hahn,FX,Option,Anthony-Baker,Buy,2370,892.52,2115272.4,Amended,True,False,2026-01-13 14:01:00,2026-01-14 19:07:00,2026-01-14 00:00:00
T00219,2026-01-13 00:00:00,Courtney Wagner,Equities,Equity,Wall PLC,Buy,8538,146.96,1254744.48,Booked,False,False,2026-01-13 14:05:00,,2026-01-14 00:00:00
T00220,2026-01-13 00:00:00,Kevin Gutierrez,Equities,Equity,Chang-Peterson,Buy,3142,475.81,1494995.02,Amended,True,False,2026-01-13 14:05:00,2026-01-13 15:09:00,2026-01-14 00:00:00
T00221,2026-01-13 00:00:00,Courtney Wagner,Equities,Equity,Chang-Peterson,Buy,1880,365.14,686463.2,Booked,False,False,2026-01-13 14:27:00,,2026-01-14 00:00:00
T00222,2026-01-13 00:00:00,Joshua Stevenson,Credit,Bond,Sullivan-Baxter,Buy,3086,89.026,274734.24,Booked,False,False,2026-01-13 14:32:00,,2026-01-14 00:00:00
T00223,2026-01-13 00:00:00,Raymond Williams,FX,Option,Larsen Ray and Young,Buy,697,666.48,464536.56,Booked,False,False,2026-01-13 14:38:00,,2026-01-14 00:00:00
T00224,2026-01-13 00:00:00,Kevin Gutierrez,Equities,Option,Miranda and Sons,Buy,1696,1205.51,2044544.96,Booked,False,False,2026-01-13 14:43:00,,2026-01-14 00:00:00
T00225,2026-01-13 00:00:00,Courtney Wagner,Equities,Equity,Anthony-Baker,Buy,11207,81.29,911017.03,Booked,False,False,2026-01-13 15:19:00,,2026-01-14 00:00:00
T00226,2026-01-13 00:00:00,Joshua Wilson,Commodities,Swap,Nguyen Group,Buy,15,373272.48,5599087.2,Booked,False,False,2026-01-13 16:00:00,,2026-01-15 00:00:00
T00227,2026-01-13 00:00:00,Raymond Williams,FX,FX Forward,Crawford-Garrett,Sell,3327778,0.9669,3217628.55,Cancelled,True,True,2026-01-13 16:14:00,2026-01-13 18:47:00,2026-03-12 00:00:00
T00228,2026-01-13 00:00:00,Margaret Arellano,Commodities,Swap,Wall PLC,Buy,3,520780.59,1562341.77,Amended,True,False,2026-01-13 16:58:00,2026-01-15 12:14:00,2026-01-15 00:00:00
T00229,2026-01-13 00:00:00,Tracy Hayes,Rates,Swap,Stanton-Wilkinson,Sell,21,341818.45,7178187.45,Booked,False,False,2026-01-13 19:16:00,,2026-01-15 00:00:00
T00230,2026-01-14 00:00:00,Raymond Williams,FX,FX Forward,Chang-Peterson,Buy,1176455,1.1716,1378334.68,Booked,False,False,2026-01-14 08:02:00,,2026-03-13 00:00:00
T00231,2026-01-14 00:00:00,Eddie Hernandez,Credit,Bond,Wall PLC,Buy,21130,102.858,2173389.54,Amended,True,False,2026-01-14 08:32:00,2026-01-27 17:16:00,2026-01-15 00:00:00
T00232,2026-01-14 00:00:00,Kevin Gutierrez,Equities,Equity,Crawford-Garrett,Sell,1544,284.87,439839.28,Amended,True,False,2026-01-14 09:10:00,2026-01-15 18:30:00,2026-01-15 00:00:00
T00233,2026-01-14 00:00:00,Natalie Castillo,Rates,Bond,Ellis Group,Buy,18779,98.471,1849186.91,Booked,False,False,2026-01-14 09:20:00,,2026-01-15 00:00:00
T00234,2026-01-14 00:00:00,Raymond Williams,FX,FX Forward,Chang-Peterson,Buy,3723246,1.5125,5631409.58,Booked,False,False,2026-01-14 09:33:00,,2026-04-13 00:00:00
T00235,2026-01-14 00:00:00,Kevin Gutierrez,Equities,Option,Powell Clark and Lopez,Sell,617,466.84,288040.28,Booked,False,False,2026-01-14 10:06:00,,2026-01-15 00:00:00
T00236,2026-01-14 00:00:00,Pamela Hahn,FX,FX Forward,Lee PLC,Sell,9170365,1.3626,12495539.35,Booked,False,False,2026-01-14 10:43:00,,2026-04-13 00:00:00
T00237,2026-01-14 00:00:00,Kevin Gutierrez,Equities,Equity,Chang-Peterson,Buy,25044,267.41,6697016.04,Booked,False,False,2026-01-14 11:13:00,,2026-01-15 00:00:00
T00238,2026-01-14 00:00:00,Heather Garrett,Commodities,Swap,Brown-Wiggins,Sell,6,421807.64,2530845.84,Booked,False,False,2026-01-14 11:50:00,,2026-01-16 00:00:00
T00239,2026-01-14 00:00:00,Dylan Lopez,FX,Option,Larsen Ray and Young,Buy,361,373.51,134837.11,Booked,False,False,2026-01-14 12:19:00,,2026-01-13 00:00:00
T00240,2026-01-14 00:00:00,Courtney Wagner,Equities,Equity,Fernandez-Ferguson,Sell,2273,83.68,190204.64,Booked,False,False,2026-01-14 12:27:00,,2026-01-15 00:00:00
T00241,2026-01-14 00:00:00,Edward Taylor,Credit,Swap,Crawford-Garrett,Buy,11,803154.48,8834699.28,Booked,False,False,2026-01-14 12:44:00,,2026-01-16 00:00:00
T00242,2026-01-14 00:00:00,Kevin Gutierrez,Equities,Equity,Lam-Gonzalez,Buy,2723,396.51,1079696.73,Booked,False,False,2026-01-14 13:11:00,,2026-01-15 00:00:00
T00243,2026-01-14 00:00:00,Tracy Hayes,Rates,Swap,Chang-Peterson,Buy,10,776354.7,7763547.0,Booked,False,False,2026-01-14 13:19:00,,2026-01-16 00:00:00
T00244,2026-01-14 00:00:00,Raymond Williams,FX,Option,Dominguez and Sons,Sell,1971,438.61,864500.31,Booked,False,False,2026-01-14 13:33:00,,2026-01-15 00:00:00
T00245,2026-01-14 00:00:00,Dylan Lopez,FX,FX Forward,Mcconnell-Fisher,Sell,1681989,1.441,2423746.15,Booked,False,False,2026-01-14 13:42:00,,2026-03-13 00:00:00
T00246,2026-01-14 00:00:00,Courtney Wagner,Equities,Option,Chang-Peterson,Sell,80,1203.48,96278.4,Booked,False,False,2026-01-14 14:58:00,,2026-01-15 00:00:00
T00247,2026-01-14 00:00:00,Natalie Castillo,Rates,Swap,Foster Jones and Reed,Sell,9,951946.14,8567515.26,Booked,False,False,2026-01-14 14:58:00,,2026-01-16 00:00:00
T00248,2026-01-14 00:00:00,Kevin Gutierrez,Equities,Equity,Anthony-Baker,Sell,3523,181.26,638578.98,Booked,False,False,2026-01-14 15:26:00,,2026-01-15 00:00:00
T00249,2026-01-14 00:00:00,Sarah Silva,Rates,Bond,Anthony-Baker,Buy,19858,97.543,1937008.89,Booked,False,False,2026-01-14 15:32:00,,2026-01-15 00:00:00
T00250,2026-01-14 00:00:00,David Williams,Equities,Equity,Chang-Peterson,Sell,3406,176.12,599864.72,Booked,False,False,2026-01-14 16:30:00,,2026-01-15 00:00:00
T00251,2026-01-14 00:00:00,Joshua Stevenson,Credit,Swap,Chang-Peterson,Sell,6,976224.71,5857348.26,Booked,False,False,2026-01-14 16:53:00,,2026-01-16 00:00:00
T00252,2026-01-14 00:00:00,David Williams,Equities,Equity,Miranda and Sons,Buy,5396,140.2,756519.2,Booked,False,False,2026-01-14 17:17:00,,2026-01-15 00:00:00
T00253,2026-01-15 00:00:00,Pamela Hahn,FX,FX Forward,Wall PLC,Sell,4858346,0.8539,4148541.65,Amended,True,False,2026-01-15 09:00:00,2026-01-15 18:55:00,2026-02-13 00:00:00
T00254,2026-01-15 00:00:00,Sarah Silva,Rates,Bond,Crawford-Garrett,Sell,5892,111.034,654212.33,Amended,True,False,2026-01-15 10:50:00,2026-01-16 14:01:00,2026-01-16 00:00:00
T00255,2026-01-15 00:00:00,Raymond Williams,FX,FX Forward,Crawford-Garrett,Sell,2011584,1.3104,2635979.67,Booked,False,False,2026-01-15 11:22:00,,2026-04-14 00:00:00
T00256,2026-01-15 00:00:00,Sarah Silva,Rates,Bond,Ellis Group,Sell,19520,93.835,1831659.2,Booked,False,False,2026-01-15 11:27:00,,2026-01-16 00:00:00
T00257,2026-01-15 00:00:00,Sarah Silva,Rates,Swap,Mitchell-Rodgers,Buy,10,689169.47,6891694.7,Booked,False,False,2026-01-15 11:55:00,,2026-01-19 00:00:00
T00258,2026-01-15 00:00:00,Sarah Silva,Rates,Bond,Crawford-Garrett,Sell,3564,102.108,363912.91,Booked,False,False,2026-01-15 12:08:00,,2026-01-16 00:00:00
T00259,2026-01-15 00:00:00,Margaret Arellano,Commodities,Option,Nguyen Group,Sell,1091,489.67,534229.97,Booked,False,False,2026-01-15 12:14:00,,2026-01-16 00:00:00
T00260,2026-01-15 00:00:00,Raymond Williams,FX,FX Forward,Larsen Ray and Young,Buy,1667016,1.0454,1742698.53,Booked,False,False,2026-01-15 12:14:00,,2026-03-16 00:00:00
T00261,2026-01-15 00:00:00,Margaret Arellano,Commodities,Option,Allen Morgan and Reed,Sell,913,914.05,834527.65,Booked,False,False,2026-01-15 12:41:00,,2026-01-16 00:00:00
T00262,2026-01-15 00:00:00,Raymond Williams,FX,FX Forward,Chang-Peterson,Sell,1365936,0.9254,1264037.17,Booked,False,False,2026-01-15 12:43:00,,2026-03-16 00:00:00
T00263,2026-01-15 00:00:00,Kevin Gutierrez,Equities,Equity,Anthony-Baker,Buy,6860,332.61,2281704.6,Booked,False,False,2026-01-15 12:51:00,,2026-01-16 00:00:00
T00264,2026-01-15 00:00:00,David Williams,Equities,Equity,Dominguez and Sons,Buy,7512,318.8,2394825.6,Booked,False,False,2026-01-15 12:56:00,,2026-01-16 00:00:00
T00265,2026-01-15 00:00:00,Sarah Silva,Rates,Swap,Bishop LLC,Buy,17,933498.91,15869481.47,Booked,False,False,2026-01-15 13:05:00,,2026-01-19 00:00:00
T00266,2026-01-15 00:00:00,Tracy Hayes,Rates,Swap,Ellis Group,Buy,21,841349.11,17668331.31,Booked,False,False,2026-01-15 13:24:00,,2026-02-16 00:00:00
T00267,2026-01-15 00:00:00,Joshua Stevenson,Credit,Swap,Chang-Peterson,Buy,11,375142.63,4126568.93,Booked,False,False,2026-01-15 13:34:00,,2026-01-19 00:00:00
T00268,2026-01-15 00:00:00,Tracy Hayes,Rates,Swap,Anthony-Baker,Buy,50,695291.24,34764562.0,Booked,False,False,2026-01-15 13:59:00,,2026-01-19 00:00:00
T00269,2026-01-15 00:00:00,Joshua Stevenson,Credit,Swap,Wright and Sons,Sell,3,350758.33,1052274.99,Booked,False,False,2026-01-15 14:01:00,,2026-01-19 00:00:00
T00270,2026-01-15 00:00:00,Dylan Lopez,FX,FX Forward,Bishop LLC,Sell,4217690,1.5922,6715406.02,Booked,False,False,2026-01-15 14:09:00,,2026-03-16 00:00:00
T00271,2026-01-15 00:00:00,Kevin Gutierrez,Equities,Equity,Mclaughlin PLC,Buy,38087,431.11,16419686.57,Booked,False,False,2026-01-15 14:26:00,,2026-01-16 00:00:00
T00272,2026-01-15 00:00:00,Margaret Arellano,Commodities,Swap,Larsen Ray and Young,Buy,18,278637.74,5015479.32,Booked,False,False,2026-01-15 14:31:00,,2026-01-19 00:00:00
T00273,2026-01-15 00:00:00,Tracy Hayes,Rates,Swap,Sullivan-Baxter,Sell,47,988696.24,46468723.28,Amended,True,False,2026-01-15 15:40:00,2026-01-19 14:46:00,2026-01-19 00:00:00
T00274,2026-01-15 00:00:00,Courtney Wagner,Equities,Option,Wall PLC,Sell,1016,820.39,833516.24,Booked,False,False,2026-01-15 15:52:00,,2026-01-16 00:00:00
T00275,2026-01-15 00:00:00,Natalie Castillo,Rates,Swap,Larsen Ray and Young,Sell,2,659808.74,1319617.48,Booked,False,False,2026-01-15 16:10:00,,2026-01-19 00:00:00
T00276,2026-01-15 00:00:00,Raymond Williams,FX,FX Forward,Stanton-Wilkinson,Sell,651578,1.5902,1036139.34,Amended,True,False,2026-01-15 16:38:00,2026-01-15 17:03:00,2026-01-14 00:00:00
T00277,2026-01-15 00:00:00,Joshua Wilson,Commodities,Swap,Bishop LLC,Buy,10,843874.71,8438747.1,Booked,False,False,2026-01-15 17:37:00,,2026-01-19 00:00:00
T00278,2026-01-15 00:00:00,Natalie Castillo,Rates,Bond,Santiago Reyes and Lynch,Sell,19875,101.595,2019200.62,Booked,False,False,2026-01-15 17:54:00,,2026-01-16 00:00:00
T00279,2026-01-16 00:00:00,Sarah Silva,Rates,Swap,Lam-Gonzalez,Buy,21,842507.98,17692667.58,Booked,False,False,2026-01-16 09:07:00,,2026-01-20 00:00:00
T00280,2026-01-16 00:00:00,Sarah Silva,Rates,Swap,Mcconnell-Fisher,Sell,35,503100.44,17608515.4,Booked,False,False,2026-01-16 10:26:00,,2026-01-20 00:00:00
T00281,2026-01-16 00:00:00,Kevin Gutierrez,Equities,Equity,Sullivan-Baxter,Sell,17782,405.32,7207400.24,Booked,False,False,2026-01-16 10:34:00,,2026-01-19 00:00:00
T00282,2026-01-16 00:00:00,Raymond Williams,FX,FX Forward,Fernandez-Ferguson,Sell,1259392,1.2364,1557112.27,Booked,False,False,2026-01-16 11:33:00,,2026-03-17 00:00:00
T00283,2026-01-16 00:00:00,Margaret Arellano,Commodities,Option,Santiago Reyes and Lynch,Buy,545,582.95,317707.75,Booked,False,False,2026-01-16 11:38:00,,2026-01-19 00:00:00
T00284,2026-01-16 00:00:00,Raymond Williams,FX,FX Forward,Anthony-Baker,Buy,524515,1.2892,676204.74,Amended,True,False,2026-01-16 13:07:00,2026-01-16 13:35:00,2026-04-15 00:00:00
T00285,2026-01-16 00:00:00,Courtney Wagner,Equities,Option,Foster Jones and Reed,Buy,381,838.16,319338.96,Booked,False,False,2026-01-16 13:48:00,,2026-01-19 00:00:00
T00286,2026-01-16 00:00:00,Pamela Hahn,FX,FX Forward,Stanton-Wilkinson,Sell,1474133,1.3495,1989342.48,Booked,False,False,2026-01-16 14:14:00,,2026-02-16 00:00:00
T00287,2026-01-16 00:00:00,David Williams,Equities,Equity,Bishop LLC,Buy,2224,420.44,935058.56,Booked,False,False,2026-01-16 14:21:00,,2026-01-19 00:00:00
T00288,2026-01-16 00:00:00,Courtney Wagner,Equities,Equity,Miranda and Sons,Buy,9980,106.3,1060874.0,Booked,False,False,2026-01-16 14:34:00,,2026-01-19 00:00:00
T00289,2026-01-16 00:00:00,Sarah Silva,Rates,Bond,Allen Morgan and Reed,Buy,44770,97.645,4371566.65,Booked,False,False,2026-01-16 14:52:00,,2026-01-19 00:00:00
T00290,2026-01-16 00:00:00,Joshua Stevenson,Credit,Swap,Chang-Peterson,Buy,11,609984.13,6709825.43,Booked,False,False,2026-01-16 15:07:00,,2026-01-20 00:00:00
T00291,2026-01-16 00:00:00,Tracy Hayes,Rates,Swap,Larsen Ray and Young,Buy,14,662812.77,9279378.78,Booked,False,False,2026-01-16 15:34:00,,2026-01-20 00:00:00
T00292,2026-01-16 00:00:00,Sarah Silva,Rates,Bond,Miranda and Sons,Buy,46793,105.163,4920892.26,Booked,False,False,2026-01-16 15:44:00,,2026-01-19 00:00:00
T00293,2026-01-16 00:00:00,Raymond Williams,FX,FX Forward,Bishop LLC,Sell,1213720,0.7925,961873.1,Booked,False,False,2026-01-16 16:49:00,,2026-02-16 00:00:00
T00294,2026-01-19 00:00:00,Natalie Castillo,Rates,Bond,Chang-Peterson,Sell,9905,102.184,1012132.52,Booked,False,False,2026-01-19 08:39:00,,2026-01-20 00:00:00
T00295,2026-01-19 00:00:00,Pamela Hahn,FX,FX Forward,Nguyen Group,Buy,2358868,1.4777,3485699.24,Booked,False,False,2026-01-19 08:57:00,,2026-04-16 00:00:00
T00296,2026-01-19 00:00:00,Sarah Silva,Rates,Bond,Chang-Peterson,Buy,8012,91.528,733322.34,Booked,False,False,2026-01-19 09:18:00,,2026-01-20 00:00:00
T00297,2026-01-19 00:00:00,Tracy Hayes,Rates,Bond,Mitchell-Rodgers,Buy,13536,107.654,1457204.54,Booked,False,False,2026-01-19 09:27:00,,2026-01-20 00:00:00
T00298,2026-01-19 00:00:00,Pamela Hahn,FX,Option,Crawford-Garrett,Sell,1521,481.65,732589.65,Booked,False,False,2026-01-19 10:27:00,,2026-01-20 00:00:00
T00299,2026-01-19 00:00:00,Sarah Silva,Rates,Bond,Stanton-Wilkinson,Sell,30051,96.292,2893670.89,Booked,False,False,2026-01-19 11:23:00,,2026-01-20 00:00:00
T00300,2026-01-19 00:00:00,Sarah Silva,Rates,Swap,Crawford-Garrett,Sell,2,619468.29,1238936.58,Amended,True,False,2026-01-19 11:49:00,2026-01-20 09:18:00,2026-01-21 00:00:00
T00301,2026-01-19 00:00:00,Sarah Silva,Rates,Swap,Mclaughlin PLC,Buy,8,495035.23,3960281.84,Booked,False,False,2026-01-19 12:01:00,,2026-01-21 00:00:00
T00302,2026-01-19 00:00:00,Joshua Wilson,Commodities,Option,Ellis Group,Buy,2374,1081.49,2567457.26,Booked,False,False,2026-01-19 12:02:00,,2026-01-20 00:00:00
T00303,2026-01-19 00:00:00,Edward Taylor,Credit,Bond,Foster Jones and Reed,Sell,24893,107.425,2674130.52,Booked,False,False,2026-01-19 12:13:00,,2026-01-20 00:00:00
T00304,2026-01-19 00:00:00,Eddie Hernandez,Credit,Bond,Fernandez-Ferguson,Sell,25916,101.874,2640166.58,Amended,True,False,2026-01-19 12:18:00,2026-01-19 13:03:00,2026-01-20 00:00:00
T00305,2026-01-19 00:00:00,Joshua Stevenson,Credit,Bond,Dominguez and Sons,Buy,7945,97.429,774073.4,Booked,False,False,2026-01-19 12:20:00,,2026-01-20 00:00:00
T00306,2026-01-19 00:00:00,Raymond Williams,FX,FX Forward,Wall PLC,Buy,2558264,1.5807,4043847.9,Booked,False,False,2026-01-19 12:22:00,,2026-04-16 00:00:00
T00307,2026-01-19 00:00:00,Dylan Lopez,FX,FX Forward,Larsen Ray and Young,Buy,1257523,1.4706,1849313.32,Booked,False,False,2026-01-19 12:31:00,,2026-02-17 00:00:00
T00308,2026-01-19 00:00:00,Raymond Williams,FX,FX Forward,Miranda and Sons,Buy,6107235,1.3689,8360193.99,Booked,False,False,2026-01-19 12:40:00,,2026-02-17 00:00:00
T00309,2026-01-19 00:00:00,Kevin Gutierrez,Equities,Equity,Mcconnell-Fisher,Sell,19606,199.34,3908260.04,Booked,False,False,2026-01-19 12:48:00,,2026-01-20 00:00:00
T00310,2026-01-19 00:00:00,Pamela Hahn,FX,FX Forward,Lam-Gonzalez,Buy,1864005,1.2685,2364490.34,Booked,False,False,2026-01-19 13:16:00,,2026-04-16 00:00:00
T00311,2026-01-19 00:00:00,Kevin Gutierrez,Equities,Equity,Mclaughlin PLC,Buy,6805,127.18,865459.9,Booked,False,False,2026-01-19 13:40:00,,2026-01-20 00:00:00
T00312,2026-01-19 00:00:00,Pamela Hahn,FX,FX Forward,Dominguez and Sons,Sell,2809851,1.2973,3645219.7,Booked,False,False,2026-01-19 13:43:00,,2026-03-18 00:00:00
T00313,2026-01-19 00:00:00,Raymond Williams,FX,FX Forward,Wright and Sons,Sell,5992543,1.5527,9304621.52,Booked,False,False,2026-01-19 13:53:00,,2026-03-18 00:00:00
T00314,2026-01-19 00:00:00,Sarah Silva,Rates,Bond,Anthony-Baker,Sell,74735,100.526,7512810.61,Booked,False,False,2026-01-19 14:04:00,,2026-01-20 00:00:00
T00315,2026-01-19 00:00:00,Natalie Castillo,Rates,Bond,Chang-Peterson,Sell,10723,99.764,1069769.37,Booked,False,False,2026-01-19 14:13:00,,2026-01-20 00:00:00
T00316,2026-01-19 00:00:00,Margaret Arellano,Commodities,Swap,Bishop LLC,Sell,28,477080.46,13358252.88,Booked,False,False,2026-01-19 14:31:00,,2026-01-21 00:00:00
T00317,2026-01-19 00:00:00,Heather Garrett,Commodities,Option,Foster Jones and Reed,Buy,1687,279.96,472292.52,Booked,False,False,2026-01-19 14:51:00,,2026-01-20 00:00:00
T00318,2026-01-19 00:00:00,Sarah Silva,Rates,Swap,Bishop LLC,Buy,10,469120.04,4691200.4,Booked,False,False,2026-01-19 15:26:00,,2026-01-21 00:00:00
T00319,2026-01-19 00:00:00,Tracy Hayes,Rates,Bond,Chang-Peterson,Buy,9900,88.335,874516.5,Booked,False,False,2026-01-19 16:06:00,,2026-01-16 00:00:00
T00320,2026-01-19 00:00:00,Tracy Hayes,Rates,Bond,Chang-Peterson,Buy,42373,90.464,3833231.07,Cancelled,True,True,2026-01-19 16:50:00,2026-01-21 13:50:00,2026-01-20 00:00:00
T00321,2026-01-19 00:00:00,Margaret Arellano,Commodities,Option,Larsen Ray and Young,Buy,1230,760.87,935870.1,Amended,True,False,2026-01-19 17:36:00,2026-01-26 19:39:00,2026-01-20 00:00:00
T00322,2026-01-19 00:00:00,Joshua Stevenson,Credit,Swap,Lam-Gonzalez,Buy,48,361418.05,17348066.4,Booked,False,False,2026-01-19 17:54:00,,2026-01-21 00:00:00
T00323,2026-01-20 00:00:00,Kevin Gutierrez,Equities,Equity,Fernandez-Ferguson,Buy,3270,145.48,475719.6,Booked,False,False,2026-01-20 08:20:00,,2026-01-21 00:00:00
T00324,2026-01-20 00:00:00,Joshua Stevenson,Credit,Bond,Anthony-Baker,Buy,19576,102.174,2000158.22,Booked,False,False,2026-01-20 10:18:00,,2026-01-21 00:00:00
T00325,2026-01-20 00:00:00,Kevin Gutierrez,Equities,Equity,Wright and Sons,Sell,4958,462.29,2292033.82,Booked,False,False,2026-01-20 10:25:00,,2026-01-21 00:00:00
T00326,2026-01-20 00:00:00,Natalie Castillo,Rates,Swap,Foster Jones and Reed,Sell,21,526485.86,11056203.06,Cancelled,True,True,2026-01-20 10:28:00,2026-01-20 11:37:00,2026-01-22 00:00:00
T00327,2026-01-20 00:00:00,Sarah Silva,Rates,Bond,Ellis Group,Sell,21562,103.525,2232206.05,Booked,False,False,2026-01-20 10:47:00,,2026-01-21 00:00:00
T00328,2026-01-20 00:00:00,Pamela Hahn,FX,FX Forward,Larsen Ray and Young,Buy,4413336,1.0411,4594724.11,Amended,True,False,2026-01-20 10:49:00,2026-01-22 17:03:00,2026-04-17 00:00:00
T00329,2026-01-20 00:00:00,Pamela Hahn,FX,FX Forward,Larsen Ray and Young,Buy,986550,1.5608,1539807.24,Booked,False,False,2026-01-20 11:13:00,,2026-02-18 00:00:00
T00330,2026-01-20 00:00:00,Raymond Williams,FX,Option,Lee PLC,Buy,1090,79.29,86426.1,Booked,False,False,2026-01-20 11:25:00,,2026-01-21 00:00:00
T00331,2026-01-20 00:00:00,Raymond Williams,FX,FX Forward,Crawford-Garrett,Sell,2358445,1.1568,2728249.18,Booked,False,False,2026-01-20 11:50:00,,2026-03-19 00:00:00
T00332,2026-01-20 00:00:00,Joshua Wilson,Commodities,Swap,Chang-Peterson,Buy,5,818547.0,4092735.0,Booked,False,False,2026-01-20 13:03:00,,2026-01-22 00:00:00
T00333,2026-01-20 00:00:00,Margaret Arellano,Commodities,Option,Miranda and Sons,Sell,1228,1174.13,1441831.64,Booked,False,False,2026-01-20 13:34:00,,2026-03-12 00:00:00
T00334,2026-01-20 00:00:00,Sarah Silva,Rates,Bond,Chang-Peterson,Buy,19344,99.9,1932465.6,Cancelled,True,True,2026-01-20 13:41:00,2026-01-22 15:33:00,2026-01-21 00:00:00
T00335,2026-01-20 00:00:00,Courtney Wagner,Equities,Equity,Fernandez-Ferguson,Buy,3245,349.24,1133283.8,Booked,False,False,2026-01-20 13:58:00,,2026-01-21 00:00:00
T00336,2026-01-20 00:00:00,Pamela Hahn,FX,FX Forward,Wall PLC,Buy,3631786,0.9028,3278776.4,Amended,True,False,2026-01-20 14:00:00,2026-01-20 18:38:00,2026-04-17 00:00:00
T00337,2026-01-20 00:00:00,Dylan Lopez,FX,Option,Dominguez and Sons,Sell,423,636.27,269142.21,Booked,False,False,2026-01-20 14:57:00,,2026-01-21 00:00:00
T00338,2026-01-20 00:00:00,Raymond Williams,FX,FX Forward,Lee PLC,Buy,996451,0.9009,897702.71,Booked,False,False,2026-01-20 15:00:00,,2026-04-17 00:00:00
T00339,2026-01-20 00:00:00,Margaret Arellano,Commodities,Swap,Stanton-Wilkinson,Sell,11,441937.6,4861313.6,Amended,True,False,2026-01-20 15:00:00,2026-01-21 16:44:00,2026-01-22 00:00:00
T00340,2026-01-20 00:00:00,Sarah Silva,Rates,Swap,Larsen Ray and Young,Buy,7,375563.5,2628944.5,Amended,True,False,2026-01-20 15:01:00,2026-01-20 15:46:00,2026-01-22 00:00:00
T00341,2026-01-20 00:00:00,Raymond Williams,FX,FX Forward,Larsen Ray and Young,Buy,3512862,1.5276,5366247.99,Booked,False,False,2026-01-20 15:27:00,,2026-02-18 00:00:00
T00342,2026-01-20 00:00:00,Tracy Hayes,Rates,Bond,Miranda and Sons,Sell,26899,89.382,2404286.42,Booked,False,False,2026-01-20 15:49:00,,2026-01-21 00:00:00
T00343,2026-01-20 00:00:00,Eddie Hernandez,Credit,Swap,Mitchell-Rodgers,Sell,5,692887.5,3464437.5,Booked,False,False,2026-01-20 16:21:00,,2026-01-22 00:00:00
T00344,2026-01-21 00:00:00,Margaret Arellano,Commodities,Option,Mclaughlin PLC,Buy,1310,925.46,1212352.6,Booked,False,False,2026-01-21 07:33:00,,2026-01-21 00:00:00
T00345,2026-01-21 00:00:00,Margaret Arellano,Commodities,Swap,Wright and Sons,Buy,8,890715.38,7125723.04,Booked,False,False,2026-01-21 08:07:00,,2026-01-23 00:00:00
T00346,2026-01-21 00:00:00,Edward Taylor,Credit,Bond,Anthony-Baker,Buy,33706,109.191,3680391.85,Booked,False,False,2026-01-21 09:36:00,,2026-01-20 00:00:00
T00347,2026-01-21 00:00:00,Natalie Castillo,Rates,Bond,Nguyen Group,Sell,21006,98.926,2078039.56,Booked,False,False,2026-01-21 10:31:00,,2026-01-22 00:00:00
T00348,2026-01-21 00:00:00,Kevin Gutierrez,Equities,Equity,Chang-Peterson,Buy,5863,109.11,639711.93,Booked,False,False,2026-01-21 11:20:00,,2026-01-22 00:00:00
T00349,2026-01-21 00:00:00,Joshua Stevenson,Credit,Bond,Fernandez-Ferguson,Buy,58831,106.619,6272502.39,Booked,False,False,2026-01-21 11:28:00,,2026-01-22 00:00:00
T00350,2026-01-21 00:00:00,Joshua Stevenson,Credit,Swap,Chang-Peterson,Sell,20,656107.12,13122142.4,Booked,False,False,2026-01-21 11:29:00,,2026-01-23 00:00:00
T00351,2026-01-21 00:00:00,Raymond Williams,FX,FX Forward,Chang-Peterson,Buy,2434658,1.5819,3851385.49,Booked,False,False,2026-01-21 11:30:00,,2026-03-20 00:00:00
T00352,2026-01-21 00:00:00,Dylan Lopez,FX,FX Forward,Chang-Peterson,Sell,1603030,1.4383,2305638.05,Cancelled,True,True,2026-01-21 11:41:00,2026-01-22 15:59:00,2026-04-20 00:00:00
T00353,2026-01-21 00:00:00,Pamela Hahn,FX,FX Forward,Wall PLC,Buy,1579485,1.0657,1683257.16,Booked,False,False,2026-01-21 11:42:00,,2026-04-20 00:00:00
T00354,2026-01-21 00:00:00,Natalie Castillo,Rates,Swap,Bishop LLC,Sell,11,515991.44,5675905.84,Booked,False,False,2026-01-21 11:43:00,,2026-01-23 00:00:00
T00355,2026-01-21 00:00:00,Dylan Lopez,FX,FX Forward,Nguyen Group,Buy,8991266,1.2854,11557373.32,Booked,False,False,2026-01-21 11:49:00,,2026-02-19 00:00:00
T00356,2026-01-21 00:00:00,Tracy Hayes,Rates,Bond,Stanton-Wilkinson,Sell,39487,90.22,3562517.14,Booked,False,False,2026-01-21 12:13:00,,2026-01-22 00:00:00
T00357,2026-01-21 00:00:00,Courtney Wagner,Equities,Equity,Lam-Gonzalez,Sell,3529,144.94,511493.26,Booked,False,False,2026-01-21 12:50:00,,2026-01-22 00:00:00
T00358,2026-01-21 00:00:00,Sarah Silva,Rates,Swap,Chang-Peterson,Buy,52,588666.98,30610682.96,Amended,True,False,2026-01-21 12:50:00,2026-01-21 16:26:00,2026-01-23 00:00:00
T00359,2026-01-21 00:00:00,Joshua Stevenson,Credit,Bond,Chang-Peterson,Sell,16548,96.447,1596004.96,Booked,False,False,2026-01-21 13:31:00,,2026-01-22 00:00:00
T00360,2026-01-21 00:00:00,David Williams,Equities,Equity,Chang-Peterson,Sell,5576,346.87,1934147.12,Booked,False,False,2026-01-21 13:39:00,,2026-01-22 00:00:00
T00361,2026-01-21 00:00:00,Pamela Hahn,FX,FX Forward,Dominguez and Sons,Sell,3012790,1.5024,4526415.7,Booked,False,False,2026-01-21 14:06:00,,2026-03-20 00:00:00
T00362,2026-01-21 00:00:00,Tracy Hayes,Rates,Bond,Crawford-Garrett,Sell,18688,91.312,1706438.66,Booked,False,False,2026-01-21 14:22:00,,2026-01-22 00:00:00
T00363,2026-01-21 00:00:00,Natalie Castillo,Rates,Bond,Mclaughlin PLC,Buy,39203,108.368,4248350.7,Booked,False,False,2026-01-21 14:27:00,,2026-01-22 00:00:00
T00364,2026-01-21 00:00:00,Tracy Hayes,Rates,Bond,Bishop LLC,Sell,16429,97.229,1597375.24,Booked,False,False,2026-01-21 14:50:00,,2026-01-22 00:00:00
T00365,2026-01-21 00:00:00,Kevin Gutierrez,Equities,Option,Dominguez and Sons,Buy,204,646.04,131792.16,Booked,False,False,2026-01-21 14:58:00,,2026-01-22 00:00:00
T00366,2026-01-21 00:00:00,Tracy Hayes,Rates,Swap,Crawford-Garrett,Sell,4,601169.74,2404678.96,Booked,False,False,2026-01-21 15:44:00,,2026-01-23 00:00:00
T00367,2026-01-21 00:00:00,Sarah Silva,Rates,Bond,Anthony-Baker,Sell,12253,111.212,1362680.64,Booked,False,False,2026-01-21 16:12:00,,2026-01-22 00:00:00
T00368,2026-01-21 00:00:00,Courtney Wagner,Equities,Equity,Larsen Ray and Young,Sell,8798,247.13,2174249.74,Booked,False,False,2026-01-21 16:17:00,,2026-01-22 00:00:00
T00369,2026-01-22 00:00:00,Natalie Castillo,Rates,Swap,Larsen Ray and Young,Sell,8,343565.27,2748522.16,Booked,False,False,2026-01-22 08:54:00,,2026-01-26 00:00:00
T00370,2026-01-22 00:00:00,Joshua Stevenson,Credit,Swap,Lee PLC,Buy,34,963112.58,32745827.72,Booked,False,False,2026-01-22 09:52:00,,2026-01-26 00:00:00
T00371,2026-01-22 00:00:00,Dylan Lopez,FX,FX Forward,Nguyen Group,Sell,2097716,1.4582,3058889.47,Booked,False,False,2026-01-22 10:03:00,,2026-03-23 00:00:00
T00372,2026-01-22 00:00:00,Raymond Williams,FX,FX Forward,Foster Jones and Reed,Buy,6315541,0.9605,6066077.13,Booked,False,False,2026-01-22 10:16:00,,2026-04-21 00:00:00
T00373,2026-01-22 00:00:00,Kevin Gutierrez,Equities,Equity,Wall PLC,Buy,10467,303.39,3175583.13,Booked,False,False,2026-01-22 10:57:00,,2026-01-23 00:00:00
T00374,2026-01-22 00:00:00,Tracy Hayes,Rates,Bond,Larsen Ray and Young,Buy,110269,104.948,11572511.01,Booked,False,False,2026-01-22 11:27:00,,2026-01-23 00:00:00
T00375,2026-01-22 00:00:00,Natalie Castillo,Rates,Swap,Anthony-Baker,Sell,37,762129.68,28198798.16,Amended,True,False,2026-01-22 11:28:00,2026-02-02 14:09:00,2026-01-26 00:00:00
T00376,2026-01-22 00:00:00,Tracy Hayes,Rates,Bond,Larsen Ray and Young,Sell,20101,103.325,2076935.82,Booked,False,False,2026-01-22 12:07:00,,2026-01-23 00:00:00
T00377,2026-01-22 00:00:00,Tracy Hayes,Rates,Bond,Foster Jones and Reed,Buy,58707,88.527,5197154.59,Booked,False,False,2026-01-22 12:09:00,,2026-01-23 00:00:00
T00378,2026-01-22 00:00:00,Pamela Hahn,FX,FX Forward,Larsen Ray and Young,Sell,6178053,1.3369,8259439.06,Cancelled,True,True,2026-01-22 12:24:00,2026-01-22 14:30:00,2026-03-23 00:00:00
T00379,2026-01-22 00:00:00,Natalie Castillo,Rates,Swap,Wright and Sons,Buy,37,506985.1,18758448.7,Cancelled,True,True,2026-01-22 12:30:00,2026-01-23 16:58:00,2026-01-26 00:00:00
T00380,2026-01-22 00:00:00,Natalie Castillo,Rates,Bond,Sullivan-Baxter,Sell,15009,94.285,1415123.56,Booked,False,False,2026-01-22 12:54:00,,2026-01-23 00:00:00
T00381,2026-01-22 00:00:00,Eddie Hernandez,Credit,Bond,Ellis Group,Sell,9159,101.67,931195.53,Booked,False,False,2026-01-22 12:57:00,,2026-01-23 00:00:00
T00382,2026-01-22 00:00:00,Heather Garrett,Commodities,Swap,Larsen Ray and Young,Sell,9,262652.81,2363875.29,Booked,False,False,2026-01-22 13:00:00,,2026-01-26 00:00:00
T00383,2026-01-22 00:00:00,Tracy Hayes,Rates,Swap,Chang-Peterson,Buy,8,566894.22,4535153.76,Booked,False,False,2026-01-22 13:11:00,,2026-01-26 00:00:00
T00384,2026-01-22 00:00:00,Heather Garrett,Commodities,Option,Stanton-Wilkinson,Sell,1273,970.23,1235102.79,Amended,True,False,2026-01-22 13:26:00,2026-01-22 15:04:00,2026-01-23 00:00:00
T00385,2026-01-22 00:00:00,Pamela Hahn,FX,FX Forward,Chang-Peterson,Buy,1665662,1.2077,2011620.0,Booked,False,False,2026-01-22 13:32:00,,2026-04-21 00:00:00
T00386,2026-01-22 00:00:00,Tracy Hayes,Rates,Swap,Wall PLC,Buy,6,973374.32,5840245.92,Booked,False,False,2026-01-22 13:54:00,,2026-01-26 00:00:00
T00387,2026-01-22 00:00:00,Kevin Gutierrez,Equities,Equity,Ellis Group,Buy,14224,247.99,3527409.76,Booked,False,False,2026-01-22 14:09:00,,2026-01-23 00:00:00
T00388,2026-01-22 00:00:00,Tracy Hayes,Rates,Swap,Anthony-Baker,Sell,10,353426.96,3534269.6,Booked,False,False,2026-01-22 14:59:00,,2026-01-26 00:00:00
T00389,2026-01-22 00:00:00,Tracy Hayes,Rates,Bond,Lam-Gonzalez,Sell,4595,95.533,438974.14,Booked,False,False,2026-01-22 15:33:00,,2026-01-23 00:00:00
T00390,2026-01-22 00:00:00,Natalie Castillo,Rates,Swap,Chang-Peterson,Sell,27,589342.75,15912254.25,Booked,False,False,2026-01-22 16:05:00,,2026-01-26 00:00:00
T00391,2026-01-22 00:00:00,Dylan Lopez,FX,FX Forward,Chang-Peterson,Buy,2189570,1.2365,2707403.3,Amended,True,False,2026-01-22 16:10:00,2026-01-26 15:37:00,2026-03-23 00:00:00
T00392,2026-01-22 00:00:00,Tracy Hayes,Rates,Bond,Ellis Group,Sell,15263,91.633,1398594.48,Cancelled,True,True,2026-01-22 16:18:00,2026-01-26 11:14:00,2026-01-23 00:00:00
T00393,2026-01-22 00:00:00,Dylan Lopez,FX,FX Forward,Larsen Ray and Young,Sell,1730329,1.3144,2274344.44,Cancelled,True,True,2026-01-22 16:19:00,2026-01-23 07:53:00,2026-04-21 00:00:00
T00394,2026-01-22 00:00:00,Pamela Hahn,FX,FX Forward,Anthony-Baker,Buy,6239522,1.3839,8634874.5,Cancelled,True,True,2026-01-22 17:22:00,2026-01-23 15:58:00,2026-01-22 00:00:00
T00395,2026-01-22 00:00:00,Tracy Hayes,Rates,Swap,Morales-Woodard,Sell,9,657271.93,5915447.37,Booked,False,False,2026-01-22 17:44:00,,2026-01-26 00:00:00
T00396,2026-01-22 00:00:00,Margaret Arellano,Commodities,Option,Chang-Peterson,Buy,1216,440.29,535392.64,Booked,False,False,2026-01-22 18:35:00,,2026-01-23 00:00:00
T00397,2026-01-23 00:00:00,Margaret Arellano,Commodities,Option,Wright and Sons,Sell,424,670.29,284202.96,Booked,False,False,2026-01-23 08:09:00,,2026-01-26 00:00:00
T00398,2026-01-23 00:00:00,Sarah Silva,Rates,Bond,Brown-Wiggins,Sell,17619,109.418,1927835.74,Booked,False,False,2026-01-23 10:22:00,,2026-01-26 00:00:00
T00399,2026-01-23 00:00:00,Tracy Hayes,Rates,Swap,Anthony-Baker,Buy,10,285610.59,2856105.9,Booked,False,False,2026-01-23 10:23:00,,2026-01-27 00:00:00
T00400,2026-01-23 00:00:00,Sarah Silva,Rates,Swap,Bishop LLC,Buy,16,525986.75,8415788.0,Amended,True,False,2026-01-23 11:17:00,2026-01-23 16:15:00,2026-01-27 00:00:00
T00401,2026-01-23 00:00:00,Tracy Hayes,Rates,Bond,Allen Morgan and Reed,Buy,13962,100.771,1406964.7,Booked,False,False,2026-01-23 11:43:00,,2026-01-26 00:00:00
T00402,2026-01-23 00:00:00,Pamela Hahn,FX,Option,Mclaughlin PLC,Buy,890,484.97,431623.3,Booked,False,False,2026-01-23 12:04:00,,2026-01-26 00:00:00
T00403,2026-01-23 00:00:00,Courtney Wagner,Equities,Equity,Nguyen Group,Sell,1135,425.98,483487.3,Booked,False,False,2026-01-23 12:32:00,,2026-01-26 00:00:00
T00404,2026-01-23 00:00:00,Raymond Williams,FX,FX Forward,Mitchell-Rodgers,Sell,2075416,0.9106,1889873.81,Booked,False,False,2026-01-23 13:03:00,,2026-02-23 00:00:00
T00405,2026-01-23 00:00:00,Pamela Hahn,FX,FX Forward,Lee PLC,Sell,1224172,0.8492,1039566.86,Booked,False,False,2026-01-23 13:06:00,,2026-04-22 00:00:00
T00406,2026-01-23 00:00:00,Dylan Lopez,FX,FX Forward,Chang-Peterson,Buy,1530211,0.8599,1315828.44,Booked,False,False,2026-01-23 13:17:00,,2026-03-24 00:00:00
T00407,2026-01-23 00:00:00,Sarah Silva,Rates,Bond,Bishop LLC,Buy,138275,109.256,15107373.4,Booked,False,False,2026-01-23 13:25:00,,2026-01-26 00:00:00
T00408,2026-01-23 00:00:00,Sarah Silva,Rates,Swap,Wall PLC,Sell,7,803473.07,5624311.49,Booked,False,False,2026-01-23 13:38:00,,2026-01-27 00:00:00
T00409,2026-01-23 00:00:00,Pamela Hahn,FX,FX Forward,Allen Morgan and Reed,Buy,6861015,0.8022,5503906.23,Cancelled,True,True,2026-01-23 14:11:00,2026-01-26 13:09:00,2026-04-22 00:00:00
T00410,2026-01-23 00:00:00,Pamela Hahn,FX,FX Forward,Powell Clark and Lopez,Buy,1075527,1.4225,1529937.16,Booked,False,False,2026-01-23 14:31:00,,2026-03-24 00:00:00
T00411,2026-01-23 00:00:00,Pamela Hahn,FX,FX Forward,Fernandez-Ferguson,Sell,4677554,1.0549,4934351.71,Booked,False,False,2026-01-23 14:47:00,,2026-02-23 00:00:00
T00412,2026-01-23 00:00:00,Sarah Silva,Rates,Swap,Dominguez and Sons,Sell,13,392488.79,5102354.27,Booked,False,False,2026-01-23 14:47:00,,2026-01-27 00:00:00
T00413,2026-01-23 00:00:00,Kevin Gutierrez,Equities,Equity,Chang-Peterson,Buy,6309,109.53,691024.77,Booked,False,False,2026-01-23 15:37:00,,2026-01-26 00:00:00
T00414,2026-01-23 00:00:00,Kevin Gutierrez,Equities,Equity,Anthony-Baker,Sell,5757,237.45,1366999.65,Amended,True,False,2026-01-23 15:50:00,2026-01-23 18:11:00,2026-01-26 00:00:00
T00415,2026-01-23 00:00:00,Eddie Hernandez,Credit,Bond,Lee PLC,Sell,59058,90.172,5325377.98,Amended,True,False,2026-01-23 15:58:00,2026-01-23 16:43:00,2026-01-26 00:00:00
T00416,2026-01-23 00:00:00,Kevin Gutierrez,Equities,Option,Nguyen Group,Buy,1113,822.07,914963.91,Booked,False,False,2026-01-23 17:28:00,,2026-01-26 00:00:00
T00417,2026-01-26 00:00:00,Kevin Gutierrez,Equities,Equity,Allen Morgan and Reed,Buy,1756,160.61,282031.16,Booked,False,False,2026-01-26 08:57:00,,2026-01-27 00:00:00
T00418,2026-01-26 00:00:00,Tracy Hayes,Rates,Swap,Larsen Ray and Young,Sell,7,768057.22,5376400.54,Amended,True,False,2026-01-26 09:09:00,2026-02-12 14:40:00,2026-01-28 00:00:00
T00419,2026-01-26 00:00:00,Eddie Hernandez,Credit,Swap,Chang-Peterson,Sell,8,842740.17,6741921.36,Booked,False,False,2026-01-26 09:22:00,,2026-01-28 00:00:00
T00420,2026-01-26 00:00:00,Dylan Lopez,FX,Option,Mitchell-Rodgers,Buy,639,1093.13,698510.07,Booked,False,False,2026-01-26 10:20:00,,2026-01-27 00:00:00
T00421,2026-01-26 00:00:00,Tracy Hayes,Rates,Swap,Lam-Gonzalez,Sell,76,384360.76,29211417.76,Amended,True,False,2026-01-26 11:58:00,2026-01-27 17:26:00,2026-01-28 00:00:00
T00422,2026-01-26 00:00:00,Courtney Wagner,Equities,Equity,Anthony-Baker,Buy,16607,285.43,4740136.01,Amended,True,False,2026-01-26 12:21:00,2026-01-30 15:36:00,2026-01-27 00:00:00
T00423,2026-01-26 00:00:00,Margaret Arellano,Commodities,Option,Lee PLC,Buy,942,994.76,937063.92,Booked,False,False,2026-01-26 12:35:00,,2026-01-27 00:00:00
T00424,2026-01-26 00:00:00,Courtney Wagner,Equities,Option,Lee PLC,Buy,2257,1094.84,2471053.88,Booked,False,False,2026-01-26 12:44:00,,2026-01-27 00:00:00
T00425,2026-01-26 00:00:00,Raymond Williams,FX,FX Forward,Powell Clark and Lopez,Buy,1667854,1.33,2218245.82,Booked,False,False,2026-01-26 13:21:00,,2026-03-25 00:00:00
T00426,2026-01-26 00:00:00,Tracy Hayes,Rates,Bond,Brown-Wiggins,Buy,55600,96.38,5358728.0,Booked,False,False,2026-01-26 13:59:00,,2026-01-27 00:00:00
T00427,2026-01-26 00:00:00,Tracy Hayes,Rates,Bond,Nguyen Group,Sell,5177,98.576,510327.95,Booked,False,False,2026-01-26 13:59:00,,2026-01-27 00:00:00
T00428,2026-01-26 00:00:00,Pamela Hahn,FX,FX Forward,Chang-Peterson,Sell,2548848,1.0986,2800164.41,Booked,False,False,2026-01-26 14:08:00,,2026-02-24 00:00:00
T00429,2026-01-26 00:00:00,Raymond Williams,FX,FX Forward,Larsen Ray and Young,Buy,851189,1.5261,1298999.53,Amended,True,False,2026-01-26 14:18:00,2026-01-27 23:00:00,2026-04-23 00:00:00
T00430,2026-01-26 00:00:00,Sarah Silva,Rates,Swap,Dominguez and Sons,Buy,28,639864.38,17916202.64,Booked,False,False,2026-01-26 14:47:00,,2026-01-28 00:00:00
T00431,2026-01-26 00:00:00,Dylan Lopez,FX,FX Forward,Crawford-Garrett,Sell,1270067,0.9322,1183956.46,Booked,False,False,2026-01-26 14:58:00,,2026-03-25 00:00:00
T00432,2026-01-26 00:00:00,Raymond Williams,FX,FX Forward,Anthony-Baker,Sell,5224081,1.5567,8132326.89,Booked,False,False,2026-01-26 15:12:00,,2026-03-25 00:00:00
T00433,2026-01-26 00:00:00,Pamela Hahn,FX,FX Forward,Chang-Peterson,Sell,4179849,1.3029,5445925.26,Booked,False,False,2026-01-26 15:13:00,,2026-03-25 00:00:00
T00434,2026-01-26 00:00:00,Raymond Williams,FX,Option,Crawford-Garrett,Sell,1398,180.33,252101.34,Booked,False,False,2026-01-26 15:28:00,,2026-01-27 00:00:00
T00435,2026-01-26 00:00:00,Courtney Wagner,Equities,Option,Stanton-Wilkinson,Sell,3024,939.85,2842106.4,Booked,False,False,2026-01-26 16:29:00,,2026-01-27 00:00:00
T00436,2026-01-26 00:00:00,Raymond Williams,FX,FX Forward,Mclaughlin PLC,Sell,1330989,0.8855,1178590.76,Amended,True,False,2026-01-26 16:51:00,2026-01-27 13:30:00,2026-02-24 00:00:00
T00437,2026-01-26 00:00:00,Raymond Williams,FX,FX Forward,Brown-Wiggins,Sell,1367794,1.6141,2207756.3,Booked,False,False,2026-01-26 18:09:00,,2026-02-24 00:00:00
T00438,2026-01-27 00:00:00,Eddie Hernandez,Credit,Bond,Chang-Peterson,Sell,33925,97.459,3306296.58,Cancelled,True,True,2026-01-27 07:17:00,2026-01-27 18:28:00,2026-01-28 00:00:00
T00439,2026-01-27 00:00:00,Tracy Hayes,Rates,Bond,Mclaughlin PLC,Sell,15758,93.909,1479818.02,Booked,False,False,2026-01-27 09:33:00,,2026-01-28 00:00:00
T00440,2026-01-27 00:00:00,Sarah Silva,Rates,Bond,Stanton-Wilkinson,Buy,12130,89.416,1084616.08,Cancelled,True,True,2026-01-27 09:45:00,2026-02-12 18:12:00,2026-01-28 00:00:00
T00441,2026-01-27 00:00:00,Eddie Hernandez,Credit,Swap,Mcconnell-Fisher,Sell,21,652031.05,13692652.05,Booked,False,False,2026-01-27 09:56:00,,2026-01-29 00:00:00
T00442,2026-01-27 00:00:00,Sarah Silva,Rates,Bond,Allen Morgan and Reed,Sell,10899,89.225,972463.27,Booked,False,False,2026-01-27 10:08:00,,2026-01-28 00:00:00
T00443,2026-01-27 00:00:00,Tracy Hayes,Rates,Bond,Chang-Peterson,Buy,34515,99.75,3442871.25,Booked,False,False,2026-01-27 10:44:00,,2026-01-28 00:00:00
T00444,2026-01-27 00:00:00,Courtney Wagner,Equities,Equity,Chang-Peterson,Sell,16659,403.21,6717075.39,Booked,False,False,2026-01-27 10:55:00,,2026-01-28 00:00:00
T00445,2026-01-27 00:00:00,Edward Taylor,Credit,Bond,Nguyen Group,Sell,17428,92.071,1604613.39,Booked,False,False,2026-01-27 11:01:00,,2026-01-28 00:00:00
T00446,2026-01-27 00:00:00,Tracy Hayes,Rates,Swap,Mitchell-Rodgers,Sell,7,583638.99,4085472.93,Cancelled,True,True,2026-01-27 11:07:00,2026-01-27 12:04:00,2026-01-29 00:00:00
T00447,2026-01-27 00:00:00,Tracy Hayes,Rates,Swap,Powell Clark and Lopez,Sell,10,923523.93,9235239.3,Booked,False,False,2026-01-27 11:42:00,,2026-01-29 00:00:00
T00448,2026-01-27 00:00:00,Sarah Silva,Rates,Swap,Stanton-Wilkinson,Buy,3,617480.2,1852440.6,Booked,False,False,2026-01-27 11:47:00,,2026-01-29 00:00:00
T00449,2026-01-27 00:00:00,Edward Taylor,Credit,Bond,Mcconnell-Fisher,Sell,18790,107.613,2022048.27,Booked,False,False,2026-01-27 12:09:00,,2026-01-28 00:00:00
T00450,2026-01-27 00:00:00,Courtney Wagner,Equities,Equity,Larsen Ray and Young,Buy,1752,120.94,211886.88,Booked,False,False,2026-01-27 12:13:00,,2026-01-28 00:00:00
T00451,2026-01-27 00:00:00,Kevin Gutierrez,Equities,Equity,Ellis Group,Sell,8771,330.43,2898201.53,Amended,True,False,2026-01-27 12:44:00,2026-01-27 13:29:00,2026-01-28 00:00:00
T00452,2026-01-27 00:00:00,Joshua Stevenson,Credit,Swap,Crawford-Garrett,Sell,16,832640.15,13322242.4,Booked,False,False,2026-01-27 12:53:00,,2026-01-29 00:00:00
T00453,2026-01-27 00:00:00,Heather Garrett,Commodities,Swap,Morales-Woodard,Sell,2,531715.1,1063430.2,Booked,False,False,2026-01-27 13:08:00,,2026-01-29 00:00:00
T00454,2026-01-27 00:00:00,Sarah Silva,Rates,Swap,Wall PLC,Buy,11,452415.08,4976565.88,Booked,False,False,2026-01-27 13:14:00,,2026-01-29 00:00:00
T00455,2026-01-27 00:00:00,Courtney Wagner,Equities,Option,Chang-Peterson,Buy,1395,664.04,926335.8,Booked,False,False,2026-01-27 13:22:00,,2026-01-28 00:00:00
T00456,2026-01-27 00:00:00,Edward Taylor,Credit,Swap,Wright and Sons,Sell,25,717938.79,17948469.75,Booked,False,False,2026-01-27 13:23:00,,2026-01-29 00:00:00
T00457,2026-01-27 00:00:00,Tracy Hayes,Rates,Bond,Wright and Sons,Buy,36951,104.88,3875420.88,Booked,False,False,2026-01-27 13:35:00,,2026-01-28 00:00:00
T00458,2026-01-27 00:00:00,Sarah Silva,Rates,Bond,Brown-Wiggins,Sell,47924,111.342,5335954.01,Booked,False,False,2026-01-27 13:54:00,,2026-01-28 00:00:00
T00459,2026-01-27 00:00:00,Heather Garrett,Commodities,Swap,Chang-Peterson,Buy,13,672675.23,8744777.99,Cancelled,True,True,2026-01-27 14:01:00,2026-01-27 14:32:00,2026-01-29 00:00:00
T00460,2026-01-27 00:00:00,Sarah Silva,Rates,Swap,Larsen Ray and Young,Buy,120,693854.37,83262524.4,Booked,False,False,2026-01-27 15:38:00,,2026-01-29 00:00:00
T00461,2026-01-27 00:00:00,Courtney Wagner,Equities,Equity,Foster Jones and Reed,Buy,1578,40.13,63325.14,Booked,False,False,2026-01-27 15:46:00,,2026-01-28 00:00:00
T00462,2026-01-27 00:00:00,Courtney Wagner,Equities,Equity,Crawford-Garrett,Buy,1370,281.78,386038.6,Booked,False,False,2026-01-27 15:58:00,,2026-01-28 00:00:00
T00463,2026-01-27 00:00:00,Eddie Hernandez,Credit,Bond,Wright and Sons,Buy,18045,92.905,1676470.72,Booked,False,False,2026-01-27 16:01:00,,2026-01-28 00:00:00
T00464,2026-01-27 00:00:00,Natalie Castillo,Rates,Bond,Larsen Ray and Young,Buy,59693,109.953,6563424.43,Booked,False,False,2026-01-27 16:15:00,,2026-01-28 00:00:00
T00465,2026-01-27 00:00:00,Joshua Wilson,Commodities,Option,Stanton-Wilkinson,Buy,679,1103.18,749059.22,Booked,False,False,2026-01-27 17:26:00,,2026-01-28 00:00:00
T00466,2026-01-28 00:00:00,David Williams,Equities,Option,Wright and Sons,Buy,3271,575.15,1881315.65,Booked,False,False,2026-01-28 07:00:00,,2026-01-29 00:00:00
T00467,2026-01-28 00:00:00,Sarah Silva,Rates,Swap,Foster Jones and Reed,Sell,13,832665.15,10824646.95,Booked,False,False,2026-01-28 08:10:00,,2026-01-30 00:00:00
T00468,2026-01-28 00:00:00,Tracy Hayes,Rates,Bond,Wall PLC,Buy,20174,105.014,2118552.44,Booked,False,False,2026-01-28 08:27:00,,2026-01-29 00:00:00
T00469,2026-01-28 00:00:00,Sarah Silva,Rates,Bond,Miranda and Sons,Buy,41385,97.858,4049853.33,Booked,False,False,2026-01-28 10:24:00,,2026-01-29 00:00:00
T00470,2026-01-28 00:00:00,Tracy Hayes,Rates,Bond,Wall PLC,Buy,12590,109.213,1374991.67,Booked,False,False,2026-01-28 10:48:00,,2026-01-29 00:00:00
T00471,2026-01-28 00:00:00,Joshua Stevenson,Credit,Bond,Dominguez and Sons,Sell,118708,111.16,13195581.28,Booked,False,False,2026-01-28 11:04:00,,2026-01-29 00:00:00
T00472,2026-01-28 00:00:00,David Williams,Equities,Equity,Larsen Ray and Young,Buy,21697,385.94,8373740.18,Booked,False,False,2026-01-28 11:13:00,,2026-01-29 00:00:00
T00473,2026-01-28 00:00:00,Pamela Hahn,FX,FX Forward,Mitchell-Rodgers,Sell,2321884,1.1363,2638356.79,Booked,False,False,2026-01-28 11:58:00,,2026-03-27 00:00:00
T00474,2026-01-28 00:00:00,Courtney Wagner,Equities,Equity,Larsen Ray and Young,Buy,2385,443.08,1056745.8,Booked,False,False,2026-01-28 12:15:00,,2026-01-29 00:00:00
T00475,2026-01-28 00:00:00,Courtney Wagner,Equities,Equity,Mclaughlin PLC,Buy,2374,341.29,810222.46,Booked,False,False,2026-01-28 12:53:00,,2026-01-29 00:00:00
T00476,2026-01-28 00:00:00,Dylan Lopez,FX,FX Forward,Wall PLC,Sell,2981018,1.3768,4104265.58,Amended,True,False,2026-01-28 14:35:00,2026-01-30 19:03:00,2026-02-26 00:00:00
T00477,2026-01-28 00:00:00,Raymond Williams,FX,FX Forward,Mcconnell-Fisher,Sell,1177695,1.277,1503916.52,Booked,False,False,2026-01-28 14:44:00,,2026-03-27 00:00:00
T00478,2026-01-28 00:00:00,David Williams,Equities,Equity,Mitchell-Rodgers,Sell,4800,13.83,66384.0,Amended,True,False,2026-01-28 14:59:00,2026-01-28 15:44:00,2026-01-29 00:00:00
T00479,2026-01-28 00:00:00,Pamela Hahn,FX,FX Forward,Morales-Woodard,Sell,936111,1.3224,1237913.19,Booked,False,False,2026-01-28 15:02:00,,2026-04-27 00:00:00
T00480,2026-01-28 00:00:00,Joshua Stevenson,Credit,Bond,Crawford-Garrett,Sell,50113,89.694,4494835.42,Booked,False,False,2026-01-28 15:15:00,,2026-01-29 00:00:00
T00481,2026-01-28 00:00:00,Kevin Gutierrez,Equities,Equity,Larsen Ray and Young,Buy,7178,35.79,256900.62,Booked,False,False,2026-01-28 15:33:00,,2026-01-29 00:00:00
T00482,2026-01-28 00:00:00,Pamela Hahn,FX,FX Forward,Mcconnell-Fisher,Sell,4745475,1.1517,5465363.56,Booked,False,False,2026-01-28 15:51:00,,2026-02-26 00:00:00
T00483,2026-01-28 00:00:00,Courtney Wagner,Equities,Option,Ellis Group,Sell,1114,522.63,582209.82,Cancelled,True,True,2026-01-28 15:55:00,2026-02-12 12:29:00,2026-01-29 00:00:00
T00484,2026-01-28 00:00:00,Raymond Williams,FX,FX Forward,Stanton-Wilkinson,Sell,4071719,0.9273,3775705.03,Amended,True,False,2026-01-28 16:52:00,2026-01-28 19:36:00,2026-03-27 00:00:00
T00485,2026-01-28 00:00:00,Sarah Silva,Rates,Swap,Fernandez-Ferguson,Buy,37,385635.77,14268523.49,Booked,False,False,2026-01-28 17:12:00,,2026-01-30 00:00:00
T00486,2026-01-29 00:00:00,Sarah Silva,Rates,Bond,Chang-Peterson,Buy,29678,107.206,3181659.67,Amended,True,False,2026-01-29 09:23:00,2026-01-29 10:08:00,2026-01-30 00:00:00
T00487,2026-01-29 00:00:00,Tracy Hayes,Rates,Bond,Mclaughlin PLC,Sell,21306,92.279,1966096.37,Booked,False,False,2026-01-29 09:48:00,,2026-01-30 00:00:00
T00488,2026-01-29 00:00:00,Raymond Williams,FX,Option,Chang-Peterson,Sell,573,79.58,45599.34,Booked,False,False,2026-01-29 10:15:00,,2026-01-30 00:00:00
T00489,2026-01-29 00:00:00,Sarah Silva,Rates,Bond,Foster Jones and Reed,Sell,23333,92.983,2169572.34,Booked,False,False,2026-01-29 10:42:00,,2026-01-30 00:00:00
T00490,2026-01-29 00:00:00,Raymond Williams,FX,FX Forward,Foster Jones and Reed,Sell,676509,0.8533,577265.13,Booked,False,False,2026-01-29 10:53:00,,2026-04-28 00:00:00
T00491,2026-01-29 00:00:00,Courtney Wagner,Equities,Equity,Crawford-Garrett,Sell,2878,358.94,1033029.32,Booked,False,False,2026-01-29 12:08:00,,2026-01-30 00:00:00
T00492,2026-01-29 00:00:00,Raymond Williams,FX,FX Forward,Powell Clark and Lopez,Sell,4953951,0.9299,4606679.03,Booked,False,False,2026-01-29 12:10:00,,2026-02-27 00:00:00
T00493,2026-01-29 00:00:00,Kevin Gutierrez,Equities,Equity,Anthony-Baker,Sell,23979,99.4,2383512.6,Booked,False,False,2026-01-29 12:21:00,,2026-01-30 00:00:00
T00494,2026-01-29 00:00:00,Tracy Hayes,Rates,Swap,Wall PLC,Buy,12,467906.35,5614876.2,Booked,False,False,2026-01-29 12:34:00,,2026-02-02 00:00:00
T00495,2026-01-29 00:00:00,Heather Garrett,Commodities,Option,Crawford-Garrett,Sell,757,856.67,648499.19,Booked,False,False,2026-01-29 12:39:00,,2026-01-30 00:00:00
T00496,2026-01-29 00:00:00,Tracy Hayes,Rates,Bond,Powell Clark and Lopez,Sell,42102,111.834,4708435.07,Booked,False,False,2026-01-29 13:29:00,,2026-01-30 00:00:00
T00497,2026-01-29 00:00:00,Courtney Wagner,Equities,Equity,Dominguez and Sons,Buy,2439,104.55,254997.45,Booked,False,False,2026-01-29 13:56:00,,2026-01-30 00:00:00
T00498,2026-01-29 00:00:00,Raymond Williams,FX,FX Forward,Stanton-Wilkinson,Buy,413857,0.7906,327195.34,Booked,False,False,2026-01-29 15:30:00,,2026-04-28 00:00:00
T00499,2026-01-29 00:00:00,Dylan Lopez,FX,Option,Lam-Gonzalez,Sell,1549,166.64,258125.36,Booked,False,False,2026-01-29 16:14:00,,2026-01-30 00:00:00
T00500,2026-01-29 00:00:00,Dylan Lopez,FX,Option,Wall PLC,Sell,1373,1124.99,1544611.27,Booked,False,False,2026-01-29 17:53:00,,2026-01-30 00:00:00
T00501,2026-01-29 00:00:00,Kevin Gutierrez,Equities,Option,Larsen Ray and Young,Buy,1456,790.93,1151594.08,Booked,False,False,2026-01-29 19:38:00,,2026-01-30 00:00:00
T00502,2026-01-30 00:00:00,Natalie Castillo,Rates,Bond,Chang-Peterson,Sell,477996,91.464,43719426.14,Booked,False,False,2026-01-30 08:26:00,,2026-02-02 00:00:00
T00503,2026-01-30 00:00:00,David Williams,Equities,Option,Fernandez-Ferguson,Sell,940,845.91,795155.4,Amended,True,False,2026-01-30 08:43:00,2026-02-02 09:47:00,2026-02-02 00:00:00
T00504,2026-01-30 00:00:00,Margaret Arellano,Commodities,Swap,Foster Jones and Reed,Sell,67,884030.1,59230016.7,Booked,False,False,2026-01-30 08:44:00,,2026-02-03 00:00:00
T00505,2026-01-30 00:00:00,Courtney Wagner,Equities,Equity,Allen Morgan and Reed,Sell,8150,41.43,337654.5,Booked,False,False,2026-01-30 08:59:00,,2026-02-02 00:00:00
T00506,2026-01-30 00:00:00,Courtney Wagner,Equities,Equity,Lam-Gonzalez,Buy,2527,123.97,313272.19,Booked,False,False,2026-01-30 09:09:00,,2026-02-02 00:00:00
T00507,2026-01-30 00:00:00,Natalie Castillo,Rates,Bond,Wright and Sons,Buy,18649,106.674,1989363.43,Booked,False,False,2026-01-30 10:47:00,,2026-02-02 00:00:00
T00508,2026-01-30 00:00:00,Kevin Gutierrez,Equities,Equity,Mclaughlin PLC,Buy,1220,142.22,173508.4,Booked,False,False,2026-01-30 10:51:00,,2026-02-02 00:00:00
T00509,2026-01-30 00:00:00,Kevin Gutierrez,Equities,Equity,Mclaughlin PLC,Buy,5178,19.51,101022.78,Booked,False,False,2026-01-30 11:59:00,,2026-02-02 00:00:00
T00510,2026-01-30 00:00:00,Raymond Williams,FX,Option,Larsen Ray and Young,Buy,790,63.14,49880.6,Booked,False,False,2026-01-30 12:12:00,,2026-02-02 00:00:00
T00511,2026-01-30 00:00:00,Natalie Castillo,Rates,Swap,Chang-Peterson,Buy,7,471912.53,3303387.71,Booked,False,False,2026-01-30 12:47:00,,2026-02-03 00:00:00
T00512,2026-01-30 00:00:00,Courtney Wagner,Equities,Equity,Allen Morgan and Reed,Sell,22481,444.34,9989207.54,Booked,False,False,2026-01-30 12:59:00,,2026-02-02 00:00:00
T00513,2026-01-30 00:00:00,Edward Taylor,Credit,Bond,Stanton-Wilkinson,Buy,28318,91.978,2604633.0,Booked,False,False,2026-01-30 13:18:00,,2026-02-02 00:00:00
T00514,2026-01-30 00:00:00,Sarah Silva,Rates,Bond,Anthony-Baker,Sell,33986,105.55,3587222.3,Booked,False,False,2026-01-30 13:56:00,,2026-02-02 00:00:00
T00515,2026-01-30 00:00:00,Raymond Williams,FX,FX Forward,Wright and Sons,Buy,1149374,1.232,1416028.77,Booked,False,False,2026-01-30 14:31:00,,2026-03-02 00:00:00
T00516,2026-01-30 00:00:00,Tracy Hayes,Rates,Swap,Larsen Ray and Young,Sell,9,921607.51,8294467.59,Booked,False,False,2026-01-30 14:43:00,,2026-02-03 00:00:00
T00517,2026-01-30 00:00:00,Joshua Stevenson,Credit,Bond,Foster Jones and Reed,Buy,36022,89.439,3221771.66,Booked,False,False,2026-01-30 14:45:00,,2026-02-02 00:00:00
T00518,2026-01-30 00:00:00,Pamela Hahn,FX,FX Forward,Sullivan-Baxter,Sell,2268842,1.1916,2703552.13,Booked,False,False,2026-01-30 14:55:00,,2026-03-02 00:00:00
T00519,2026-01-30 00:00:00,Joshua Stevenson,Credit,Bond,Foster Jones and Reed,Buy,226329,91.313,20666779.98,Booked,False,False,2026-01-30 14:58:00,,2026-02-02 00:00:00
T00520,2026-01-30 00:00:00,Natalie Castillo,Rates,Bond,Foster Jones and Reed,Sell,29921,88.237,2640139.28,Booked,False,False,2026-01-30 15:08:00,,2026-02-02 00:00:00
T00521,2026-01-30 00:00:00,Tracy Hayes,Rates,Bond,Fernandez-Ferguson,Sell,18911,98.156,1856228.12,Booked,False,False,2026-01-30 15:14:00,,2026-02-02 00:00:00
T00522,2026-01-30 00:00:00,Raymond Williams,FX,FX Forward,Anthony-Baker,Sell,2341714,0.7828,1833093.72,Booked,False,False,2026-01-30 17:03:00,,2026-03-31 00:00:00
T00523,2026-02-02 00:00:00,Sarah Silva,Rates,Bond,Powell Clark and Lopez,Sell,278238,91.799,25541970.16,Booked,False,False,2026-02-02 09:36:00,,2026-02-03 00:00:00
T00524,2026-02-02 00:00:00,Dylan Lopez,FX,FX Forward,Mclaughlin PLC,Sell,1476731,1.5666,2313446.78,Booked,False,False,2026-02-02 09:57:00,,2026-04-01 00:00:00
T00525,2026-02-02 00:00:00,Raymond Williams,FX,FX Forward,Lee PLC,Buy,2575919,1.2377,3188214.95,Booked,False,False,2026-02-02 10:30:00,,2026-04-01 00:00:00
T00526,2026-02-02 00:00:00,Raymond Williams,FX,FX Forward,Crawford-Garrett,Buy,534023,0.8554,456803.27,Booked,False,False,2026-02-02 11:59:00,,2026-04-30 00:00:00
T00527,2026-02-02 00:00:00,Margaret Arellano,Commodities,Swap,Anthony-Baker,Sell,31,426089.41,13208771.71,Amended,True,False,2026-02-02 12:22:00,2026-02-23 15:32:00,2026-02-04 00:00:00
T00528,2026-02-02 00:00:00,David Williams,Equities,Option,Crawford-Garrett,Sell,293,1190.04,348681.72,Booked,False,False,2026-02-02 12:59:00,,2026-02-03 00:00:00
T00529,2026-02-02 00:00:00,Joshua Wilson,Commodities,Option,Mitchell-Rodgers,Sell,701,812.87,569821.87,Booked,False,False,2026-02-02 13:04:00,,2026-02-03 00:00:00
T00530,2026-02-02 00:00:00,Kevin Gutierrez,Equities,Equity,Larsen Ray and Young,Buy,2741,150.57,412712.37,Booked,False,False,2026-02-02 13:25:00,,2026-02-03 00:00:00
T00531,2026-02-02 00:00:00,Sarah Silva,Rates,Bond,Stanton-Wilkinson,Sell,4175,105.862,441973.85,Booked,False,False,2026-02-02 14:46:00,,2026-02-03 00:00:00
T00532,2026-02-02 00:00:00,Joshua Stevenson,Credit,Bond,Crawford-Garrett,Buy,30177,106.799,3222873.42,Booked,False,False,2026-02-02 14:48:00,,2026-02-03 00:00:00
T00533,2026-02-02 00:00:00,Tracy Hayes,Rates,Swap,Mitchell-Rodgers,Sell,5,521634.53,2608172.65,Booked,False,False,2026-02-02 15:09:00,,2026-02-04 00:00:00
T00534,2026-02-03 00:00:00,Natalie Castillo,Rates,Swap,Chang-Peterson,Sell,2,855391.41,1710782.82,Booked,False,False,2026-02-03 07:47:00,,2026-02-05 00:00:00
T00535,2026-02-03 00:00:00,Kevin Gutierrez,Equities,Option,Larsen Ray and Young,Buy,906,562.04,509208.24,Cancelled,True,True,2026-02-03 08:43:00,2026-02-03 15:43:00,2026-02-04 00:00:00
T00536,2026-02-03 00:00:00,Pamela Hahn,FX,FX Forward,Mclaughlin PLC,Buy,1297137,0.8062,1045751.85,Booked,False,False,2026-02-03 09:26:00,,2026-03-04 00:00:00
T00537,2026-02-03 00:00:00,Courtney Wagner,Equities,Equity,Crawford-Garrett,Sell,1556,190.51,296433.56,Amended,True,False,2026-02-03 09:55:00,2026-02-04 14:44:00,2026-02-04 00:00:00
T00538,2026-02-03 00:00:00,Sarah Silva,Rates,Swap,Mclaughlin PLC,Sell,35,740345.61,25912096.35,Booked,False,False,2026-02-03 10:54:00,,2026-02-05 00:00:00
T00539,2026-02-03 00:00:00,Margaret Arellano,Commodities,Swap,Anthony-Baker,Buy,20,423471.13,8469422.6,Booked,False,False,2026-02-03 10:57:00,,2026-02-05 00:00:00
T00540,2026-02-03 00:00:00,Tracy Hayes,Rates,Bond,Crawford-Garrett,Buy,39192,97.906,3837131.95,Booked,False,False,2026-02-03 11:15:00,,2026-02-04 00:00:00
T00541,2026-02-03 00:00:00,Courtney Wagner,Equities,Equity,Mitchell-Rodgers,Buy,1508,176.32,265890.56,Booked,False,False,2026-02-03 11:26:00,,2026-02-04 00:00:00
T00542,2026-02-03 00:00:00,Courtney Wagner,Equities,Equity,Ellis Group,Sell,3902,348.01,1357935.02,Booked,False,False,2026-02-03 11:40:00,,2026-02-04 00:00:00
T00543,2026-02-03 00:00:00,Courtney Wagner,Equities,Equity,Chang-Peterson,Sell,8048,477.5,3842920.0,Booked,False,False,2026-02-03 12:39:00,,2026-02-04 00:00:00
T00544,2026-02-03 00:00:00,Sarah Silva,Rates,Swap,Ellis Group,Buy,15,320822.39,4812335.85,Booked,False,False,2026-02-03 12:46:00,,2026-02-05 00:00:00
T00545,2026-02-03 00:00:00,Dylan Lopez,FX,Option,Larsen Ray and Young,Buy,380,225.2,85576.0,Booked,False,False,2026-02-03 12:50:00,,2026-02-04 00:00:00
T00546,2026-02-03 00:00:00,David Williams,Equities,Equity,Chang-Peterson,Sell,2623,149.59,392374.57,Booked,False,False,2026-02-03 12:56:00,,2026-02-04 00:00:00
T00547,2026-02-03 00:00:00,Natalie Castillo,Rates,Bond,Brown-Wiggins,Buy,14260,94.89,1353131.4,Booked,False,False,2026-02-03 12:56:00,,2026-02-04 00:00:00
T00548,2026-02-03 00:00:00,Raymond Williams,FX,FX Forward,Crawford-Garrett,Sell,973853,0.8148,793495.42,Booked,False,False,2026-02-03 13:19:00,,2026-04-02 00:00:00
T00549,2026-02-03 00:00:00,Pamela Hahn,FX,Option,Ellis Group,Buy,755,293.91,221902.05,Booked,False,False,2026-02-03 13:22:00,,2026-02-04 00:00:00
T00550,2026-02-03 00:00:00,Pamela Hahn,FX,FX Forward,Stanton-Wilkinson,Buy,3785183,1.2036,4555846.26,Booked,False,False,2026-02-03 13:43:00,,2026-03-04 00:00:00
T00551,2026-02-03 00:00:00,Raymond Williams,FX,FX Forward,Fernandez-Ferguson,Sell,3505408,0.8566,3002732.49,Booked,False,False,2026-02-03 14:01:00,,2026-03-04 00:00:00
T00552,2026-02-03 00:00:00,Kevin Gutierrez,Equities,Option,Crawford-Garrett,Sell,1269,814.65,1033790.85,Booked,False,False,2026-02-03 14:12:00,,2026-02-04 00:00:00
T00553,2026-02-03 00:00:00,Natalie Castillo,Rates,Bond,Foster Jones and Reed,Buy,5254,104.43,548675.22,Cancelled,True,True,2026-02-03 14:25:00,2026-02-03 15:10:00,2026-02-04 00:00:00
T00554,2026-02-03 00:00:00,Tracy Hayes,Rates,Bond,Anthony-Baker,Buy,67907,107.336,7288865.75,Booked,False,False,2026-02-03 14:40:00,,2026-02-04 00:00:00
T00555,2026-02-03 00:00:00,Courtney Wagner,Equities,Equity,Bishop LLC,Buy,2535,352.94,894702.9,Booked,False,False,2026-02-03 15:04:00,,2026-02-04 00:00:00
T00556,2026-02-03 00:00:00,Sarah Silva,Rates,Swap,Larsen Ray and Young,Sell,12,649862.24,7798346.88,Booked,False,False,2026-02-03 16:19:00,,2026-02-05 00:00:00
T00557,2026-02-03 00:00:00,Eddie Hernandez,Credit,Bond,Anthony-Baker,Buy,13340,88.718,1183498.12,Booked,False,False,2026-02-03 16:29:00,,2026-02-04 00:00:00
T00558,2026-02-03 00:00:00,Eddie Hernandez,Credit,Swap,Mitchell-Rodgers,Sell,11,754712.85,8301841.35,Booked,False,False,2026-02-03 16:40:00,,2026-02-05 00:00:00
T00559,2026-02-04 00:00:00,Courtney Wagner,Equities,Equity,Larsen Ray and Young,Buy,12273,360.13,4419875.49,Booked,False,False,2026-02-04 09:37:00,,2026-02-05 00:00:00
T00560,2026-02-04 00:00:00,Dylan Lopez,FX,FX Forward,Dominguez and Sons,Buy,1576165,1.3024,2052797.3,Booked,False,False,2026-02-04 09:39:00,,2026-04-03 00:00:00
T00561,2026-02-04 00:00:00,Joshua Stevenson,Credit,Bond,Chang-Peterson,Buy,91117,104.133,9488286.56,Booked,False,False,2026-02-04 11:22:00,,2026-02-05 00:00:00
T00562,2026-02-04 00:00:00,Eddie Hernandez,Credit,Bond,Wall PLC,Sell,19351,100.111,1937247.96,Booked,False,False,2026-02-04 11:34:00,,2026-02-05 00:00:00
T00563,2026-02-04 00:00:00,Raymond Williams,FX,Option,Anthony-Baker,Sell,783,332.01,259963.83,Booked,False,False,2026-02-04 12:31:00,,2026-02-05 00:00:00
T00564,2026-02-04 00:00:00,Courtney Wagner,Equities,Equity,Wright and Sons,Buy,22560,159.47,3597643.2,Amended,True,False,2026-02-04 12:43:00,2026-02-05 17:15:00,2026-02-05 00:00:00
T00565,2026-02-04 00:00:00,Dylan Lopez,FX,FX Forward,Lee PLC,Sell,2960119,1.275,3774151.72,Booked,False,False,2026-02-04 13:13:00,,2026-03-05 00:00:00
T00566,2026-02-04 00:00:00,Joshua Stevenson,Credit,Swap,Santiago Reyes and Lynch,Sell,16,671125.03,10738000.48,Booked,False,False,2026-02-04 13:22:00,,2026-02-06 00:00:00
T00567,2026-02-04 00:00:00,Raymond Williams,FX,FX Forward,Chang-Peterson,Buy,2448313,1.5685,3840178.94,Amended,True,False,2026-02-04 13:32:00,2026-02-06 14:57:00,2026-04-03 00:00:00
T00568,2026-02-04 00:00:00,Tracy Hayes,Rates,Bond,Larsen Ray and Young,Sell,25870,98.941,2559603.67,Booked,False,False,2026-02-04 13:32:00,,2026-02-05 00:00:00
T00569,2026-02-04 00:00:00,Kevin Gutierrez,Equities,Equity,Santiago Reyes and Lynch,Buy,1986,193.44,384171.84,Booked,False,False,2026-02-04 13:44:00,,2026-02-05 00:00:00
T00570,2026-02-04 00:00:00,Courtney Wagner,Equities,Equity,Wright and Sons,Buy,8305,71.93,597378.65,Booked,False,False,2026-02-04 14:20:00,,2026-02-05 00:00:00
T00571,2026-02-04 00:00:00,Tracy Hayes,Rates,Swap,Chang-Peterson,Sell,1,778079.03,778079.03,Cancelled,True,True,2026-02-04 14:23:00,2026-02-04 19:50:00,2026-02-06 00:00:00
T00572,2026-02-04 00:00:00,Pamela Hahn,FX,FX Forward,Wall PLC,Sell,789499,0.9418,743550.16,Booked,False,False,2026-02-04 14:30:00,,2026-04-03 00:00:00
T00573,2026-02-04 00:00:00,Raymond Williams,FX,FX Forward,Mclaughlin PLC,Buy,1384871,1.4449,2001000.11,Booked,False,False,2026-02-04 14:42:00,,2026-03-05 00:00:00
T00574,2026-02-04 00:00:00,Natalie Castillo,Rates,Bond,Larsen Ray and Young,Buy,18654,92.876,1732508.9,Booked,False,False,2026-02-04 15:53:00,,2026-02-05 00:00:00
T00575,2026-02-04 00:00:00,Pamela Hahn,FX,Option,Chang-Peterson,Sell,1210,278.76,337299.6,Booked,False,False,2026-02-04 16:04:00,,2026-03-05 00:00:00
T00576,2026-02-04 00:00:00,Tracy Hayes,Rates,Bond,Brown-Wiggins,Buy,3838,103.201,396085.44,Booked,False,False,2026-02-04 16:14:00,,2026-02-05 00:00:00
T00577,2026-02-04 00:00:00,Pamela Hahn,FX,Option,Ellis Group,Buy,377,162.1,61111.7,Booked,False,False,2026-02-04 16:41:00,,2026-02-05 00:00:00
T00578,2026-02-05 00:00:00,Tracy Hayes,Rates,Swap,Chang-Peterson,Sell,32,685844.61,21947027.52,Amended,True,False,2026-02-05 07:41:00,2026-02-05 16:17:00,2026-02-09 00:00:00
T00579,2026-02-05 00:00:00,Raymond Williams,FX,FX Forward,Nguyen Group,Sell,2505964,1.5323,3839888.64,Booked,False,False,2026-02-05 08:57:00,,2026-04-06 00:00:00
T00580,2026-02-05 00:00:00,Margaret Arellano,Commodities,Option,Crawford-Garrett,Buy,339,475.65,161245.35,Booked,False,False,2026-02-05 10:21:00,,2026-02-06 00:00:00
T00581,2026-02-05 00:00:00,Heather Garrett,Commodities,Option,Lee PLC,Buy,1334,717.09,956598.06,Booked,False,False,2026-02-05 10:26:00,,2026-02-06 00:00:00
T00582,2026-02-05 00:00:00,Kevin Gutierrez,Equities,Equity,Mcconnell-Fisher,Sell,9556,66.56,636047.36,Booked,False,False,2026-02-05 10:53:00,,2026-02-06 00:00:00
T00583,2026-02-05 00:00:00,Kevin Gutierrez,Equities,Equity,Mclaughlin PLC,Buy,4189,323.84,1356565.76,Cancelled,True,True,2026-02-05 11:09:00,2026-02-05 11:54:00,2026-02-06 00:00:00
T00584,2026-02-05 00:00:00,Natalie Castillo,Rates,Swap,Larsen Ray and Young,Buy,7,679480.57,4756363.99,Booked,False,False,2026-02-05 11:51:00,,2026-02-09 00:00:00
T00585,2026-02-05 00:00:00,Pamela Hahn,FX,FX Forward,Larsen Ray and Young,Buy,1273210,1.4582,1856594.82,Booked,False,False,2026-02-05 12:27:00,,2026-05-05 00:00:00
T00586,2026-02-05 00:00:00,Joshua Wilson,Commodities,Option,Wright and Sons,Sell,8062,638.55,5147990.1,Booked,False,False,2026-02-05 12:30:00,,2026-02-06 00:00:00
T00587,2026-02-05 00:00:00,Tracy Hayes,Rates,Bond,Stanton-Wilkinson,Sell,9458,99.152,937779.62,Booked,False,False,2026-02-05 12:30:00,,2026-02-06 00:00:00
T00588,2026-02-05 00:00:00,Natalie Castillo,Rates,Swap,Mitchell-Rodgers,Sell,17,726969.35,12358478.95,Booked,False,False,2026-02-05 12:45:00,,2026-02-09 00:00:00
T00589,2026-02-05 00:00:00,Kevin Gutierrez,Equities,Equity,Santiago Reyes and Lynch,Buy,15968,463.07,7394301.76,Booked,False,False,2026-02-05 12:48:00,,2026-02-06 00:00:00
T00590,2026-02-05 00:00:00,Dylan Lopez,FX,FX Forward,Bishop LLC,Buy,1362557,1.2442,1695293.42,Booked,False,False,2026-02-05 12:50:00,,2026-04-06 00:00:00
T00591,2026-02-05 00:00:00,Tracy Hayes,Rates,Bond,Foster Jones and Reed,Buy,164555,110.644,18207023.42,Booked,False,False,2026-02-05 12:52:00,,2026-02-06 00:00:00
T00592,2026-02-05 00:00:00,Sarah Silva,Rates,Bond,Nguyen Group,Sell,7159,111.784,800261.66,Booked,False,False,2026-02-05 13:28:00,,2026-02-06 00:00:00
T00593,2026-02-05 00:00:00,Sarah Silva,Rates,Bond,Larsen Ray and Young,Sell,55923,107.34,6002774.82,Booked,False,False,2026-02-05 13:33:00,,2026-02-06 00:00:00
T00594,2026-02-05 00:00:00,Margaret Arellano,Commodities,Option,Mitchell-Rodgers,Buy,1056,508.43,536902.08,Amended,True,False,2026-02-05 13:53:00,2026-02-25 14:39:00,2026-02-06 00:00:00
T00595,2026-02-05 00:00:00,Kevin Gutierrez,Equities,Equity,Larsen Ray and Young,Buy,3445,279.16,961706.2,Booked,False,False,2026-02-05 14:24:00,,2026-02-06 00:00:00
T00596,2026-02-05 00:00:00,Dylan Lopez,FX,FX Forward,Mclaughlin PLC,Sell,11407050,0.9618,10971300.69,Booked,False,False,2026-02-05 14:56:00,,2026-05-05 00:00:00
T00597,2026-02-05 00:00:00,Sarah Silva,Rates,Swap,Larsen Ray and Young,Sell,28,377418.98,10567731.44,Booked,False,False,2026-02-05 15:32:00,,2026-02-09 00:00:00
T00598,2026-02-05 00:00:00,Tracy Hayes,Rates,Swap,Chang-Peterson,Sell,8,484664.33,3877314.64,Booked,False,False,2026-02-05 15:40:00,,2026-02-09 00:00:00
T00599,2026-02-05 00:00:00,David Williams,Equities,Equity,Sullivan-Baxter,Sell,19603,475.52,9321618.56,Booked,False,False,2026-02-05 15:43:00,,2026-02-06 00:00:00
T00600,2026-02-05 00:00:00,Joshua Stevenson,Credit,Bond,Mcconnell-Fisher,Buy,29377,110.916,3258379.33,Booked,False,False,2026-02-05 16:01:00,,2026-02-06 00:00:00
T00601,2026-02-05 00:00:00,Pamela Hahn,FX,Option,Anthony-Baker,Buy,4142,217.08,899145.36,Booked,False,False,2026-02-05 16:22:00,,2026-02-06 00:00:00
T00602,2026-02-05 00:00:00,Natalie Castillo,Rates,Bond,Foster Jones and Reed,Buy,48813,103.29,5041894.77,Booked,False,False,2026-02-05 16:38:00,,2026-02-06 00:00:00
T00603,2026-02-05 00:00:00,Kevin Gutierrez,Equities,Option,Sullivan-Baxter,Buy,5427,1123.44,6096908.88,Booked,False,False,2026-02-05 17:32:00,,2026-02-06 00:00:00
T00604,2026-02-06 00:00:00,Tracy Hayes,Rates,Bond,Mclaughlin PLC,Sell,10360,92.691,960278.76,Booked,False,False,2026-02-06 07:19:00,,2026-02-09 00:00:00
T00605,2026-02-06 00:00:00,Raymond Williams,FX,FX Forward,Larsen Ray and Young,Buy,4701693,0.8923,4195320.66,Booked,False,False,2026-02-06 08:19:00,,2026-03-09 00:00:00
T00606,2026-02-06 00:00:00,Raymond Williams,FX,FX Forward,Chang-Peterson,Buy,2264959,1.5844,3588601.04,Booked,False,False,2026-02-06 09:05:00,,2026-04-07 00:00:00
T00607,2026-02-06 00:00:00,Pamela Hahn,FX,FX Forward,Chang-Peterson,Buy,5427493,1.48,8032689.64,Booked,False,False,2026-02-06 09:14:00,,2026-04-07 00:00:00
T00608,2026-02-06 00:00:00,Joshua Stevenson,Credit,Swap,Foster Jones and Reed,Sell,20,756320.21,15126404.2,Booked,False,False,2026-02-06 09:14:00,,2026-02-10 00:00:00
T00609,2026-02-06 00:00:00,Edward Taylor,Credit,Swap,Foster Jones and Reed,Sell,12,568669.92,6824039.04,Booked,False,False,2026-02-06 09:21:00,,2026-02-10 00:00:00
T00610,2026-02-06 00:00:00,Courtney Wagner,Equities,Option,Crawford-Garrett,Sell,760,751.07,570813.2,Amended,True,False,2026-02-06 10:22:00,2026-02-09 14:36:00,2026-02-09 00:00:00
T00611,2026-02-06 00:00:00,Heather Garrett,Commodities,Option,Mclaughlin PLC,Buy,685,463.92,317785.2,Booked,False,False,2026-02-06 12:01:00,,2026-02-09 00:00:00
T00612,2026-02-06 00:00:00,Natalie Castillo,Rates,Bond,Larsen Ray and Young,Sell,15971,103.603,1654643.51,Booked,False,False,2026-02-06 12:04:00,,2026-02-09 00:00:00
T00613,2026-02-06 00:00:00,Kevin Gutierrez,Equities,Option,Crawford-Garrett,Sell,671,684.86,459541.06,Booked,False,False,2026-02-06 12:07:00,,2026-02-09 00:00:00
T00614,2026-02-06 00:00:00,Courtney Wagner,Equities,Equity,Anthony-Baker,Buy,759,36.9,28007.1,Booked,False,False,2026-02-06 12:15:00,,2026-02-09 00:00:00
T00615,2026-02-06 00:00:00,Joshua Stevenson,Credit,Bond,Anthony-Baker,Buy,6490,106.667,692268.83,Booked,False,False,2026-02-06 12:22:00,,2026-02-09 00:00:00
T00616,2026-02-06 00:00:00,Tracy Hayes,Rates,Bond,Chang-Peterson,Buy,15753,93.574,1474071.22,Booked,False,False,2026-02-06 12:22:00,,2026-02-09 00:00:00
T00617,2026-02-06 00:00:00,Pamela Hahn,FX,FX Forward,Foster Jones and Reed,Sell,1432565,1.6097,2305999.88,Amended,True,False,2026-02-06 12:32:00,2026-02-10 09:47:00,2026-05-06 00:00:00
T00618,2026-02-06 00:00:00,Sarah Silva,Rates,Swap,Crawford-Garrett,Buy,9,408885.44,3679968.96,Booked,False,False,2026-02-06 12:34:00,,2026-02-10 00:00:00
T00619,2026-02-06 00:00:00,Sarah Silva,Rates,Bond,Foster Jones and Reed,Buy,74085,109.718,8128458.03,Amended,True,False,2026-02-06 12:50:00,2026-02-09 19:26:00,2026-02-09 00:00:00
T00620,2026-02-06 00:00:00,Tracy Hayes,Rates,Bond,Dominguez and Sons,Sell,51614,106.282,5485639.15,Cancelled,True,True,2026-02-06 13:02:00,2026-02-06 13:47:00,2026-02-09 00:00:00
T00621,2026-02-06 00:00:00,Raymond Williams,FX,FX Forward,Crawford-Garrett,Buy,1298951,1.501,1949725.45,Booked,False,False,2026-02-06 13:27:00,,2026-04-07 00:00:00
T00622,2026-02-06 00:00:00,Pamela Hahn,FX,Option,Wright and Sons,Buy,2038,381.2,776885.6,Booked,False,False,2026-02-06 13:46:00,,2026-02-09 00:00:00
T00623,2026-02-06 00:00:00,Pamela Hahn,FX,FX Forward,Chang-Peterson,Sell,1760280,1.3084,2303150.35,Booked,False,False,2026-02-06 14:00:00,,2026-03-09 00:00:00
T00624,2026-02-06 00:00:00,Joshua Stevenson,Credit,Bond,Wall PLC,Buy,10465,110.865,1160202.22,Booked,False,False,2026-02-06 14:08:00,,2026-02-09 00:00:00
T00625,2026-02-06 00:00:00,Edward Taylor,Credit,Bond,Dominguez and Sons,Sell,178071,95.736,17047805.26,Amended,True,False,2026-02-06 14:09:00,2026-02-10 14:37:00,2026-02-09 00:00:00
T00626,2026-02-06 00:00:00,Kevin Gutierrez,Equities,Equity,Nguyen Group,Buy,4242,59.19,251083.98,Booked,False,False,2026-02-06 14:48:00,,2026-02-09 00:00:00
T00627,2026-02-06 00:00:00,Sarah Silva,Rates,Bond,Chang-Peterson,Buy,30256,108.705,3288978.48,Booked,False,False,2026-02-06 15:22:00,,2026-02-09 00:00:00
T00628,2026-02-06 00:00:00,Heather Garrett,Commodities,Swap,Morales-Woodard,Buy,13,728004.87,9464063.31,Booked,False,False,2026-02-06 16:46:00,,2026-02-10 00:00:00
T00629,2026-02-06 00:00:00,Tracy Hayes,Rates,Swap,Crawford-Garrett,Buy,9,402721.64,3624494.76,Cancelled,True,True,2026-02-06 16:47:00,2026-02-06 17:32:00,2026-02-10 00:00:00
T00630,2026-02-06 00:00:00,Sarah Silva,Rates,Bond,Chang-Peterson,Sell,21035,101.108,2126806.78,Booked,False,False,2026-02-06 16:49:00,,2026-02-09 00:00:00
T00631,2026-02-09 00:00:00,Margaret Arellano,Commodities,Swap,Larsen Ray and Young,Sell,12,521342.91,6256114.92,Booked,False,False,2026-02-09 07:13:00,,2026-02-11 00:00:00
T00632,2026-02-09 00:00:00,Tracy Hayes,Rates,Bond,Sullivan-Baxter,Buy,9771,110.181,1076578.55,Booked,False,False,2026-02-09 08:28:00,,2026-02-10 00:00:00
T00633,2026-02-09 00:00:00,Sarah Silva,Rates,Swap,Ellis Group,Sell,29,339289.13,9839384.77,Booked,False,False,2026-02-09 08:40:00,,2026-02-11 00:00:00
T00634,2026-02-09 00:00:00,Natalie Castillo,Rates,Swap,Foster Jones and Reed,Sell,41,722690.0,29630290.0,Cancelled,True,True,2026-02-09 09:07:00,2026-02-09 17:00:00,2026-02-11 00:00:00
T00635,2026-02-09 00:00:00,Sarah Silva,Rates,Swap,Anthony-Baker,Sell,6,294854.15,1769124.9,Booked,False,False,2026-02-09 09:59:00,,2026-02-11 00:00:00
T00636,2026-02-09 00:00:00,Courtney Wagner,Equities,Equity,Santiago Reyes and Lynch,Buy,958,399.98,383180.84,Amended,True,False,2026-02-09 11:55:00,2026-02-13 14:02:00,2026-02-10 00:00:00
T00637,2026-02-09 00:00:00,Pamela Hahn,FX,FX Forward,Larsen Ray and Young,Sell,1697687,0.9463,1606521.21,Booked,False,False,2026-02-09 12:06:00,,2026-04-08 00:00:00
T00638,2026-02-09 00:00:00,Sarah Silva,Rates,Bond,Stanton-Wilkinson,Buy,10724,88.223,946103.45,Booked,False,False,2026-02-09 12:47:00,,2026-03-25 00:00:00
T00639,2026-02-09 00:00:00,Pamela Hahn,FX,FX Forward,Ellis Group,Buy,8207057,0.8029,6589446.07,Amended,True,False,2026-02-09 13:33:00,2026-02-09 17:01:00,2026-04-08 00:00:00
T00640,2026-02-09 00:00:00,Sarah Silva,Rates,Swap,Fernandez-Ferguson,Buy,12,868356.43,10420277.16,Booked,False,False,2026-02-09 13:38:00,,2026-02-11 00:00:00
T00641,2026-02-09 00:00:00,Eddie Hernandez,Credit,Bond,Miranda and Sons,Buy,21817,89.862,1960519.25,Booked,False,False,2026-02-09 14:23:00,,2026-02-10 00:00:00
T00642,2026-02-09 00:00:00,Edward Taylor,Credit,Bond,Anthony-Baker,Sell,34192,96.451,3297852.59,Booked,False,False,2026-02-09 14:59:00,,2026-02-10 00:00:00
T00643,2026-02-09 00:00:00,Kevin Gutierrez,Equities,Equity,Anthony-Baker,Buy,6768,368.05,2490962.4,Booked,False,False,2026-02-09 15:03:00,,2026-02-10 00:00:00
T00644,2026-02-09 00:00:00,Tracy Hayes,Rates,Bond,Mclaughlin PLC,Sell,85239,101.103,8617918.62,Booked,False,False,2026-02-09 16:38:00,,2026-02-10 00:00:00
T00645,2026-02-09 00:00:00,Tracy Hayes,Rates,Bond,Powell Clark and Lopez,Sell,9451,89.718,847924.82,Booked,False,False,2026-02-09 16:56:00,,2026-02-10 00:00:00
T00646,2026-02-09 00:00:00,Pamela Hahn,FX,Option,Dominguez and Sons,Buy,2623,123.31,323442.13,Booked,False,False,2026-02-09 17:28:00,,2026-02-10 00:00:00
T00647,2026-02-09 00:00:00,Sarah Silva,Rates,Bond,Larsen Ray and Young,Buy,24639,91.724,2259987.64,Booked,False,False,2026-02-09 17:56:00,,2026-02-10 00:00:00
T00648,2026-02-10 00:00:00,Natalie Castillo,Rates,Swap,Larsen Ray and Young,Buy,12,476032.19,5712386.28,Booked,False,False,2026-02-10 08:04:00,,2026-02-12 00:00:00
T00649,2026-02-10 00:00:00,Sarah Silva,Rates,Bond,Chang-Peterson,Buy,8867,109.852,974057.68,Booked,False,False,2026-02-10 09:02:00,,2026-02-11 00:00:00
T00650,2026-02-10 00:00:00,Courtney Wagner,Equities,Equity,Mclaughlin PLC,Sell,3866,157.26,607967.16,Booked,False,False,2026-02-10 09:23:00,,2026-02-11 00:00:00
T00651,2026-02-10 00:00:00,Margaret Arellano,Commodities,Swap,Fernandez-Ferguson,Buy,77,730982.33,56285639.41,Amended,True,False,2026-02-10 09:43:00,2026-02-11 17:02:00,2026-02-12 00:00:00
T00652,2026-02-10 00:00:00,Eddie Hernandez,Credit,Swap,Chang-Peterson,Sell,52,275830.26,14343173.52,Booked,False,False,2026-02-10 10:59:00,,2026-02-12 00:00:00
T00653,2026-02-10 00:00:00,Margaret Arellano,Commodities,Option,Mcconnell-Fisher,Buy,3769,395.44,1490413.36,Booked,False,False,2026-02-10 11:02:00,,2026-02-11 00:00:00
T00654,2026-02-10 00:00:00,Heather Garrett,Commodities,Option,Chang-Peterson,Buy,509,855.52,435459.68,Booked,False,False,2026-02-10 11:19:00,,2026-02-11 00:00:00
T00655,2026-02-10 00:00:00,Courtney Wagner,Equities,Equity,Wall PLC,Buy,5840,187.93,1097511.2,Booked,False,False,2026-02-10 11:20:00,,2026-02-11 00:00:00
T00656,2026-02-10 00:00:00,Joshua Wilson,Commodities,Option,Larsen Ray and Young,Sell,2805,528.45,1482302.25,Booked,False,False,2026-02-10 11:22:00,,2026-02-11 00:00:00
T00657,2026-02-10 00:00:00,Sarah Silva,Rates,Bond,Anthony-Baker,Buy,14548,94.657,1377070.04,Booked,False,False,2026-02-10 11:23:00,,2026-02-11 00:00:00
T00658,2026-02-10 00:00:00,Pamela Hahn,FX,FX Forward,Powell Clark and Lopez,Sell,5639298,1.5201,8572296.89,Booked,False,False,2026-02-10 11:37:00,,2026-04-09 00:00:00
T00659,2026-02-10 00:00:00,Eddie Hernandez,Credit,Bond,Anthony-Baker,Buy,15927,110.774,1764297.5,Booked,False,False,2026-02-10 11:41:00,,2026-02-11 00:00:00
T00660,2026-02-10 00:00:00,Tracy Hayes,Rates,Bond,Chang-Peterson,Sell,39946,103.927,4151467.94,Booked,False,False,2026-02-10 11:45:00,,2026-02-11 00:00:00
T00661,2026-02-10 00:00:00,Pamela Hahn,FX,FX Forward,Dominguez and Sons,Buy,4928464,1.5575,7676082.68,Booked,False,False,2026-02-10 12:21:00,,2026-03-11 00:00:00
T00662,2026-02-10 00:00:00,Courtney Wagner,Equities,Option,Chang-Peterson,Buy,3016,1068.77,3223410.32,Booked,False,False,2026-02-10 12:29:00,,2026-02-11 00:00:00
T00663,2026-02-10 00:00:00,Kevin Gutierrez,Equities,Equity,Morales-Woodard,Sell,1958,385.52,754848.16,Booked,False,False,2026-02-10 13:15:00,,2026-02-11 00:00:00
T00664,2026-02-10 00:00:00,Sarah Silva,Rates,Bond,Crawford-Garrett,Sell,34164,95.508,3262935.31,Booked,False,False,2026-02-10 13:39:00,,2026-02-11 00:00:00
T00665,2026-02-10 00:00:00,Courtney Wagner,Equities,Option,Larsen Ray and Young,Sell,1355,892.34,1209120.7,Booked,False,False,2026-02-10 13:45:00,,2026-02-11 00:00:00
T00666,2026-02-10 00:00:00,Tracy Hayes,Rates,Bond,Stanton-Wilkinson,Buy,32177,92.972,2991560.04,Booked,False,False,2026-02-10 14:07:00,,2026-02-11 00:00:00
T00667,2026-02-10 00:00:00,Pamela Hahn,FX,FX Forward,Mcconnell-Fisher,Sell,1752390,1.1521,2018928.52,Booked,False,False,2026-02-10 14:50:00,,2026-04-09 00:00:00
T00668,2026-02-10 00:00:00,Joshua Stevenson,Credit,Bond,Mitchell-Rodgers,Sell,7356,108.807,800384.29,Amended,True,False,2026-02-10 14:55:00,2026-02-10 18:02:00,2026-02-11 00:00:00
T00669,2026-02-10 00:00:00,Dylan Lopez,FX,FX Forward,Nguyen Group,Sell,1253132,1.4548,1823056.43,Booked,False,False,2026-02-10 15:10:00,,2026-04-09 00:00:00
T00670,2026-02-10 00:00:00,Natalie Castillo,Rates,Bond,Fernandez-Ferguson,Buy,30862,108.858,3359575.6,Booked,False,False,2026-02-10 15:35:00,,2026-02-11 00:00:00
T00671,2026-02-10 00:00:00,Sarah Silva,Rates,Swap,Fernandez-Ferguson,Buy,1110,580657.17,644529458.7,Booked,False,False,2026-02-10 15:50:00,,2026-02-12 00:00:00
T00672,2026-02-10 00:00:00,Courtney Wagner,Equities,Equity,Santiago Reyes and Lynch,Sell,2986,433.44,1294251.84,Booked,False,False,2026-02-10 15:54:00,,2026-02-11 00:00:00
T00673,2026-02-10 00:00:00,Joshua Wilson,Commodities,Option,Foster Jones and Reed,Sell,1874,736.83,1380819.42,Booked,False,False,2026-02-10 15:59:00,,2026-02-11 00:00:00
T00674,2026-02-10 00:00:00,Joshua Wilson,Commodities,Swap,Lee PLC,Buy,10,586576.47,5865764.7,Booked,False,False,2026-02-10 16:16:00,,2026-02-12 00:00:00
T00675,2026-02-10 00:00:00,Raymond Williams,FX,FX Forward,Chang-Peterson,Sell,8072172,0.9638,7779959.37,Booked,False,False,2026-02-10 16:42:00,,2026-04-09 00:00:00
T00676,2026-02-10 00:00:00,Pamela Hahn,FX,FX Forward,Stanton-Wilkinson,Sell,1755733,1.4706,2581980.95,Booked,False,False,2026-02-10 16:52:00,,2026-04-09 00:00:00
T00677,2026-02-10 00:00:00,Pamela Hahn,FX,Option,Dominguez and Sons,Sell,737,829.69,611481.53,Booked,False,False,2026-02-10 17:40:00,,2026-02-11 00:00:00
T00678,2026-02-10 00:00:00,Courtney Wagner,Equities,Equity,Larsen Ray and Young,Sell,4742,446.7,2118251.4,Booked,False,False,2026-02-10 18:27:00,,2026-02-11 00:00:00
T00679,2026-02-10 00:00:00,Courtney Wagner,Equities,Option,Anthony-Baker,Sell,629,1070.68,673457.72,Booked,False,False,2026-02-10 18:30:00,,2026-02-11 00:00:00
T00680,2026-02-11 00:00:00,Margaret Arellano,Commodities,Swap,Wall PLC,Buy,5,361091.88,1805459.4,Booked,False,False,2026-02-11 07:00:00,,2026-02-13 00:00:00
T00681,2026-02-11 00:00:00,Tracy Hayes,Rates,Swap,Lee PLC,Buy,5,869632.77,4348163.85,Booked,False,False,2026-02-11 09:44:00,,2026-02-13 00:00:00
T00682,2026-02-11 00:00:00,Dylan Lopez,FX,FX Forward,Stanton-Wilkinson,Sell,4122272,1.1057,4557996.15,Booked,False,False,2026-02-11 10:43:00,,2026-04-10 00:00:00
T00683,2026-02-11 00:00:00,Joshua Stevenson,Credit,Bond,Santiago Reyes and Lynch,Buy,36416,107.675,3921092.8,Booked,False,False,2026-02-11 10:59:00,,2026-02-12 00:00:00
T00684,2026-02-11 00:00:00,Sarah Silva,Rates,Bond,Chang-Peterson,Buy,11245,104.378,1173730.61,Booked,False,False,2026-02-11 11:43:00,,2026-02-12 00:00:00
T00685,2026-02-11 00:00:00,Tracy Hayes,Rates,Bond,Mcconnell-Fisher,Buy,21215,106.912,2268138.08,Booked,False,False,2026-02-11 11:48:00,,2026-02-12 00:00:00
T00686,2026-02-11 00:00:00,Eddie Hernandez,Credit,Bond,Dominguez and Sons,Sell,17491,103.195,1804983.74,Booked,False,False,2026-02-11 12:19:00,,2026-02-12 00:00:00
T00687,2026-02-11 00:00:00,Raymond Williams,FX,FX Forward,Anthony-Baker,Buy,728091,1.5057,1096286.62,Booked,False,False,2026-02-11 12:25:00,,2026-04-10 00:00:00
T00688,2026-02-11 00:00:00,Edward Taylor,Credit,Bond,Chang-Peterson,Buy,40030,109.358,4377600.74,Booked,False,False,2026-02-11 12:37:00,,2026-02-12 00:00:00
T00689,2026-02-11 00:00:00,Courtney Wagner,Equities,Equity,Crawford-Garrett,Sell,4568,79.07,361191.76,Booked,False,False,2026-02-11 12:48:00,,2026-02-12 00:00:00
T00690,2026-02-11 00:00:00,David Williams,Equities,Equity,Chang-Peterson,Sell,1122,62.14,69721.08,Booked,False,False,2026-02-11 12:58:00,,2026-02-12 00:00:00
T00691,2026-02-11 00:00:00,Sarah Silva,Rates,Bond,Chang-Peterson,Buy,58077,95.499,5546295.42,Booked,False,False,2026-02-11 13:15:00,,2026-02-12 00:00:00
T00692,2026-02-11 00:00:00,Eddie Hernandez,Credit,Bond,Allen Morgan and Reed,Buy,12586,92.448,1163550.53,Booked,False,False,2026-02-11 13:17:00,,2026-02-12 00:00:00
T00693,2026-02-11 00:00:00,Kevin Gutierrez,Equities,Option,Mcconnell-Fisher,Buy,340,1166.78,396705.2,Booked,False,False,2026-02-11 13:21:00,,2026-02-12 00:00:00
T00694,2026-02-11 00:00:00,Courtney Wagner,Equities,Equity,Wall PLC,Sell,424,478.15,202735.6,Booked,False,False,2026-02-11 13:36:00,,2026-02-12 00:00:00
T00695,2026-02-11 00:00:00,Joshua Wilson,Commodities,Option,Ellis Group,Sell,12633,400.11,5054589.63,Booked,False,False,2026-02-11 13:37:00,,2026-02-12 00:00:00
T00696,2026-02-11 00:00:00,Tracy Hayes,Rates,Swap,Santiago Reyes and Lynch,Buy,59,890073.19,52514318.21,Booked,False,False,2026-02-11 13:40:00,,2026-02-13 00:00:00
T00697,2026-02-11 00:00:00,Tracy Hayes,Rates,Bond,Anthony-Baker,Sell,7388,96.208,710784.7,Booked,False,False,2026-02-11 13:40:00,,2026-02-12 00:00:00
T00698,2026-02-11 00:00:00,Tracy Hayes,Rates,Swap,Lam-Gonzalez,Sell,1,984263.67,984263.67,Booked,False,False,2026-02-11 14:05:00,,2026-02-13 00:00:00
T00699,2026-02-11 00:00:00,Margaret Arellano,Commodities,Option,Stanton-Wilkinson,Sell,1468,777.18,1140900.24,Booked,False,False,2026-02-11 14:07:00,,2026-02-12 00:00:00
T00700,2026-02-11 00:00:00,Tracy Hayes,Rates,Swap,Chang-Peterson,Sell,4,345600.05,1382400.2,Booked,False,False,2026-02-11 14:12:00,,2026-02-13 00:00:00
T00701,2026-02-11 00:00:00,Tracy Hayes,Rates,Bond,Chang-Peterson,Buy,47917,101.832,4879483.94,Booked,False,False,2026-02-11 14:33:00,,2026-02-12 00:00:00
T00702,2026-02-11 00:00:00,Courtney Wagner,Equities,Equity,Powell Clark and Lopez,Buy,10955,146.71,1607208.05,Booked,False,False,2026-02-11 15:09:00,,2026-02-12 00:00:00
T00703,2026-02-11 00:00:00,Eddie Hernandez,Credit,Swap,Morales-Woodard,Sell,14,397264.87,5561708.18,Booked,False,False,2026-02-11 15:18:00,,2026-02-13 00:00:00
T00704,2026-02-11 00:00:00,Sarah Silva,Rates,Bond,Fernandez-Ferguson,Buy,10560,108.641,1147248.96,Booked,False,False,2026-02-11 15:21:00,,2026-02-12 00:00:00
T00705,2026-02-11 00:00:00,Pamela Hahn,FX,FX Forward,Anthony-Baker,Sell,7110049,1.0521,7480482.55,Booked,False,False,2026-02-11 15:29:00,,2026-03-12 00:00:00
T00706,2026-02-11 00:00:00,Tracy Hayes,Rates,Bond,Lam-Gonzalez,Sell,14097,96.457,1359754.33,Booked,False,False,2026-02-11 15:54:00,,2026-02-12 00:00:00
T00707,2026-02-11 00:00:00,David Williams,Equities,Option,Morales-Woodard,Buy,1703,908.21,1546681.63,Booked,False,False,2026-02-11 16:16:00,,2026-02-12 00:00:00
T00708,2026-02-11 00:00:00,Kevin Gutierrez,Equities,Equity,Nguyen Group,Buy,16467,184.32,3035197.44,Booked,False,False,2026-02-11 16:18:00,,2026-02-12 00:00:00
T00709,2026-02-11 00:00:00,Courtney Wagner,Equities,Option,Miranda and Sons,Buy,801,125.0,100125.0,Booked,False,False,2026-02-11 20:46:00,,2026-02-12 00:00:00
T00710,2026-02-11 00:00:00,Joshua Stevenson,Credit,Swap,Sullivan-Baxter,Buy,34,357081.04,12140755.36,Booked,False,False,2026-02-11 20:52:00,,2026-02-13 00:00:00
T00711,2026-02-12 00:00:00,Eddie Hernandez,Credit,Swap,Larsen Ray and Young,Buy,11,448686.69,4935553.59,Booked,False,False,2026-02-12 09:12:00,,2026-02-16 00:00:00
T00712,2026-02-12 00:00:00,Kevin Gutierrez,Equities,Option,Nguyen Group,Sell,1591,659.03,1048516.73,Booked,False,False,2026-02-12 10:16:00,,2026-02-13 00:00:00
T00713,2026-02-12 00:00:00,Kevin Gutierrez,Equities,Option,Miranda and Sons,Sell,5561,1039.25,5779269.25,Amended,True,False,2026-02-12 10:30:00,2026-02-13 13:47:00,2026-02-13 00:00:00
T00714,2026-02-12 00:00:00,Margaret Arellano,Commodities,Swap,Larsen Ray and Young,Buy,35,997790.8,34922678.0,Amended,True,False,2026-02-12 10:32:00,2026-02-12 12:33:00,2026-02-16 00:00:00
T00715,2026-02-12 00:00:00,Raymond Williams,FX,FX Forward,Powell Clark and Lopez,Buy,5738227,1.2017,6895627.39,Booked,False,False,2026-02-12 11:06:00,,2026-05-12 00:00:00
T00716,2026-02-12 00:00:00,Kevin Gutierrez,Equities,Equity,Larsen Ray and Young,Buy,3198,228.98,732278.04,Booked,False,False,2026-02-12 12:34:00,,2026-02-13 00:00:00
T00717,2026-02-12 00:00:00,Sarah Silva,Rates,Swap,Lam-Gonzalez,Sell,21,529511.5,11119741.5,Amended,True,False,2026-02-12 12:47:00,2026-02-13 11:35:00,2026-02-16 00:00:00
T00718,2026-02-12 00:00:00,Tracy Hayes,Rates,Swap,Crawford-Garrett,Buy,12,475074.28,5700891.36,Booked,False,False,2026-02-12 12:49:00,,2026-02-16 00:00:00
T00719,2026-02-12 00:00:00,Pamela Hahn,FX,Option,Dominguez and Sons,Buy,2364,205.94,486842.16,Booked,False,False,2026-02-12 13:36:00,,2026-02-13 00:00:00
T00720,2026-02-12 00:00:00,Courtney Wagner,Equities,Equity,Morales-Woodard,Sell,65120,243.26,15841091.2,Booked,False,False,2026-02-12 13:36:00,,2026-02-13 00:00:00
T00721,2026-02-12 00:00:00,Natalie Castillo,Rates,Swap,Mcconnell-Fisher,Buy,21,896087.64,18817840.44,Booked,False,False,2026-02-12 13:47:00,,2026-02-16 00:00:00
T00722,2026-02-12 00:00:00,Margaret Arellano,Commodities,Swap,Santiago Reyes and Lynch,Sell,7,427871.82,2995102.74,Booked,False,False,2026-02-12 13:59:00,,2026-02-16 00:00:00
T00723,2026-02-12 00:00:00,Dylan Lopez,FX,FX Forward,Wall PLC,Buy,12702759,1.5699,19942061.35,Booked,False,False,2026-02-12 14:21:00,,2026-04-13 00:00:00
T00724,2026-02-12 00:00:00,Courtney Wagner,Equities,Option,Anthony-Baker,Buy,943,787.61,742716.23,Booked,False,False,2026-02-12 14:59:00,,2026-02-13 00:00:00
T00725,2026-02-12 00:00:00,Natalie Castillo,Rates,Bond,Miranda and Sons,Buy,9272,90.979,843557.29,Cancelled,True,True,2026-02-12 16:31:00,2026-02-13 17:05:00,2026-02-13 00:00:00
T00726,2026-02-12 00:00:00,Raymond Williams,FX,FX Forward,Morales-Woodard,Buy,1581641,0.7841,1240164.71,Booked,False,False,2026-02-12 17:03:00,,2026-03-13 00:00:00
T00727,2026-02-13 00:00:00,Margaret Arellano,Commodities,Swap,Dominguez and Sons,Sell,5,967618.14,4838090.7,Booked,False,False,2026-02-13 07:40:00,,2026-02-17 00:00:00
T00728,2026-02-13 00:00:00,Pamela Hahn,FX,FX Forward,Foster Jones and Reed,Sell,598337,1.3885,830790.92,Booked,False,False,2026-02-13 07:51:00,,2026-05-13 00:00:00
T00729,2026-02-13 00:00:00,Tracy Hayes,Rates,Bond,Bishop LLC,Sell,55231,92.027,5082743.24,Amended,True,False,2026-02-13 08:24:00,2026-02-17 17:57:00,2026-02-16 00:00:00
T00730,2026-02-13 00:00:00,Tracy Hayes,Rates,Swap,Mitchell-Rodgers,Buy,5,480251.26,2401256.3,Booked,False,False,2026-02-13 09:58:00,,2026-02-17 00:00:00
T00731,2026-02-13 00:00:00,David Williams,Equities,Equity,Fernandez-Ferguson,Buy,6494,35.02,227419.88,Amended,True,False,2026-02-13 10:00:00,2026-02-17 18:13:00,2026-02-16 00:00:00
T00732,2026-02-13 00:00:00,Natalie Castillo,Rates,Bond,Chang-Peterson,Buy,45852,106.583,4887043.72,Amended,True,False,2026-02-13 10:33:00,2026-03-06 12:48:00,2026-02-16 00:00:00
T00733,2026-02-13 00:00:00,Heather Garrett,Commodities,Option,Morales-Woodard,Sell,1112,1166.27,1296892.24,Booked,False,False,2026-02-13 11:11:00,,2026-02-16 00:00:00
T00734,2026-02-13 00:00:00,Dylan Lopez,FX,Option,Bishop LLC,Buy,767,843.85,647232.95,Booked,False,False,2026-02-13 12:07:00,,2026-02-16 00:00:00
T00735,2026-02-13 00:00:00,Raymond Williams,FX,Option,Ellis Group,Buy,621,1184.3,735450.3,Booked,False,False,2026-02-13 12:14:00,,2026-02-16 00:00:00
T00736,2026-02-13 00:00:00,Heather Garrett,Commodities,Swap,Dominguez and Sons,Sell,5,651678.04,3258390.2,Amended,True,False,2026-02-13 12:38:00,2026-02-13 13:37:00,2026-02-17 00:00:00
T00737,2026-02-13 00:00:00,David Williams,Equities,Equity,Miranda and Sons,Buy,41741,54.0,2254014.0,Booked,False,False,2026-02-13 12:40:00,,2026-02-16 00:00:00
T00738,2026-02-13 00:00:00,Pamela Hahn,FX,FX Forward,Anthony-Baker,Buy,1081421,1.2322,1332526.96,Booked,False,False,2026-02-13 12:44:00,,2026-04-14 00:00:00
T00739,2026-02-13 00:00:00,Margaret Arellano,Commodities,Option,Larsen Ray and Young,Buy,4204,256.67,1079040.68,Booked,False,False,2026-02-13 12:50:00,,2026-02-16 00:00:00
T00740,2026-02-13 00:00:00,Pamela Hahn,FX,FX Forward,Bishop LLC,Sell,2115342,1.1861,2509007.15,Amended,True,False,2026-02-13 13:04:00,2026-02-13 13:49:00,2026-04-14 00:00:00
T00741,2026-02-13 00:00:00,Natalie Castillo,Rates,Swap,Wall PLC,Buy,27,848989.91,22922727.57,Booked,False,False,2026-02-13 13:07:00,,2026-02-17 00:00:00
T00742,2026-02-13 00:00:00,Raymond Williams,FX,FX Forward,Powell Clark and Lopez,Sell,1487909,1.4203,2113277.15,Booked,False,False,2026-02-13 13:19:00,,2026-05-13 00:00:00
T00743,2026-02-13 00:00:00,Kevin Gutierrez,Equities,Option,Larsen Ray and Young,Buy,745,1184.31,882310.95,Booked,False,False,2026-02-13 13:45:00,,2026-02-16 00:00:00
T00744,2026-02-13 00:00:00,Courtney Wagner,Equities,Option,Fernandez-Ferguson,Buy,615,145.2,89298.0,Booked,False,False,2026-02-13 13:52:00,,2026-02-16 00:00:00
T00745,2026-02-13 00:00:00,Dylan Lopez,FX,FX Forward,Chang-Peterson,Sell,611420,1.5337,937734.85,Amended,True,False,2026-02-13 13:55:00,2026-02-13 14:40:00,2026-03-16 00:00:00
T00746,2026-02-13 00:00:00,Tracy Hayes,Rates,Bond,Nguyen Group,Buy,54552,105.739,5768273.93,Booked,False,False,2026-02-13 14:23:00,,2026-02-16 00:00:00
T00747,2026-02-13 00:00:00,Pamela Hahn,FX,FX Forward,Nguyen Group,Buy,2288574,1.0242,2343957.49,Booked,False,False,2026-02-13 14:40:00,,2026-03-16 00:00:00
T00748,2026-02-13 00:00:00,Sarah Silva,Rates,Bond,Anthony-Baker,Sell,11638,107.104,1246476.35,Booked,False,False,2026-02-13 15:36:00,,2026-02-16 00:00:00
T00749,2026-02-13 00:00:00,Raymond Williams,FX,FX Forward,Fernandez-Ferguson,Buy,4860784,1.435,6975225.04,Booked,False,False,2026-02-13 17:26:00,,2026-03-16 00:00:00
T00750,2026-02-16 00:00:00,Sarah Silva,Rates,Swap,Chang-Peterson,Buy,4,603377.66,2413510.64,Booked,False,False,2026-02-16 09:15:00,,2026-02-18 00:00:00
T00751,2026-02-16 00:00:00,Courtney Wagner,Equities,Equity,Anthony-Baker,Sell,23070,48.94,1129045.8,Booked,False,False,2026-02-16 10:42:00,,2026-02-17 00:00:00
T00752,2026-02-16 00:00:00,Kevin Gutierrez,Equities,Equity,Larsen Ray and Young,Sell,2999,409.96,1229470.04,Amended,True,False,2026-02-16 10:54:00,2026-02-17 17:50:00,2026-02-17 00:00:00
T00753,2026-02-16 00:00:00,Kevin Gutierrez,Equities,Equity,Lee PLC,Buy,6539,208.97,1366454.83,Booked,False,False,2026-02-16 10:59:00,,2026-02-17 00:00:00
T00754,2026-02-16 00:00:00,Pamela Hahn,FX,FX Forward,Lam-Gonzalez,Sell,398927,1.0057,401200.88,Booked,False,False,2026-02-16 11:00:00,,2026-03-17 00:00:00
T00755,2026-02-16 00:00:00,Sarah Silva,Rates,Swap,Foster Jones and Reed,Buy,413,561941.36,232081781.68,Booked,False,False,2026-02-16 11:42:00,,2026-02-18 00:00:00
T00756,2026-02-16 00:00:00,Raymond Williams,FX,FX Forward,Larsen Ray and Young,Sell,687178,1.2485,857941.73,Booked,False,False,2026-02-16 11:47:00,,2026-03-17 00:00:00
T00757,2026-02-16 00:00:00,Tracy Hayes,Rates,Bond,Mclaughlin PLC,Buy,2239,102.238,228910.88,Cancelled,True,True,2026-02-16 11:53:00,2026-02-16 14:47:00,2026-02-17 00:00:00
T00758,2026-02-16 00:00:00,Kevin Gutierrez,Equities,Equity,Wright and Sons,Sell,8697,58.11,505382.67,Booked,False,False,2026-02-16 11:56:00,,2026-02-17 00:00:00
T00759,2026-02-16 00:00:00,Edward Taylor,Credit,Bond,Foster Jones and Reed,Sell,25141,93.756,2357119.6,Booked,False,False,2026-02-16 12:32:00,,2026-02-17 00:00:00
T00760,2026-02-16 00:00:00,Courtney Wagner,Equities,Equity,Mcconnell-Fisher,Sell,1714,150.62,258162.68,Booked,False,False,2026-02-16 13:13:00,,2026-02-17 00:00:00
T00761,2026-02-16 00:00:00,Tracy Hayes,Rates,Swap,Crawford-Garrett,Buy,18,537220.91,9669976.38,Cancelled,True,True,2026-02-16 13:18:00,2026-02-17 14:40:00,2026-02-18 00:00:00
T00762,2026-02-16 00:00:00,Raymond Williams,FX,FX Forward,Chang-Peterson,Buy,2916855,1.095,3193956.22,Booked,False,False,2026-02-16 13:50:00,,2026-03-17 00:00:00
T00763,2026-02-16 00:00:00,Tracy Hayes,Rates,Bond,Ellis Group,Sell,111644,90.411,10093845.68,Amended,True,False,2026-02-16 13:55:00,2026-02-16 14:52:00,2026-02-17 00:00:00
T00764,2026-02-16 00:00:00,Tracy Hayes,Rates,Swap,Crawford-Garrett,Buy,2,483877.23,967754.46,Amended,True,False,2026-02-16 13:56:00,2026-02-17 15:20:00,2026-02-18 00:00:00
T00765,2026-02-16 00:00:00,Sarah Silva,Rates,Swap,Mclaughlin PLC,Buy,10,453647.37,4536473.7,Booked,False,False,2026-02-16 14:01:00,,2026-02-18 00:00:00
T00766,2026-02-16 00:00:00,Eddie Hernandez,Credit,Bond,Anthony-Baker,Sell,21576,105.739,2281424.66,Booked,False,False,2026-02-16 14:04:00,,2026-02-17 00:00:00
T00767,2026-02-16 00:00:00,Eddie Hernandez,Credit,Bond,Dominguez and Sons,Sell,108843,98.73,10746069.39,Booked,False,False,2026-02-16 16:11:00,,2026-02-17 00:00:00
T00768,2026-02-16 00:00:00,Sarah Silva,Rates,Bond,Nguyen Group,Buy,142750,107.494,15344768.5,Booked,False,False,2026-02-16 17:15:00,,2026-02-17 00:00:00
T00769,2026-02-17 00:00:00,Natalie Castillo,Rates,Bond,Dominguez and Sons,Sell,16784,107.696,1807569.66,Booked,False,False,2026-02-17 07:00:00,,2026-02-18 00:00:00
T00770,2026-02-17 00:00:00,Pamela Hahn,FX,Option,Mcconnell-Fisher,Buy,1104,695.99,768372.96,Booked,False,False,2026-02-17 07:11:00,,2026-02-18 00:00:00
T00771,2026-02-17 00:00:00,Pamela Hahn,FX,FX Forward,Ellis Group,Buy,5135592,1.3911,7144122.03,Booked,False,False,2026-02-17 08:52:00,,2026-03-18 00:00:00
T00772,2026-02-17 00:00:00,Kevin Gutierrez,Equities,Equity,Chang-Peterson,Sell,7880,139.65,1100442.0,Cancelled,True,True,2026-02-17 09:10:00,2026-02-19 12:28:00,2026-02-18 00:00:00
T00773,2026-02-17 00:00:00,Joshua Stevenson,Credit,Bond,Nguyen Group,Buy,49686,98.514,4894766.6,Amended,True,False,2026-02-17 09:39:00,2026-02-17 21:17:00,2026-02-18 00:00:00
T00774,2026-02-17 00:00:00,Tracy Hayes,Rates,Bond,Mclaughlin PLC,Sell,27651,105.226,2909604.13,Booked,False,False,2026-02-17 09:51:00,,2026-02-18 00:00:00
T00775,2026-02-17 00:00:00,Sarah Silva,Rates,Bond,Mclaughlin PLC,Buy,52615,93.225,4905033.38,Booked,False,False,2026-02-17 09:53:00,,2026-02-18 00:00:00
T00776,2026-02-17 00:00:00,Eddie Hernandez,Credit,Swap,Foster Jones and Reed,Buy,20,948401.09,18968021.8,Booked,False,False,2026-02-17 10:32:00,,2026-02-19 00:00:00
T00777,2026-02-17 00:00:00,Pamela Hahn,FX,FX Forward,Chang-Peterson,Sell,1278927,1.0218,1306807.61,Booked,False,False,2026-02-17 11:08:00,,2026-05-15 00:00:00
T00778,2026-02-17 00:00:00,David Williams,Equities,Equity,Anthony-Baker,Sell,4567,438.33,2001853.11,Booked,False,False,2026-02-17 11:10:00,,2026-02-18 00:00:00
T00779,2026-02-17 00:00:00,Joshua Stevenson,Credit,Bond,Mcconnell-Fisher,Buy,10086,93.826,946329.04,Booked,False,False,2026-02-17 11:17:00,,2026-02-18 00:00:00
T00780,2026-02-17 00:00:00,Tracy Hayes,Rates,Swap,Fernandez-Ferguson,Buy,11,345017.4,3795191.4,Booked,False,False,2026-02-17 11:17:00,,2026-02-19 00:00:00
T00781,2026-02-17 00:00:00,Margaret Arellano,Commodities,Swap,Allen Morgan and Reed,Buy,4,943526.99,3774107.96,Booked,False,False,2026-02-17 11:22:00,,2026-02-19 00:00:00
T00782,2026-02-17 00:00:00,Sarah Silva,Rates,Bond,Nguyen Group,Buy,58378,90.451,5280348.48,Amended,True,False,2026-02-17 11:28:00,2026-02-17 17:20:00,2026-02-18 00:00:00
T00783,2026-02-17 00:00:00,Sarah Silva,Rates,Bond,Stanton-Wilkinson,Sell,26677,98.62,2630885.74,Booked,False,False,2026-02-17 11:29:00,,2026-02-18 00:00:00
T00784,2026-02-17 00:00:00,Natalie Castillo,Rates,Swap,Ellis Group,Buy,23,476517.73,10959907.79,Booked,False,False,2026-02-17 11:34:00,,2026-02-19 00:00:00
T00785,2026-02-17 00:00:00,Heather Garrett,Commodities,Option,Wall PLC,Sell,29276,1055.29,30894670.04,Booked,False,False,2026-02-17 11:46:00,,2026-02-18 00:00:00
T00786,2026-02-17 00:00:00,Joshua Stevenson,Credit,Swap,Dominguez and Sons,Buy,5,776805.1,3884025.5,Booked,False,False,2026-02-17 11:50:00,,2026-02-19 00:00:00
T00787,2026-02-17 00:00:00,Kevin Gutierrez,Equities,Equity,Foster Jones and Reed,Sell,4572,195.94,895837.68,Booked,False,False,2026-02-17 12:26:00,,2026-02-18 00:00:00
T00788,2026-02-17 00:00:00,Eddie Hernandez,Credit,Swap,Ellis Group,Sell,62,578575.29,35871667.98,Booked,False,False,2026-02-17 12:27:00,,2026-02-19 00:00:00
T00789,2026-02-17 00:00:00,Sarah Silva,Rates,Bond,Ellis Group,Buy,5156,88.682,457244.39,Amended,True,False,2026-02-17 12:50:00,2026-02-24 18:59:00,2026-02-18 00:00:00
T00790,2026-02-17 00:00:00,Courtney Wagner,Equities,Option,Mitchell-Rodgers,Sell,459,828.97,380497.23,Booked,False,False,2026-02-17 12:52:00,,2026-02-18 00:00:00
T00791,2026-02-17 00:00:00,Courtney Wagner,Equities,Equity,Sullivan-Baxter,Sell,2304,239.13,550955.52,Booked,False,False,2026-02-17 12:53:00,,2026-02-18 00:00:00
T00792,2026-02-17 00:00:00,Joshua Stevenson,Credit,Bond,Sullivan-Baxter,Sell,26360,93.758,2471460.88,Booked,False,False,2026-02-17 13:03:00,,2026-02-18 00:00:00
T00793,2026-02-17 00:00:00,Tracy Hayes,Rates,Bond,Chang-Peterson,Buy,11277,105.059,1184750.34,Booked,False,False,2026-02-17 13:16:00,,2026-02-18 00:00:00
T00794,2026-02-17 00:00:00,Kevin Gutierrez,Equities,Equity,Chang-Peterson,Sell,2239,89.13,199562.07,Booked,False,False,2026-02-17 13:57:00,,2026-02-18 00:00:00
T00795,2026-02-17 00:00:00,Courtney Wagner,Equities,Equity,Crawford-Garrett,Buy,25965,21.06,546822.9,Booked,False,False,2026-02-17 14:37:00,,2026-02-18 00:00:00
T00796,2026-02-17 00:00:00,Margaret Arellano,Commodities,Swap,Chang-Peterson,Buy,4,373891.99,1495567.96,Booked,False,False,2026-02-17 14:48:00,,2026-02-19 00:00:00
T00797,2026-02-17 00:00:00,Joshua Stevenson,Credit,Bond,Wall PLC,Buy,74754,104.923,7843413.94,Booked,False,False,2026-02-17 14:51:00,,2026-02-18 00:00:00
T00798,2026-02-17 00:00:00,Pamela Hahn,FX,FX Forward,Santiago Reyes and Lynch,Sell,7317449,1.1968,8757522.96,Booked,False,False,2026-02-17 15:07:00,,2026-05-15 00:00:00
T00799,2026-02-17 00:00:00,Tracy Hayes,Rates,Bond,Larsen Ray and Young,Sell,11057,91.633,1013186.08,Booked,False,False,2026-02-17 15:25:00,,2026-02-18 00:00:00
T00800,2026-02-17 00:00:00,Eddie Hernandez,Credit,Swap,Stanton-Wilkinson,Buy,13,411032.24,5343419.12,Amended,True,False,2026-02-17 17:42:00,2026-02-18 18:49:00,2026-02-19 00:00:00
T00801,2026-02-17 00:00:00,Tracy Hayes,Rates,Bond,Foster Jones and Reed,Sell,8437,90.685,765109.34,Booked,False,False,2026-02-17 17:57:00,,2026-02-18 00:00:00
T00802,2026-02-17 00:00:00,Eddie Hernandez,Credit,Swap,Mitchell-Rodgers,Sell,13,448926.1,5836039.3,Booked,False,False,2026-02-17 18:05:00,,2026-02-19 00:00:00
T00803,2026-02-18 00:00:00,Courtney Wagner,Equities,Option,Nguyen Group,Buy,1032,154.8,159753.6,Booked,False,False,2026-02-18 07:49:00,,2026-02-19 00:00:00
T00804,2026-02-18 00:00:00,Dylan Lopez,FX,FX Forward,Crawford-Garrett,Buy,3710980,1.5086,5598384.43,Booked,False,False,2026-02-18 08:46:00,,2026-05-18 00:00:00
T00805,2026-02-18 00:00:00,Tracy Hayes,Rates,Bond,Larsen Ray and Young,Sell,13963,100.241,1399665.08,Booked,False,False,2026-02-18 09:17:00,,2026-02-18 00:00:00
T00806,2026-02-18 00:00:00,Sarah Silva,Rates,Bond,Lee PLC,Sell,21000,95.346,2002266.0,Booked,False,False,2026-02-18 09:47:00,,2026-02-19 00:00:00
T00807,2026-02-18 00:00:00,Sarah Silva,Rates,Swap,Crawford-Garrett,Sell,8,634552.21,5076417.68,Booked,False,False,2026-02-18 09:54:00,,2026-02-20 00:00:00
T00808,2026-02-18 00:00:00,Margaret Arellano,Commodities,Swap,Anthony-Baker,Buy,20,500672.3,10013446.0,Booked,False,False,2026-02-18 09:58:00,,2026-02-20 00:00:00
T00809,2026-02-18 00:00:00,Kevin Gutierrez,Equities,Equity,Brown-Wiggins,Sell,5687,368.37,2094920.19,Booked,False,False,2026-02-18 10:31:00,,2026-02-19 00:00:00
T00810,2026-02-18 00:00:00,Sarah Silva,Rates,Swap,Brown-Wiggins,Buy,21,587263.66,12332536.86,Booked,False,False,2026-02-18 10:34:00,,2026-02-20 00:00:00
T00811,2026-02-18 00:00:00,Sarah Silva,Rates,Bond,Larsen Ray and Young,Buy,31447,91.898,2889916.41,Booked,False,False,2026-02-18 11:10:00,,2026-02-19 00:00:00
T00812,2026-02-18 00:00:00,Raymond Williams,FX,FX Forward,Brown-Wiggins,Buy,4768726,1.3677,6522186.55,Booked,False,False,2026-02-18 11:12:00,,2026-04-17 00:00:00
T00813,2026-02-18 00:00:00,Margaret Arellano,Commodities,Option,Fernandez-Ferguson,Buy,1696,1094.97,1857069.12,Cancelled,True,True,2026-02-18 11:25:00,2026-02-19 16:14:00,2026-02-19 00:00:00
T00814,2026-02-18 00:00:00,Sarah Silva,Rates,Bond,Mcconnell-Fisher,Buy,76941,102.105,7856060.81,Booked,False,False,2026-02-18 11:35:00,,2026-02-19 00:00:00
T00815,2026-02-18 00:00:00,Joshua Stevenson,Credit,Bond,Larsen Ray and Young,Buy,5256,109.424,575132.54,Booked,False,False,2026-02-18 11:36:00,,2026-02-19 00:00:00
T00816,2026-02-18 00:00:00,Sarah Silva,Rates,Bond,Ellis Group,Sell,21071,99.818,2103265.08,Booked,False,False,2026-02-18 11:39:00,,2026-03-23 00:00:00
T00817,2026-02-18 00:00:00,Joshua Stevenson,Credit,Bond,Sullivan-Baxter,Sell,10255,88.254,905044.77,Booked,False,False,2026-02-18 12:00:00,,2026-02-19 00:00:00
T00818,2026-02-18 00:00:00,Pamela Hahn,FX,FX Forward,Crawford-Garrett,Buy,5289186,0.8282,4380503.85,Booked,False,False,2026-02-18 12:12:00,,2026-03-19 00:00:00
T00819,2026-02-18 00:00:00,Eddie Hernandez,Credit,Bond,Lam-Gonzalez,Buy,39452,104.36,4117210.72,Booked,False,False,2026-02-18 12:25:00,,2026-02-19 00:00:00
T00820,2026-02-18 00:00:00,Tracy Hayes,Rates,Bond,Foster Jones and Reed,Buy,58498,107.67,6298479.66,Booked,False,False,2026-02-18 12:27:00,,2026-02-19 00:00:00
T00821,2026-02-18 00:00:00,Pamela Hahn,FX,Option,Stanton-Wilkinson,Buy,438,1224.88,536497.44,Booked,False,False,2026-02-18 12:36:00,,2026-02-19 00:00:00
T00822,2026-02-18 00:00:00,Joshua Stevenson,Credit,Bond,Crawford-Garrett,Buy,30553,103.198,3153008.49,Amended,True,False,2026-02-18 12:49:00,2026-02-18 14:41:00,2026-02-19 00:00:00
T00823,2026-02-18 00:00:00,Sarah Silva,Rates,Bond,Mclaughlin PLC,Buy,22683,102.796,2331721.67,Booked,False,False,2026-02-18 13:11:00,,2026-02-19 00:00:00
T00824,2026-02-18 00:00:00,Pamela Hahn,FX,FX Forward,Larsen Ray and Young,Buy,4764553,1.2201,5813231.12,Booked,False,False,2026-02-18 13:27:00,,2026-04-17 00:00:00
T00825,2026-02-18 00:00:00,Sarah Silva,Rates,Swap,Mitchell-Rodgers,Sell,4,997680.79,3990723.16,Booked,False,False,2026-02-18 13:29:00,,2026-02-20 00:00:00
T00826,2026-02-18 00:00:00,David Williams,Equities,Equity,Powell Clark and Lopez,Buy,4648,74.89,348088.72,Booked,False,False,2026-02-18 13:44:00,,2026-02-19 00:00:00
T00827,2026-02-18 00:00:00,Joshua Stevenson,Credit,Bond,Dominguez and Sons,Sell,11059,104.668,1157523.41,Booked,False,False,2026-02-18 13:49:00,,2026-02-19 00:00:00
T00828,2026-02-18 00:00:00,Heather Garrett,Commodities,Swap,Chang-Peterson,Buy,10,782099.78,7820997.8,Booked,False,False,2026-02-18 14:03:00,,2026-02-20 00:00:00
T00829,2026-02-18 00:00:00,Raymond Williams,FX,FX Forward,Wall PLC,Sell,2081517,1.3553,2821079.99,Booked,False,False,2026-02-18 14:33:00,,2026-04-17 00:00:00
T00830,2026-02-18 00:00:00,Tracy Hayes,Rates,Bond,Stanton-Wilkinson,Sell,14245,107.315,1528702.18,Amended,True,False,2026-02-18 15:06:00,2026-02-19 16:13:00,2026-02-19 00:00:00
T00831,2026-02-18 00:00:00,Pamela Hahn,FX,Option,Foster Jones and Reed,Sell,580,660.15,382887.0,Booked,False,False,2026-02-18 15:59:00,,2026-02-19 00:00:00
T00832,2026-02-18 00:00:00,Dylan Lopez,FX,FX Forward,Larsen Ray and Young,Buy,3868969,0.8127,3144311.11,Booked,False,False,2026-02-18 16:09:00,,2026-03-19 00:00:00
T00833,2026-02-18 00:00:00,Heather Garrett,Commodities,Swap,Powell Clark and Lopez,Buy,12,921234.98,11054819.76,Booked,False,False,2026-02-18 16:16:00,,2026-02-20 00:00:00
T00834,2026-02-18 00:00:00,Sarah Silva,Rates,Bond,Lam-Gonzalez,Buy,42245,111.404,4706261.98,Booked,False,False,2026-02-18 16:46:00,,2026-02-19 00:00:00
T00835,2026-02-18 00:00:00,Courtney Wagner,Equities,Equity,Ellis Group,Sell,3980,232.42,925031.6,Booked,False,False,2026-02-18 17:32:00,,2026-02-19 00:00:00
T00836,2026-02-18 00:00:00,Courtney Wagner,Equities,Equity,Lee PLC,Buy,5402,152.41,823318.82,Booked,False,False,2026-02-18 17:53:00,,2026-02-19 00:00:00
T00837,2026-02-18 00:00:00,Tracy Hayes,Rates,Swap,Santiago Reyes and Lynch,Sell,4,615393.17,2461572.68,Booked,False,False,2026-02-18 18:42:00,,2026-02-20 00:00:00
T00838,2026-02-18 00:00:00,Pamela Hahn,FX,FX Forward,Wall PLC,Sell,960171,1.4856,1426430.04,Amended,True,False,2026-02-18 19:07:00,2026-02-19 12:57:00,2026-03-19 00:00:00
T00839,2026-02-18 00:00:00,Tracy Hayes,Rates,Swap,Stanton-Wilkinson,Sell,26,778872.72,20250690.72,Booked,False,False,2026-02-18 19:34:00,,2026-02-20 00:00:00
T00840,2026-02-19 00:00:00,Heather Garrett,Commodities,Option,Foster Jones and Reed,Sell,1128,1236.44,1394704.32,Booked,False,False,2026-02-19 09:03:00,,2026-02-20 00:00:00
T00841,2026-02-19 00:00:00,Courtney Wagner,Equities,Option,Larsen Ray and Young,Sell,3461,718.15,2485517.15,Booked,False,False,2026-02-19 09:07:00,,2026-02-20 00:00:00
T00842,2026-02-19 00:00:00,Dylan Lopez,FX,FX Forward,Mclaughlin PLC,Buy,1039121,1.0357,1076217.62,Booked,False,False,2026-02-19 09:42:00,,2026-05-19 00:00:00
T00843,2026-02-19 00:00:00,Pamela Hahn,FX,FX Forward,Miranda and Sons,Sell,664600,1.0301,684604.46,Booked,False,False,2026-02-19 10:30:00,,2026-04-20 00:00:00
T00844,2026-02-19 00:00:00,Courtney Wagner,Equities,Equity,Sullivan-Baxter,Buy,2515,337.61,849089.15,Booked,False,False,2026-02-19 10:31:00,,2026-02-20 00:00:00
T00845,2026-02-19 00:00:00,Joshua Stevenson,Credit,Swap,Morales-Woodard,Buy,48,476213.24,22858235.52,Booked,False,False,2026-02-19 11:19:00,,2026-02-23 00:00:00
T00846,2026-02-19 00:00:00,Courtney Wagner,Equities,Equity,Dominguez and Sons,Sell,4325,445.47,1926657.75,Booked,False,False,2026-02-19 11:44:00,,2026-02-20 00:00:00
T00847,2026-02-19 00:00:00,Kevin Gutierrez,Equities,Equity,Lam-Gonzalez,Buy,3124,18.79,58699.96,Booked,False,False,2026-02-19 12:07:00,,2026-02-20 00:00:00
T00848,2026-02-19 00:00:00,Joshua Stevenson,Credit,Swap,Larsen Ray and Young,Buy,13,639570.7,8314419.1,Booked,False,False,2026-02-19 12:39:00,,2026-02-23 00:00:00
T00849,2026-02-19 00:00:00,Courtney Wagner,Equities,Equity,Chang-Peterson,Buy,94582,37.14,3512775.48,Booked,False,False,2026-02-19 12:45:00,,2026-02-20 00:00:00
T00850,2026-02-19 00:00:00,Sarah Silva,Rates,Bond,Larsen Ray and Young,Buy,18972,106.236,2015509.39,Booked,False,False,2026-02-19 13:15:00,,2026-02-20 00:00:00
T00851,2026-02-19 00:00:00,Raymond Williams,FX,Option,Bishop LLC,Sell,444,743.44,330087.36,Booked,False,False,2026-02-19 13:20:00,,2026-02-20 00:00:00
T00852,2026-02-19 00:00:00,Heather Garrett,Commodities,Option,Crawford-Garrett,Buy,1353,1095.14,1481724.42,Booked,False,False,2026-02-19 13:51:00,,2026-02-20 00:00:00
T00853,2026-02-19 00:00:00,Raymond Williams,FX,FX Forward,Bishop LLC,Buy,564345,1.118,630937.71,Booked,False,False,2026-02-19 13:55:00,,2026-04-20 00:00:00
T00854,2026-02-19 00:00:00,Tracy Hayes,Rates,Bond,Sullivan-Baxter,Buy,19895,88.562,1761940.99,Booked,False,False,2026-02-19 14:13:00,,2026-02-20 00:00:00
T00855,2026-02-19 00:00:00,Natalie Castillo,Rates,Swap,Miranda and Sons,Buy,48,900767.1,43236820.8,Booked,False,False,2026-02-19 14:32:00,,2026-02-23 00:00:00
T00856,2026-02-19 00:00:00,Sarah Silva,Rates,Swap,Mclaughlin PLC,Sell,39,675971.32,26362881.48,Booked,False,False,2026-02-19 14:59:00,,2026-02-23 00:00:00
T00857,2026-02-19 00:00:00,Pamela Hahn,FX,FX Forward,Crawford-Garrett,Buy,1686948,1.3646,2302009.24,Booked,False,False,2026-02-19 15:01:00,,2026-03-20 00:00:00
T00858,2026-02-19 00:00:00,Joshua Wilson,Commodities,Swap,Anthony-Baker,Sell,9,652411.6,5871704.4,Booked,False,False,2026-02-19 15:07:00,,2026-02-23 00:00:00
T00859,2026-02-19 00:00:00,Sarah Silva,Rates,Swap,Stanton-Wilkinson,Sell,3,566695.08,1700085.24,Booked,False,False,2026-02-19 15:19:00,,2026-02-23 00:00:00
T00860,2026-02-19 00:00:00,Courtney Wagner,Equities,Equity,Mclaughlin PLC,Sell,5196,131.17,681559.32,Booked,False,False,2026-02-19 15:24:00,,2026-02-20 00:00:00
T00861,2026-02-19 00:00:00,Tracy Hayes,Rates,Bond,Lam-Gonzalez,Buy,46862,101.462,4754712.24,Booked,False,False,2026-02-19 16:06:00,,2026-02-20 00:00:00
T00862,2026-02-19 00:00:00,Natalie Castillo,Rates,Swap,Anthony-Baker,Sell,4,577317.76,2309271.04,Booked,False,False,2026-02-19 16:24:00,,2026-02-23 00:00:00
T00863,2026-02-19 00:00:00,Kevin Gutierrez,Equities,Equity,Ellis Group,Buy,1951,217.17,423698.67,Booked,False,False,2026-02-19 17:13:00,,2026-02-20 00:00:00
T00864,2026-02-19 00:00:00,Joshua Stevenson,Credit,Bond,Dominguez and Sons,Sell,40329,107.091,4318872.94,Booked,False,False,2026-02-19 17:50:00,,2026-02-20 00:00:00
T00865,2026-02-20 00:00:00,Pamela Hahn,FX,FX Forward,Mclaughlin PLC,Sell,2484708,1.2412,3084019.57,Booked,False,False,2026-02-20 07:00:00,,2026-03-23 00:00:00
T00866,2026-02-20 00:00:00,Margaret Arellano,Commodities,Swap,Brown-Wiggins,Sell,30,760445.22,22813356.6,Booked,False,False,2026-02-20 08:44:00,,2026-02-24 00:00:00
T00867,2026-02-20 00:00:00,Tracy Hayes,Rates,Swap,Wall PLC,Buy,36,256909.26,9248733.36,Booked,False,False,2026-02-20 09:02:00,,2026-02-24 00:00:00
T00868,2026-02-20 00:00:00,Natalie Castillo,Rates,Bond,Larsen Ray and Young,Buy,22222,107.175,2381642.85,Cancelled,True,True,2026-02-20 09:10:00,2026-02-20 12:44:00,2026-02-23 00:00:00
T00869,2026-02-20 00:00:00,Courtney Wagner,Equities,Equity,Mclaughlin PLC,Sell,7481,101.96,762762.76,Booked,False,False,2026-02-20 09:21:00,,2026-02-23 00:00:00
T00870,2026-02-20 00:00:00,Heather Garrett,Commodities,Option,Anthony-Baker,Sell,1095,99.63,109094.85,Booked,False,False,2026-02-20 09:41:00,,2026-02-23 00:00:00
T00871,2026-02-20 00:00:00,Sarah Silva,Rates,Bond,Allen Morgan and Reed,Sell,3487428,104.569,364676858.53,Booked,False,False,2026-02-20 09:46:00,,2026-02-23 00:00:00
T00872,2026-02-20 00:00:00,Tracy Hayes,Rates,Bond,Wright and Sons,Sell,4515,94.248,425529.72,Booked,False,False,2026-02-20 10:18:00,,2026-02-23 00:00:00
T00873,2026-02-20 00:00:00,Eddie Hernandez,Credit,Swap,Miranda and Sons,Sell,3,489939.04,1469817.12,Booked,False,False,2026-02-20 10:33:00,,2026-02-24 00:00:00
T00874,2026-02-20 00:00:00,Sarah Silva,Rates,Swap,Stanton-Wilkinson,Sell,42,727003.47,30534145.74,Booked,False,False,2026-02-20 11:15:00,,2026-02-24 00:00:00
T00875,2026-02-20 00:00:00,Sarah Silva,Rates,Bond,Larsen Ray and Young,Sell,22736,89.319,2030756.78,Booked,False,False,2026-02-20 11:18:00,,2026-02-23 00:00:00
T00876,2026-02-20 00:00:00,Eddie Hernandez,Credit,Swap,Dominguez and Sons,Buy,8,760105.13,6080841.04,Amended,True,False,2026-02-20 11:32:00,2026-02-23 16:44:00,2026-02-24 00:00:00
T00877,2026-02-20 00:00:00,David Williams,Equities,Option,Wright and Sons,Buy,533,905.57,482668.81,Booked,False,False,2026-02-20 11:50:00,,2026-02-23 00:00:00
T00878,2026-02-20 00:00:00,Tracy Hayes,Rates,Swap,Sullivan-Baxter,Buy,5,784737.03,3923685.15,Booked,False,False,2026-02-20 11:57:00,,2026-02-24 00:00:00
T00879,2026-02-20 00:00:00,Tracy Hayes,Rates,Bond,Foster Jones and Reed,Buy,22230,104.621,2325724.83,Booked,False,False,2026-02-20 11:59:00,,2026-02-23 00:00:00
T00880,2026-02-20 00:00:00,Raymond Williams,FX,FX Forward,Crawford-Garrett,Sell,1465384,0.8297,1215829.1,Booked,False,False,2026-02-20 12:07:00,,2026-03-23 00:00:00
T00881,2026-02-20 00:00:00,Pamela Hahn,FX,FX Forward,Bishop LLC,Buy,1288796,0.8391,1081428.72,Booked,False,False,2026-02-20 12:08:00,,2026-05-20 00:00:00
T00882,2026-02-20 00:00:00,Raymond Williams,FX,FX Forward,Morales-Woodard,Buy,1276339,1.428,1822612.09,Booked,False,False,2026-02-20 12:28:00,,2026-03-23 00:00:00
T00883,2026-02-20 00:00:00,Sarah Silva,Rates,Swap,Miranda and Sons,Sell,31,944511.71,29279863.01,Booked,False,False,2026-02-20 12:31:00,,2026-02-24 00:00:00
T00884,2026-02-20 00:00:00,Joshua Wilson,Commodities,Option,Fernandez-Ferguson,Buy,496,919.84,456240.64,Booked,False,False,2026-02-20 12:37:00,,2026-02-23 00:00:00
T00885,2026-02-20 00:00:00,Courtney Wagner,Equities,Equity,Mitchell-Rodgers,Sell,2378,270.92,644247.76,Booked,False,False,2026-02-20 12:49:00,,2026-02-23 00:00:00
T00886,2026-02-20 00:00:00,Margaret Arellano,Commodities,Swap,Crawford-Garrett,Buy,30,273995.71,8219871.3,Booked,False,False,2026-02-20 12:50:00,,2026-02-24 00:00:00
T00887,2026-02-20 00:00:00,Natalie Castillo,Rates,Swap,Ellis Group,Buy,20,621949.81,12438996.2,Booked,False,False,2026-02-20 13:00:00,,2026-02-24 00:00:00
T00888,2026-02-20 00:00:00,Tracy Hayes,Rates,Swap,Santiago Reyes and Lynch,Sell,8,997167.98,7977343.84,Booked,False,False,2026-02-20 13:09:00,,2026-02-24 00:00:00
T00889,2026-02-20 00:00:00,Sarah Silva,Rates,Bond,Crawford-Garrett,Buy,13604,88.996,1210701.58,Booked,False,False,2026-02-20 13:14:00,,2026-02-23 00:00:00
T00890,2026-02-20 00:00:00,Kevin Gutierrez,Equities,Option,Chang-Peterson,Buy,267,1008.06,269152.02,Booked,False,False,2026-02-20 13:16:00,,2026-02-23 00:00:00
T00891,2026-02-20 00:00:00,Kevin Gutierrez,Equities,Option,Larsen Ray and Young,Buy,179,250.06,44760.74,Amended,True,False,2026-02-20 13:32:00,2026-02-23 13:16:00,2026-02-23 00:00:00
T00892,2026-02-20 00:00:00,Raymond Williams,FX,FX Forward,Ellis Group,Sell,948999,1.1461,1087647.75,Booked,False,False,2026-02-20 14:00:00,,2026-03-23 00:00:00
T00893,2026-02-20 00:00:00,Pamela Hahn,FX,FX Forward,Powell Clark and Lopez,Buy,2040193,0.9323,1902071.93,Booked,False,False,2026-02-20 14:03:00,,2026-05-20 00:00:00
T00894,2026-02-20 00:00:00,Margaret Arellano,Commodities,Option,Nguyen Group,Buy,1666,916.16,1526322.56,Booked,False,False,2026-02-20 14:16:00,,2026-02-23 00:00:00
T00895,2026-02-20 00:00:00,Sarah Silva,Rates,Bond,Mclaughlin PLC,Sell,51634,110.124,5686142.62,Booked,False,False,2026-02-20 14:17:00,,2026-02-23 00:00:00
T00896,2026-02-20 00:00:00,Edward Taylor,Credit,Swap,Allen Morgan and Reed,Sell,29,639068.12,18532975.48,Booked,False,False,2026-02-20 14:41:00,,2026-02-24 00:00:00
T00897,2026-02-20 00:00:00,Sarah Silva,Rates,Swap,Nguyen Group,Buy,12,264704.64,3176455.68,Booked,False,False,2026-02-20 14:42:00,,2026-02-24 00:00:00
T00898,2026-02-20 00:00:00,Heather Garrett,Commodities,Option,Powell Clark and Lopez,Buy,4777,156.87,749367.99,Booked,False,False,2026-02-20 15:02:00,,2026-02-23 00:00:00
T00899,2026-02-20 00:00:00,Heather Garrett,Commodities,Swap,Ellis Group,Sell,16,686496.86,10983949.76,Booked,False,False,2026-02-20 16:12:00,,2026-02-24 00:00:00
T00900,2026-02-20 00:00:00,Natalie Castillo,Rates,Bond,Santiago Reyes and Lynch,Sell,24550,92.311,2266235.05,Amended,True,False,2026-02-20 16:17:00,2026-02-20 18:38:00,2026-02-23 00:00:00
T00901,2026-02-20 00:00:00,Pamela Hahn,FX,Option,Chang-Peterson,Buy,358,192.58,68943.64,Booked,False,False,2026-02-20 17:13:00,,2026-02-23 00:00:00
T00902,2026-02-20 00:00:00,Kevin Gutierrez,Equities,Equity,Dominguez and Sons,Sell,5269,26.25,138311.25,Booked,False,False,2026-02-20 17:28:00,,2026-02-23 00:00:00
T00903,2026-02-23 00:00:00,Joshua Stevenson,Credit,Bond,Chang-Peterson,Sell,21656,106.851,2313965.26,Booked,False,False,2026-02-23 07:45:00,,2026-02-24 00:00:00
T00904,2026-02-23 00:00:00,Kevin Gutierrez,Equities,Option,Mcconnell-Fisher,Buy,428,707.38,302758.64,Booked,False,False,2026-02-23 08:11:00,,2026-02-24 00:00:00
T00905,2026-02-23 00:00:00,Kevin Gutierrez,Equities,Option,Foster Jones and Reed,Buy,1035,482.5,499387.5,Booked,False,False,2026-02-23 08:45:00,,2026-02-24 00:00:00
T00906,2026-02-23 00:00:00,Kevin Gutierrez,Equities,Option,Mcconnell-Fisher,Buy,3527,367.38,1295749.26,Booked,False,False,2026-02-23 09:37:00,,2026-02-24 00:00:00
T00907,2026-02-23 00:00:00,Sarah Silva,Rates,Bond,Wall PLC,Sell,12541,94.521,1185387.86,Amended,True,False,2026-02-23 09:50:00,2026-02-23 12:42:00,2026-02-24 00:00:00
T00908,2026-02-23 00:00:00,Natalie Castillo,Rates,Bond,Lee PLC,Sell,38679,90.98,3519015.42,Booked,False,False,2026-02-23 10:36:00,,2026-02-24 00:00:00
T00909,2026-02-23 00:00:00,Tracy Hayes,Rates,Swap,Stanton-Wilkinson,Sell,20,429364.27,8587285.4,Booked,False,False,2026-02-23 10:49:00,,2026-02-25 00:00:00
T00910,2026-02-23 00:00:00,Sarah Silva,Rates,Bond,Chang-Peterson,Sell,39710,93.105,3697199.55,Booked,False,False,2026-02-23 11:22:00,,2026-02-24 00:00:00
T00911,2026-02-23 00:00:00,Raymond Williams,FX,Option,Anthony-Baker,Sell,875,453.76,397040.0,Booked,False,False,2026-02-23 11:59:00,,2026-02-24 00:00:00
T00912,2026-02-23 00:00:00,Sarah Silva,Rates,Bond,Ellis Group,Buy,17657,92.042,1625185.59,Booked,False,False,2026-02-23 12:17:00,,2026-02-24 00:00:00
T00913,2026-02-23 00:00:00,Raymond Williams,FX,FX Forward,Dominguez and Sons,Buy,1427646,1.2136,1732591.19,Booked,False,False,2026-02-23 12:32:00,,2026-04-22 00:00:00
T00914,2026-02-23 00:00:00,Sarah Silva,Rates,Swap,Chang-Peterson,Buy,9,560854.6,5047691.4,Booked,False,False,2026-02-23 12:34:00,,2026-02-25 00:00:00
T00915,2026-02-23 00:00:00,Natalie Castillo,Rates,Swap,Ellis Group,Sell,8,493178.88,3945431.04,Booked,False,False,2026-02-23 12:46:00,,2026-02-25 00:00:00
T00916,2026-02-23 00:00:00,Joshua Wilson,Commodities,Option,Larsen Ray and Young,Sell,699,80.28,56115.72,Booked,False,False,2026-02-23 13:37:00,,2026-02-24 00:00:00
T00917,2026-02-23 00:00:00,Raymond Williams,FX,FX Forward,Santiago Reyes and Lynch,Buy,3722362,0.8711,3242549.54,Booked,False,False,2026-02-23 13:38:00,,2026-05-21 00:00:00
T00918,2026-02-23 00:00:00,Pamela Hahn,FX,FX Forward,Crawford-Garrett,Buy,3251262,0.9116,2963850.44,Booked,False,False,2026-02-23 14:01:00,,2026-05-21 00:00:00
T00919,2026-02-23 00:00:00,Raymond Williams,FX,FX Forward,Nguyen Group,Sell,3251350,1.5178,4934899.03,Amended,True,False,2026-02-23 14:29:00,2026-02-23 16:20:00,2026-05-21 00:00:00
T00920,2026-02-23 00:00:00,Tracy Hayes,Rates,Swap,Chang-Peterson,Buy,12,501374.32,6016491.84,Booked,False,False,2026-02-23 14:49:00,,2026-02-25 00:00:00
T00921,2026-02-23 00:00:00,Kevin Gutierrez,Equities,Equity,Santiago Reyes and Lynch,Buy,5043,206.86,1043194.98,Booked,False,False,2026-02-23 14:53:00,,2026-02-24 00:00:00
T00922,2026-02-23 00:00:00,David Williams,Equities,Equity,Wall PLC,Buy,586029,155.42,91080627.18,Booked,False,False,2026-02-23 14:55:00,,2026-02-24 00:00:00
T00923,2026-02-23 00:00:00,Dylan Lopez,FX,FX Forward,Chang-Peterson,Buy,4149314,1.5072,6253846.06,Booked,False,False,2026-02-23 15:00:00,,2026-04-22 00:00:00
T00924,2026-02-23 00:00:00,Sarah Silva,Rates,Swap,Wright and Sons,Buy,26,571612.04,14861913.04,Booked,False,False,2026-02-23 15:15:00,,2026-02-25 00:00:00
T00925,2026-02-23 00:00:00,Raymond Williams,FX,FX Forward,Mcconnell-Fisher,Buy,4626697,1.2114,5604780.75,Booked,False,False,2026-02-23 15:17:00,,2026-04-22 00:00:00
T00926,2026-02-23 00:00:00,Tracy Hayes,Rates,Swap,Allen Morgan and Reed,Sell,18,833077.32,14995391.76,Booked,False,False,2026-02-23 15:26:00,,2026-02-25 00:00:00
T00927,2026-02-23 00:00:00,Natalie Castillo,Rates,Swap,Stanton-Wilkinson,Sell,123,859138.35,105674017.05,Booked,False,False,2026-02-23 15:30:00,,2026-02-25 00:00:00
T00928,2026-02-23 00:00:00,Raymond Williams,FX,FX Forward,Chang-Peterson,Buy,1447162,1.2156,1759170.13,Booked,False,False,2026-02-23 15:33:00,,2026-03-24 00:00:00
T00929,2026-02-23 00:00:00,Margaret Arellano,Commodities,Option,Anthony-Baker,Buy,3994,783.95,3131096.3,Booked,False,False,2026-02-23 18:03:00,,2026-02-24 00:00:00
T00930,2026-02-23 00:00:00,Sarah Silva,Rates,Swap,Lee PLC,Sell,9,343623.35,3092610.15,Booked,False,False,2026-02-23 18:19:00,,2026-02-25 00:00:00
T00931,2026-02-24 00:00:00,Margaret Arellano,Commodities,Swap,Chang-Peterson,Buy,14,989469.69,13852575.66,Booked,False,False,2026-02-24 07:00:00,,2026-02-26 00:00:00
T00932,2026-02-24 00:00:00,Tracy Hayes,Rates,Swap,Chang-Peterson,Sell,6,981481.4,5888888.4,Booked,False,False,2026-02-24 07:00:00,,2026-02-26 00:00:00
T00933,2026-02-24 00:00:00,Eddie Hernandez,Credit,Swap,Stanton-Wilkinson,Buy,11,455089.25,5005981.75,Booked,False,False,2026-02-24 07:30:00,,2026-02-26 00:00:00
T00934,2026-02-24 00:00:00,Natalie Castillo,Rates,Bond,Lam-Gonzalez,Sell,183526,99.872,18329108.67,Booked,False,False,2026-02-24 07:33:00,,2026-02-25 00:00:00
T00935,2026-02-24 00:00:00,Natalie Castillo,Rates,Swap,Larsen Ray and Young,Buy,22,965055.27,21231215.94,Booked,False,False,2026-02-24 09:26:00,,2026-02-26 00:00:00
T00936,2026-02-24 00:00:00,Sarah Silva,Rates,Swap,Anthony-Baker,Buy,9,860551.37,7744962.33,Booked,False,False,2026-02-24 09:52:00,,2026-02-26 00:00:00
T00937,2026-02-24 00:00:00,Dylan Lopez,FX,Option,Ellis Group,Sell,2073,920.78,1908776.94,Booked,False,False,2026-02-24 10:03:00,,2026-02-25 00:00:00
T00938,2026-02-24 00:00:00,Natalie Castillo,Rates,Bond,Chang-Peterson,Buy,17490,95.315,1667059.35,Booked,False,False,2026-02-24 11:36:00,,2026-02-25 00:00:00
T00939,2026-02-24 00:00:00,Eddie Hernandez,Credit,Bond,Mclaughlin PLC,Sell,48899,94.16,4604329.84,Cancelled,True,True,2026-02-24 11:42:00,2026-02-24 16:20:00,2026-02-25 00:00:00
T00940,2026-02-24 00:00:00,Tracy Hayes,Rates,Bond,Morales-Woodard,Buy,41306,108.37,4476331.22,Booked,False,False,2026-02-24 11:47:00,,2026-02-25 00:00:00
T00941,2026-02-24 00:00:00,Joshua Stevenson,Credit,Bond,Chang-Peterson,Buy,86516,105.825,9155555.7,Amended,True,False,2026-02-24 12:01:00,2026-03-17 14:06:00,2026-02-25 00:00:00
T00942,2026-02-24 00:00:00,Kevin Gutierrez,Equities,Option,Allen Morgan and Reed,Sell,661,703.75,465178.75,Booked,False,False,2026-02-24 12:11:00,,2026-02-25 00:00:00
T00943,2026-02-24 00:00:00,Sarah Silva,Rates,Bond,Wright and Sons,Buy,47999,108.423,5204195.58,Booked,False,False,2026-02-24 12:22:00,,2026-02-25 00:00:00
T00944,2026-02-24 00:00:00,Kevin Gutierrez,Equities,Equity,Powell Clark and Lopez,Sell,6424,96.55,620237.2,Amended,True,False,2026-02-24 12:30:00,2026-02-24 18:46:00,2026-02-25 00:00:00
T00945,2026-02-24 00:00:00,Tracy Hayes,Rates,Bond,Larsen Ray and Young,Sell,12584,108.405,1364168.52,Booked,False,False,2026-02-24 12:43:00,,2026-02-25 00:00:00
T00946,2026-02-24 00:00:00,Joshua Stevenson,Credit,Swap,Miranda and Sons,Sell,12,723269.63,8679235.56,Amended,True,False,2026-02-24 12:53:00,2026-02-24 13:38:00,2026-02-26 00:00:00
T00947,2026-02-24 00:00:00,Raymond Williams,FX,FX Forward,Lee PLC,Buy,1688257,1.0602,1789890.07,Booked,False,False,2026-02-24 13:13:00,,2026-04-23 00:00:00
T00948,2026-02-24 00:00:00,Courtney Wagner,Equities,Option,Larsen Ray and Young,Sell,41425,47.1,1951117.5,Booked,False,False,2026-02-24 13:14:00,,2026-02-25 00:00:00
T00949,2026-02-24 00:00:00,Sarah Silva,Rates,Swap,Fernandez-Ferguson,Buy,13,804491.91,10458394.83,Booked,False,False,2026-02-24 13:34:00,,2026-02-26 00:00:00
T00950,2026-02-24 00:00:00,Heather Garrett,Commodities,Swap,Crawford-Garrett,Buy,27,916440.54,24743894.58,Booked,False,False,2026-02-24 13:39:00,,2026-02-26 00:00:00
T00951,2026-02-24 00:00:00,Tracy Hayes,Rates,Bond,Crawford-Garrett,Buy,16627,93.131,1548489.14,Booked,False,False,2026-02-24 14:05:00,,2026-02-25 00:00:00
T00952,2026-02-24 00:00:00,Sarah Silva,Rates,Bond,Dominguez and Sons,Sell,44726,103.179,4614783.95,Cancelled,True,True,2026-02-24 14:11:00,2026-02-25 16:57:00,2026-02-25 00:00:00
T00953,2026-02-24 00:00:00,Joshua Stevenson,Credit,Bond,Bishop LLC,Buy,58604,103.475,6064048.9,Booked,False,False,2026-02-24 14:23:00,,2026-02-25 00:00:00
T00954,2026-02-24 00:00:00,Sarah Silva,Rates,Bond,Wall PLC,Buy,42732,110.192,4708724.54,Booked,False,False,2026-02-24 14:50:00,,2026-02-25 00:00:00
T00955,2026-02-24 00:00:00,Dylan Lopez,FX,FX Forward,Mclaughlin PLC,Sell,2756433,0.8496,2341865.48,Booked,False,False,2026-02-24 14:58:00,,2026-05-22 00:00:00
T00956,2026-02-24 00:00:00,Pamela Hahn,FX,FX Forward,Larsen Ray and Young,Buy,4933366,0.9738,4804111.81,Booked,False,False,2026-02-24 15:19:00,,2026-03-25 00:00:00
T00957,2026-02-24 00:00:00,Sarah Silva,Rates,Bond,Foster Jones and Reed,Buy,29915,101.728,3043193.12,Booked,False,False,2026-02-24 15:22:00,,2026-02-25 00:00:00
T00958,2026-02-24 00:00:00,Sarah Silva,Rates,Swap,Lee PLC,Buy,5,747798.13,3738990.65,Booked,False,False,2026-02-24 15:25:00,,2026-02-26 00:00:00
T00959,2026-02-24 00:00:00,David Williams,Equities,Equity,Larsen Ray and Young,Buy,8317,415.39,3454798.63,Booked,False,False,2026-02-24 16:29:00,,2026-02-25 00:00:00
T00960,2026-02-25 00:00:00,Sarah Silva,Rates,Swap,Anthony-Baker,Sell,3,454198.29,1362594.87,Booked,False,False,2026-02-25 07:48:00,,2026-02-27 00:00:00
T00961,2026-02-25 00:00:00,Courtney Wagner,Equities,Option,Stanton-Wilkinson,Sell,793,1103.96,875440.28,Booked,False,False,2026-02-25 08:30:00,,2026-02-26 00:00:00
T00962,2026-02-25 00:00:00,Joshua Stevenson,Credit,Bond,Foster Jones and Reed,Sell,154670,103.525,16012211.75,Amended,True,False,2026-02-25 09:14:00,2026-02-25 15:02:00,2026-02-26 00:00:00
T00963,2026-02-25 00:00:00,Tracy Hayes,Rates,Bond,Chang-Peterson,Sell,17200,99.139,1705190.8,Cancelled,True,True,2026-02-25 09:19:00,2026-02-25 11:39:00,2026-02-26 00:00:00
T00964,2026-02-25 00:00:00,Dylan Lopez,FX,FX Forward,Chang-Peterson,Buy,85390726,1.6064,137171662.25,Booked,False,False,2026-02-25 10:06:00,,2026-04-24 00:00:00
T00965,2026-02-25 00:00:00,Raymond Williams,FX,Option,Bishop LLC,Buy,93220,699.31,65189678.2,Booked,False,False,2026-02-25 10:33:00,,2026-02-26 00:00:00
T00966,2026-02-25 00:00:00,Pamela Hahn,FX,FX Forward,Allen Morgan and Reed,Sell,3978587,1.0033,3991716.34,Booked,False,False,2026-02-25 10:55:00,,2026-04-24 00:00:00
T00967,2026-02-25 00:00:00,Pamela Hahn,FX,Option,Dominguez and Sons,Buy,1879,784.19,1473493.01,Booked,False,False,2026-02-25 12:14:00,,2026-02-26 00:00:00
T00968,2026-02-25 00:00:00,Edward Taylor,Credit,Swap,Nguyen Group,Sell,71,518197.32,36792009.72,Booked,False,False,2026-02-25 12:17:00,,2026-02-27 00:00:00
T00969,2026-02-25 00:00:00,Sarah Silva,Rates,Swap,Santiago Reyes and Lynch,Sell,3,264512.66,793537.98,Booked,False,False,2026-02-25 12:41:00,,2026-02-27 00:00:00
T00970,2026-02-25 00:00:00,Joshua Stevenson,Credit,Bond,Morales-Woodard,Buy,8075,99.96,807177.0,Booked,False,False,2026-02-25 12:47:00,,2026-02-26 00:00:00
T00971,2026-02-25 00:00:00,Sarah Silva,Rates,Bond,Larsen Ray and Young,Sell,40376,93.92,3792113.92,Booked,False,False,2026-02-25 12:55:00,,2026-02-26 00:00:00
T00972,2026-02-25 00:00:00,Natalie Castillo,Rates,Bond,Fernandez-Ferguson,Sell,28407,107.577,3055939.84,Booked,False,False,2026-02-25 12:56:00,,2026-02-25 00:00:00
T00973,2026-02-25 00:00:00,Tracy Hayes,Rates,Swap,Nguyen Group,Sell,3,769146.47,2307439.41,Booked,False,False,2026-02-25 13:21:00,,2026-02-27 00:00:00
T00974,2026-02-25 00:00:00,Natalie Castillo,Rates,Bond,Larsen Ray and Young,Buy,35834,102.55,3674776.7,Booked,False,False,2026-02-25 13:50:00,,2026-02-26 00:00:00
T00975,2026-02-25 00:00:00,Courtney Wagner,Equities,Equity,Wall PLC,Buy,4799,57.26,274790.74,Booked,False,False,2026-02-25 13:50:00,,2026-02-26 00:00:00
T00976,2026-02-25 00:00:00,Joshua Wilson,Commodities,Swap,Chang-Peterson,Buy,10,735833.21,7358332.1,Booked,False,False,2026-02-25 13:59:00,,2026-02-27 00:00:00
T00977,2026-02-25 00:00:00,Eddie Hernandez,Credit,Swap,Lee PLC,Sell,24,958369.38,23000865.12,Booked,False,False,2026-02-25 14:04:00,,2026-02-27 00:00:00
T00978,2026-02-25 00:00:00,Margaret Arellano,Commodities,Swap,Chang-Peterson,Buy,5,266201.67,1331008.35,Booked,False,False,2026-02-25 14:05:00,,2026-02-27 00:00:00
T00979,2026-02-25 00:00:00,Pamela Hahn,FX,FX Forward,Larsen Ray and Young,Sell,1534181,1.5581,2390407.42,Cancelled,True,True,2026-02-25 14:31:00,2026-02-25 15:07:00,2026-05-25 00:00:00
T00980,2026-02-25 00:00:00,Kevin Gutierrez,Equities,Equity,Allen Morgan and Reed,Sell,3787,214.83,813561.21,Booked,False,False,2026-02-25 15:06:00,,2026-02-26 00:00:00
T00981,2026-02-25 00:00:00,Pamela Hahn,FX,FX Forward,Crawford-Garrett,Buy,7486575,1.367,10234148.02,Booked,False,False,2026-02-25 15:07:00,,2026-05-25 00:00:00
T00982,2026-02-25 00:00:00,Raymond Williams,FX,FX Forward,Foster Jones and Reed,Sell,3751797,1.1382,4270295.35,Amended,True,False,2026-02-25 15:21:00,2026-02-25 16:06:00,2026-04-24 00:00:00
T00983,2026-02-25 00:00:00,Courtney Wagner,Equities,Equity,Mclaughlin PLC,Sell,559,390.49,218283.91,Booked,False,False,2026-02-25 15:32:00,,2026-02-26 00:00:00
T00984,2026-02-25 00:00:00,Eddie Hernandez,Credit,Bond,Lee PLC,Buy,48897,106.491,5207090.43,Booked,False,False,2026-02-25 15:45:00,,2026-02-26 00:00:00
T00985,2026-02-25 00:00:00,Courtney Wagner,Equities,Equity,Dominguez and Sons,Sell,2403,346.2,831918.6,Booked,False,False,2026-02-25 17:34:00,,2026-02-26 00:00:00
T00986,2026-02-25 00:00:00,Pamela Hahn,FX,FX Forward,Lee PLC,Sell,2494758,1.2381,3088759.88,Amended,True,False,2026-02-25 18:12:00,2026-02-27 13:36:00,2026-04-24 00:00:00
T00987,2026-02-25 00:00:00,David Williams,Equities,Option,Lam-Gonzalez,Sell,2020,249.14,503262.8,Booked,False,False,2026-02-25 18:52:00,,2026-02-26 00:00:00
T00988,2026-02-26 00:00:00,Eddie Hernandez,Credit,Bond,Foster Jones and Reed,Sell,5704,94.151,537037.3,Booked,False,False,2026-02-26 09:08:00,,2026-02-27 00:00:00
T00989,2026-02-26 00:00:00,Joshua Stevenson,Credit,Bond,Wall PLC,Buy,16017,110.24,1765714.08,Booked,False,False,2026-02-26 09:20:00,,2026-02-27 00:00:00
T00990,2026-02-26 00:00:00,Tracy Hayes,Rates,Swap,Brown-Wiggins,Buy,43,285781.97,12288624.71,Booked,False,False,2026-02-26 10:49:00,,2026-03-02 00:00:00
T00991,2026-02-26 00:00:00,Eddie Hernandez,Credit,Bond,Miranda and Sons,Buy,20364,104.055,2118976.02,Booked,False,False,2026-02-26 11:34:00,,2026-02-27 00:00:00
T00992,2026-02-26 00:00:00,Eddie Hernandez,Credit,Bond,Larsen Ray and Young,Sell,14317,97.033,1389221.46,Booked,False,False,2026-02-26 11:47:00,,2026-02-27 00:00:00
T00993,2026-02-26 00:00:00,Kevin Gutierrez,Equities,Option,Dominguez and Sons,Buy,1926,66.22,127539.72,Booked,False,False,2026-02-26 11:50:00,,2026-02-27 00:00:00
T00994,2026-02-26 00:00:00,Sarah Silva,Rates,Bond,Santiago Reyes and Lynch,Buy,39777,93.05,3701249.85,Booked,False,False,2026-02-26 11:54:00,,2026-02-27 00:00:00
T00995,2026-02-26 00:00:00,Kevin Gutierrez,Equities,Option,Brown-Wiggins,Sell,3026,1202.62,3639128.12,Booked,False,False,2026-02-26 12:01:00,,2026-02-27 00:00:00
T00996,2026-02-26 00:00:00,Sarah Silva,Rates,Swap,Wright and Sons,Sell,7,794584.06,5562088.42,Booked,False,False,2026-02-26 12:06:00,,2026-03-02 00:00:00
T00997,2026-02-26 00:00:00,Tracy Hayes,Rates,Swap,Wall PLC,Buy,13,457523.19,5947801.47,Booked,False,False,2026-02-26 12:07:00,,2026-03-02 00:00:00
T00998,2026-02-26 00:00:00,Dylan Lopez,FX,FX Forward,Santiago Reyes and Lynch,Sell,1589650,1.3176,2094522.84,Booked,False,False,2026-02-26 12:10:00,,2026-03-27 00:00:00
T00999,2026-02-26 00:00:00,Tracy Hayes,Rates,Bond,Mitchell-Rodgers,Buy,21287,109.484,2330585.91,Booked,False,False,2026-02-26 12:30:00,,2026-02-27 00:00:00
T01000,2026-02-26 00:00:00,Raymond Williams,FX,FX Forward,Fernandez-Ferguson,Sell,3611286,1.3195,4765091.88,Booked,False,False,2026-02-26 12:37:00,,2026-07-23 00:00:00
T01001,2026-02-26 00:00:00,Margaret Arellano,Commodities,Swap,Ellis Group,Buy,5,316531.01,1582655.05,Booked,False,False,2026-02-26 12:47:00,,2026-03-02 00:00:00
T01002,2026-02-26 00:00:00,Courtney Wagner,Equities,Option,Morales-Woodard,Buy,1181,949.82,1121737.42,Booked,False,False,2026-02-26 13:26:00,,2026-02-27 00:00:00
T01003,2026-02-26 00:00:00,Tracy Hayes,Rates,Swap,Sullivan-Baxter,Sell,13,823176.97,10701300.61,Booked,False,False,2026-02-26 13:45:00,,2026-03-02 00:00:00
T01004,2026-02-26 00:00:00,Sarah Silva,Rates,Swap,Stanton-Wilkinson,Sell,30,959040.78,28771223.4,Amended,True,False,2026-02-26 14:18:00,2026-02-26 16:59:00,2026-03-02 00:00:00
T01005,2026-02-26 00:00:00,Tracy Hayes,Rates,Swap,Powell Clark and Lopez,Buy,22,678338.89,14923455.58,Booked,False,False,2026-02-26 14:32:00,,2026-03-02 00:00:00
T01006,2026-02-26 00:00:00,Eddie Hernandez,Credit,Swap,Foster Jones and Reed,Sell,13,960088.81,12481154.53,Booked,False,False,2026-02-26 14:42:00,,2026-03-02 00:00:00
T01007,2026-02-26 00:00:00,Joshua Stevenson,Credit,Bond,Chang-Peterson,Sell,9268,110.864,1027487.55,Booked,False,False,2026-02-26 15:05:00,,2026-02-27 00:00:00
T01008,2026-02-26 00:00:00,Raymond Williams,FX,Option,Chang-Peterson,Buy,393,439.87,172868.91,Amended,True,False,2026-02-26 15:26:00,2026-02-27 14:33:00,2026-02-27 00:00:00
T01009,2026-02-26 00:00:00,Natalie Castillo,Rates,Swap,Brown-Wiggins,Buy,15,754315.24,11314728.6,Booked,False,False,2026-02-26 15:30:00,,2026-03-02 00:00:00
T01010,2026-02-26 00:00:00,Natalie Castillo,Rates,Bond,Morales-Woodard,Sell,5202,97.009,504640.82,Booked,False,False,2026-02-26 16:04:00,,2026-02-27 00:00:00
T01011,2026-02-26 00:00:00,Margaret Arellano,Commodities,Option,Brown-Wiggins,Sell,656,821.36,538812.16,Booked,False,False,2026-02-26 16:09:00,,2026-02-27 00:00:00
T01012,2026-02-26 00:00:00,Courtney Wagner,Equities,Equity,Crawford-Garrett,Sell,3660,228.83,837517.8,Booked,False,False,2026-02-26 16:19:00,,2026-04-03 00:00:00
T01013,2026-02-26 00:00:00,Raymond Williams,FX,FX Forward,Foster Jones and Reed,Buy,1179206,0.9192,1083926.16,Amended,True,False,2026-02-26 16:37:00,2026-03-09 15:24:00,2026-05-26 00:00:00
T01014,2026-02-26 00:00:00,Sarah Silva,Rates,Swap,Fernandez-Ferguson,Sell,22,914505.27,20119115.94,Booked,False,False,2026-02-26 16:53:00,,2026-03-02 00:00:00
T01015,2026-02-27 00:00:00,Courtney Wagner,Equities,Equity,Powell Clark and Lopez,Sell,2720,21.03,57201.6,Amended,True,False,2026-02-27 09:07:00,2026-03-03 18:20:00,2026-03-02 00:00:00
T01016,2026-02-27 00:00:00,Margaret Arellano,Commodities,Swap,Mclaughlin PLC,Sell,12,755452.89,9065434.68,Booked,False,False,2026-02-27 09:09:00,,2026-03-03 00:00:00
T01017,2026-02-27 00:00:00,Margaret Arellano,Commodities,Swap,Mclaughlin PLC,Buy,55,911803.69,50149202.95,Booked,False,False,2026-02-27 09:20:00,,2026-03-03 00:00:00
T01018,2026-02-27 00:00:00,Raymond Williams,FX,FX Forward,Fernandez-Ferguson,Buy,727793,0.7967,579832.68,Booked,False,False,2026-02-27 09:44:00,,2026-05-27 00:00:00
T01019,2026-02-27 00:00:00,Joshua Stevenson,Credit,Swap,Stanton-Wilkinson,Buy,59,250926.33,14804653.47,Booked,False,False,2026-02-27 09:59:00,,2026-03-03 00:00:00
T01020,2026-02-27 00:00:00,Tracy Hayes,Rates,Bond,Chang-Peterson,Sell,19875,98.737,1962397.88,Booked,False,False,2026-02-27 10:31:00,,2026-03-02 00:00:00
T01021,2026-02-27 00:00:00,Kevin Gutierrez,Equities,Equity,Chang-Peterson,Buy,5746,176.61,1014801.06,Booked,False,False,2026-02-27 10:49:00,,2026-03-02 00:00:00
T01022,2026-02-27 00:00:00,Kevin Gutierrez,Equities,Equity,Anthony-Baker,Buy,4482,230.59,1033504.38,Booked,False,False,2026-02-27 11:12:00,,2026-03-02 00:00:00
T01023,2026-02-27 00:00:00,Courtney Wagner,Equities,Option,Larsen Ray and Young,Buy,2583,1083.56,2798835.48,Booked,False,False,2026-02-27 11:18:00,,2026-03-02 00:00:00
T01024,2026-02-27 00:00:00,Edward Taylor,Credit,Bond,Anthony-Baker,Sell,5223,98.499,514460.28,Booked,False,False,2026-02-27 11:18:00,,2026-03-02 00:00:00
T01025,2026-02-27 00:00:00,Tracy Hayes,Rates,Bond,Chang-Peterson,Buy,12942,99.803,1291650.43,Booked,False,False,2026-02-27 11:35:00,,2026-03-02 00:00:00
T01026,2026-02-27 00:00:00,Joshua Stevenson,Credit,Bond,Wall PLC,Buy,24719,93.26,2305293.94,Booked,False,False,2026-02-27 11:41:00,,2026-03-02 00:00:00
T01027,2026-02-27 00:00:00,Tracy Hayes,Rates,Bond,Crawford-Garrett,Buy,48095,99.644,4792378.18,Booked,False,False,2026-02-27 12:15:00,,2026-03-02 00:00:00
T01028,2026-02-27 00:00:00,David Williams,Equities,Equity,Bishop LLC,Buy,35662,370.4,13209204.8,Booked,False,False,2026-02-27 12:41:00,,2026-03-02 00:00:00
T01029,2026-02-27 00:00:00,Pamela Hahn,FX,FX Forward,Mitchell-Rodgers,Buy,5875047,0.9769,5739333.41,Booked,False,False,2026-02-27 13:57:00,,2026-03-30 00:00:00
T01030,2026-02-27 00:00:00,Dylan Lopez,FX,FX Forward,Wall PLC,Buy,1565364,1.0282,1609507.26,Booked,False,False,2026-02-27 14:35:00,,2026-05-27 00:00:00
T01031,2026-02-27 00:00:00,Natalie Castillo,Rates,Swap,Chang-Peterson,Buy,13,620478.11,8066215.43,Booked,False,False,2026-02-27 14:39:00,,2026-03-03 00:00:00
T01032,2026-02-27 00:00:00,Pamela Hahn,FX,FX Forward,Wall PLC,Buy,1546348,1.2611,1950099.46,Booked,False,False,2026-02-27 14:39:00,,2026-03-30 00:00:00
T01033,2026-02-27 00:00:00,Courtney Wagner,Equities,Equity,Larsen Ray and Young,Sell,380,295.51,112293.8,Booked,False,False,2026-02-27 15:30:00,,2026-03-02 00:00:00
T01034,2026-02-27 00:00:00,Tracy Hayes,Rates,Bond,Dominguez and Sons,Buy,47936,110.927,5317396.67,Booked,False,False,2026-02-27 15:57:00,,2026-03-02 00:00:00
T01035,2026-03-02 00:00:00,Pamela Hahn,FX,FX Forward,Bishop LLC,Sell,2079788,1.6173,3363641.13,Booked,False,False,2026-03-02 08:27:00,,2026-04-29 00:00:00
T01036,2026-03-02 00:00:00,Sarah Silva,Rates,Bond,Stanton-Wilkinson,Buy,8419,102.75,865052.25,Booked,False,False,2026-03-02 09:19:00,,2026-03-03 00:00:00
T01037,2026-03-02 00:00:00,Heather Garrett,Commodities,Swap,Mcconnell-Fisher,Sell,49,516707.91,25318687.59,Booked,False,False,2026-03-02 09:37:00,,2026-03-04 00:00:00
T01038,2026-03-02 00:00:00,Edward Taylor,Credit,Bond,Chang-Peterson,Sell,53834,88.281,4752519.35,Booked,False,False,2026-03-02 10:15:00,,2026-03-03 00:00:00
T01039,2026-03-02 00:00:00,Natalie Castillo,Rates,Swap,Larsen Ray and Young,Buy,65,476727.36,30987278.4,Booked,False,False,2026-03-02 10:37:00,,2026-03-04 00:00:00
T01040,2026-03-02 00:00:00,Joshua Wilson,Commodities,Option,Allen Morgan and Reed,Sell,472,1184.95,559296.4,Booked,False,False,2026-03-02 11:16:00,,2026-03-03 00:00:00
T01041,2026-03-02 00:00:00,Tracy Hayes,Rates,Bond,Mitchell-Rodgers,Sell,56649,97.166,5504356.73,Booked,False,False,2026-03-02 11:16:00,,2026-03-03 00:00:00
T01042,2026-03-02 00:00:00,Pamela Hahn,FX,FX Forward,Allen Morgan and Reed,Buy,2255847,1.39,3135627.33,Booked,False,False,2026-03-02 11:57:00,,2026-05-28 00:00:00
T01043,2026-03-02 00:00:00,Margaret Arellano,Commodities,Swap,Mclaughlin PLC,Buy,41,990448.93,40608406.13,Booked,False,False,2026-03-02 11:58:00,,2026-03-04 00:00:00
T01044,2026-03-02 00:00:00,Kevin Gutierrez,Equities,Option,Crawford-Garrett,Buy,1508,515.33,777117.64,Booked,False,False,2026-03-02 12:01:00,,2026-03-03 00:00:00
T01045,2026-03-02 00:00:00,Margaret Arellano,Commodities,Option,Larsen Ray and Young,Buy,1369,201.64,276045.16,Booked,False,False,2026-03-02 12:03:00,,2026-03-03 00:00:00
T01046,2026-03-02 00:00:00,Pamela Hahn,FX,FX Forward,Morales-Woodard,Sell,8752597,0.7838,6860285.53,Booked,False,False,2026-03-02 12:21:00,,2026-03-02 00:00:00
T01047,2026-03-02 00:00:00,Joshua Stevenson,Credit,Bond,Powell Clark and Lopez,Buy,19678,104.505,2056449.39,Amended,True,False,2026-03-02 12:59:00,2026-03-03 15:45:00,2026-03-03 00:00:00
T01048,2026-03-02 00:00:00,Tracy Hayes,Rates,Bond,Miranda and Sons,Sell,60562,99.493,6025495.07,Cancelled,True,True,2026-03-02 13:24:00,2026-03-04 13:12:00,2026-03-03 00:00:00
T01049,2026-03-02 00:00:00,Tracy Hayes,Rates,Swap,Larsen Ray and Young,Buy,10,312368.8,3123688.0,Booked,False,False,2026-03-02 13:32:00,,2026-03-04 00:00:00
T01050,2026-03-02 00:00:00,Natalie Castillo,Rates,Swap,Lee PLC,Buy,9,843127.67,7588149.03,Booked,False,False,2026-03-02 13:37:00,,2026-03-04 00:00:00
T01051,2026-03-02 00:00:00,Tracy Hayes,Rates,Swap,Nguyen Group,Buy,7,576089.1,4032623.7,Booked,False,False,2026-03-02 14:10:00,,2026-03-04 00:00:00
T01052,2026-03-02 00:00:00,Raymond Williams,FX,FX Forward,Larsen Ray and Young,Sell,1070448,0.9615,1029235.75,Booked,False,False,2026-03-02 14:32:00,,2026-05-28 00:00:00
T01053,2026-03-02 00:00:00,Pamela Hahn,FX,FX Forward,Wall PLC,Buy,3088035,1.0501,3242745.55,Booked,False,False,2026-03-02 14:49:00,,2026-04-29 00:00:00
T01054,2026-03-02 00:00:00,Natalie Castillo,Rates,Bond,Bishop LLC,Buy,14044,90.604,1272442.58,Amended,True,False,2026-03-02 15:23:00,2026-03-09 13:37:00,2026-03-03 00:00:00
T01055,2026-03-02 00:00:00,Joshua Wilson,Commodities,Swap,Anthony-Baker,Sell,109,874307.63,95299531.67,Booked,False,False,2026-03-02 15:30:00,,2026-03-04 00:00:00
T01056,2026-03-02 00:00:00,Courtney Wagner,Equities,Option,Fernandez-Ferguson,Sell,394,505.75,199265.5,Booked,False,False,2026-03-02 16:11:00,,2026-03-03 00:00:00
T01057,2026-03-02 00:00:00,Raymond Williams,FX,FX Forward,Sullivan-Baxter,Buy,4337279,1.3503,5856627.83,Booked,False,False,2026-03-02 16:44:00,,2026-05-28 00:00:00
T01058,2026-03-02 00:00:00,Heather Garrett,Commodities,Option,Foster Jones and Reed,Buy,771,236.7,182495.7,Booked,False,False,2026-03-02 16:55:00,,2026-03-03 00:00:00
T01059,2026-03-02 00:00:00,Courtney Wagner,Equities,Option,Chang-Peterson,Buy,1186,208.09,246794.74,Booked,False,False,2026-03-02 19:56:00,,2026-03-03 00:00:00
T01060,2026-03-03 00:00:00,Joshua Stevenson,Credit,Bond,Lam-Gonzalez,Buy,9149,96.685,884571.06,Booked,False,False,2026-03-03 07:00:00,,2026-03-04 00:00:00
T01061,2026-03-03 00:00:00,Eddie Hernandez,Credit,Swap,Stanton-Wilkinson,Buy,15,390055.86,5850837.9,Cancelled,True,True,2026-03-03 08:13:00,2026-03-04 17:25:00,2026-03-05 00:00:00
T01062,2026-03-03 00:00:00,Pamela Hahn,FX,Option,Sullivan-Baxter,Sell,148,674.18,99778.64,Booked,False,False,2026-03-03 08:28:00,,2026-03-04 00:00:00
T01063,2026-03-03 00:00:00,Margaret Arellano,Commodities,Swap,Lee PLC,Buy,3,611269.55,1833808.65,Booked,False,False,2026-03-03 09:39:00,,2026-03-05 00:00:00
T01064,2026-03-03 00:00:00,Pamela Hahn,FX,FX Forward,Foster Jones and Reed,Buy,799330,1.4581,1165503.07,Booked,False,False,2026-03-03 10:22:00,,2026-04-30 00:00:00
T01065,2026-03-03 00:00:00,Sarah Silva,Rates,Swap,Sullivan-Baxter,Sell,3,507778.44,1523335.32,Amended,True,False,2026-03-03 10:50:00,2026-03-04 08:32:00,2026-03-05 00:00:00
T01066,2026-03-03 00:00:00,Kevin Gutierrez,Equities,Option,Mcconnell-Fisher,Buy,1228,494.26,606951.28,Booked,False,False,2026-03-03 10:59:00,,2026-03-04 00:00:00
T01067,2026-03-03 00:00:00,Joshua Stevenson,Credit,Bond,Foster Jones and Reed,Buy,38241,89.689,3429797.05,Booked,False,False,2026-03-03 11:16:00,,2026-03-04 00:00:00
T01068,2026-03-03 00:00:00,Edward Taylor,Credit,Swap,Wall PLC,Buy,16,645480.15,10327682.4,Booked,False,False,2026-03-03 11:34:00,,2026-03-05 00:00:00
T01069,2026-03-03 00:00:00,Pamela Hahn,FX,FX Forward,Powell Clark and Lopez,Sell,1260066,1.2684,1598267.71,Booked,False,False,2026-03-03 11:35:00,,2026-05-29 00:00:00
T01070,2026-03-03 00:00:00,Sarah Silva,Rates,Bond,Dominguez and Sons,Buy,4165,101.98,424746.7,Booked,False,False,2026-03-03 11:59:00,,2026-03-04 00:00:00
T01071,2026-03-03 00:00:00,Eddie Hernandez,Credit,Bond,Ellis Group,Buy,443734,105.021,46601388.41,Booked,False,False,2026-03-03 12:36:00,,2026-03-04 00:00:00
T01072,2026-03-03 00:00:00,Sarah Silva,Rates,Swap,Allen Morgan and Reed,Sell,16,797285.79,12756572.64,Amended,True,False,2026-03-03 12:39:00,2026-03-03 16:28:00,2026-03-05 00:00:00
T01073,2026-03-03 00:00:00,Sarah Silva,Rates,Bond,Wright and Sons,Sell,47131,95.445,4498418.3,Booked,False,False,2026-03-03 12:41:00,,2026-03-04 00:00:00
T01074,2026-03-03 00:00:00,Tracy Hayes,Rates,Bond,Lam-Gonzalez,Buy,188824,101.305,19128815.32,Cancelled,True,True,2026-03-03 12:44:00,2026-03-04 14:54:00,2026-03-04 00:00:00
T01075,2026-03-03 00:00:00,Joshua Stevenson,Credit,Bond,Lam-Gonzalez,Sell,45385,90.236,4095360.86,Booked,False,False,2026-03-03 12:57:00,,2026-03-04 00:00:00
T01076,2026-03-03 00:00:00,Eddie Hernandez,Credit,Bond,Nguyen Group,Sell,51680,105.319,5442885.92,Booked,False,False,2026-03-03 12:59:00,,2026-03-04 00:00:00
T01077,2026-03-03 00:00:00,Joshua Stevenson,Credit,Bond,Wright and Sons,Buy,31779,106.956,3398954.72,Booked,False,False,2026-03-03 13:02:00,,2026-03-04 00:00:00
T01078,2026-03-03 00:00:00,Courtney Wagner,Equities,Equity,Mcconnell-Fisher,Buy,5733,248.98,1427402.34,Booked,False,False,2026-03-03 13:32:00,,2026-03-04 00:00:00
T01079,2026-03-03 00:00:00,Natalie Castillo,Rates,Swap,Larsen Ray and Young,Buy,26,724315.99,18832215.74,Booked,False,False,2026-03-03 14:15:00,,2026-03-05 00:00:00
T01080,2026-03-03 00:00:00,Kevin Gutierrez,Equities,Equity,Morales-Woodard,Sell,3300,202.41,667953.0,Booked,False,False,2026-03-03 14:20:00,,2026-03-04 00:00:00
T01081,2026-03-03 00:00:00,Eddie Hernandez,Credit,Bond,Larsen Ray and Young,Sell,36202,109.484,3963539.77,Booked,False,False,2026-03-03 14:25:00,,2026-03-04 00:00:00
T01082,2026-03-03 00:00:00,Joshua Wilson,Commodities,Swap,Crawford-Garrett,Sell,2,836627.3,1673254.6,Booked,False,False,2026-03-03 14:29:00,,2026-03-05 00:00:00
T01083,2026-03-03 00:00:00,Eddie Hernandez,Credit,Swap,Brown-Wiggins,Buy,2,649364.07,1298728.14,Booked,False,False,2026-03-03 14:33:00,,2026-03-05 00:00:00
T01084,2026-03-03 00:00:00,Kevin Gutierrez,Equities,Option,Foster Jones and Reed,Sell,370,643.8,238206.0,Booked,False,False,2026-03-03 14:41:00,,2026-03-04 00:00:00
T01085,2026-03-03 00:00:00,Tracy Hayes,Rates,Bond,Foster Jones and Reed,Sell,3254,94.075,306120.05,Booked,False,False,2026-03-03 15:19:00,,2026-03-04 00:00:00
T01086,2026-03-03 00:00:00,Pamela Hahn,FX,FX Forward,Larsen Ray and Young,Sell,2679380,1.6186,4336844.47,Booked,False,False,2026-03-03 15:26:00,,2026-04-01 00:00:00
T01087,2026-03-03 00:00:00,Natalie Castillo,Rates,Swap,Chang-Peterson,Buy,188,999783.47,187959292.36,Amended,True,False,2026-03-03 16:07:00,2026-03-11 16:44:00,2026-03-05 00:00:00
T01088,2026-03-03 00:00:00,Sarah Silva,Rates,Bond,Chang-Peterson,Sell,22839,102.577,2342756.1,Amended,True,False,2026-03-03 16:09:00,2026-03-03 16:54:00,2026-03-04 00:00:00
T01089,2026-03-03 00:00:00,Sarah Silva,Rates,Swap,Larsen Ray and Young,Buy,27,927871.55,25052531.85,Booked,False,False,2026-03-03 16:21:00,,2026-03-05 00:00:00
T01090,2026-03-03 00:00:00,Tracy Hayes,Rates,Swap,Anthony-Baker,Sell,8,770337.94,6162703.52,Booked,False,False,2026-03-03 18:38:00,,2026-03-05 00:00:00
T01091,2026-03-03 00:00:00,Dylan Lopez,FX,FX Forward,Anthony-Baker,Buy,1554633,1.3253,2060355.11,Booked,False,False,2026-03-03 19:03:00,,2026-05-29 00:00:00
T01092,2026-03-03 00:00:00,Dylan Lopez,FX,FX Forward,Chang-Peterson,Sell,572270,1.5864,907849.13,Amended,True,False,2026-03-03 20:12:00,2026-03-03 20:57:00,2026-05-29 00:00:00
T01093,2026-03-04 00:00:00,Heather Garrett,Commodities,Option,Larsen Ray and Young,Sell,1512,190.4,287884.8,Booked,False,False,2026-03-04 08:49:00,,2026-03-05 00:00:00
T01094,2026-03-04 00:00:00,Pamela Hahn,FX,FX Forward,Mcconnell-Fisher,Buy,1311490,1.3436,1762117.96,Booked,False,False,2026-03-04 09:08:00,,2026-05-01 00:00:00
T01095,2026-03-04 00:00:00,Sarah Silva,Rates,Bond,Brown-Wiggins,Sell,54482,89.697,4886871.95,Booked,False,False,2026-03-04 09:42:00,,2026-03-05 00:00:00
T01096,2026-03-04 00:00:00,Pamela Hahn,FX,FX Forward,Larsen Ray and Young,Buy,811255,1.4552,1180538.28,Booked,False,False,2026-03-04 10:02:00,,2026-06-01 00:00:00
T01097,2026-03-04 00:00:00,Natalie Castillo,Rates,Swap,Chang-Peterson,Buy,8,332605.77,2660846.16,Booked,False,False,2026-03-04 10:06:00,,2026-03-06 00:00:00
T01098,2026-03-04 00:00:00,Edward Taylor,Credit,Bond,Chang-Peterson,Buy,119539,109.74,13118209.86,Amended,True,False,2026-03-04 10:07:00,2026-03-04 12:32:00,2026-03-05 00:00:00
T01099,2026-03-04 00:00:00,Kevin Gutierrez,Equities,Equity,Anthony-Baker,Sell,13104,61.92,811399.68,Booked,False,False,2026-03-04 10:11:00,,2026-03-05 00:00:00
T01100,2026-03-04 00:00:00,Courtney Wagner,Equities,Equity,Dominguez and Sons,Sell,28495,43.15,1229559.25,Amended,True,False,2026-03-04 10:14:00,2026-03-04 10:59:00,2026-03-05 00:00:00
T01101,2026-03-04 00:00:00,Sarah Silva,Rates,Swap,Powell Clark and Lopez,Buy,454,813652.32,369398153.28,Booked,False,False,2026-03-04 10:14:00,,2026-03-06 00:00:00
T01102,2026-03-04 00:00:00,Eddie Hernandez,Credit,Bond,Mcconnell-Fisher,Sell,39783,110.892,4411616.44,Booked,False,False,2026-03-04 10:26:00,,2026-03-05 00:00:00
T01103,2026-03-04 00:00:00,Tracy Hayes,Rates,Swap,Wall PLC,Buy,9,278285.99,2504573.91,Booked,False,False,2026-03-04 10:41:00,,2026-03-06 00:00:00
T01104,2026-03-04 00:00:00,Eddie Hernandez,Credit,Bond,Chang-Peterson,Sell,25805,109.434,2823944.37,Booked,False,False,2026-03-04 10:55:00,,2026-03-05 00:00:00
T01105,2026-03-04 00:00:00,Raymond Williams,FX,Option,Mcconnell-Fisher,Sell,797,192.91,153749.27,Booked,False,False,2026-03-04 11:25:00,,2026-03-05 00:00:00
T01106,2026-03-04 00:00:00,Natalie Castillo,Rates,Bond,Larsen Ray and Young,Sell,12667,101.055,1280063.68,Amended,True,False,2026-03-04 11:28:00,2026-03-19 17:07:00,2026-03-05 00:00:00
T01107,2026-03-04 00:00:00,Dylan Lopez,FX,FX Forward,Wright and Sons,Sell,1377793,1.3688,1885923.06,Booked,False,False,2026-03-04 11:42:00,,2026-05-01 00:00:00
T01108,2026-03-04 00:00:00,Pamela Hahn,FX,Option,Chang-Peterson,Buy,258,457.03,117913.74,Booked,False,False,2026-03-04 12:03:00,,2026-03-05 00:00:00
T01109,2026-03-04 00:00:00,Eddie Hernandez,Credit,Bond,Wall PLC,Sell,61233,93.506,5725652.9,Booked,False,False,2026-03-04 12:35:00,,2026-03-05 00:00:00
T01110,2026-03-04 00:00:00,Joshua Stevenson,Credit,Bond,Powell Clark and Lopez,Buy,11766,90.942,1070023.57,Booked,False,False,2026-03-04 12:40:00,,2026-03-05 00:00:00
T01111,2026-03-04 00:00:00,Kevin Gutierrez,Equities,Equity,Chang-Peterson,Sell,3801,247.73,941621.73,Cancelled,True,True,2026-03-04 13:07:00,2026-03-04 15:02:00,2026-03-05 00:00:00
T01112,2026-03-04 00:00:00,Raymond Williams,FX,FX Forward,Brown-Wiggins,Sell,2938137,1.3337,3918593.32,Booked,False,False,2026-03-04 13:08:00,,2026-05-01 00:00:00
T01113,2026-03-04 00:00:00,Margaret Arellano,Commodities,Option,Allen Morgan and Reed,Buy,2568,480.31,1233436.08,Amended,True,False,2026-03-04 13:26:00,2026-03-05 16:39:00,2026-03-05 00:00:00
T01114,2026-03-04 00:00:00,Joshua Wilson,Commodities,Swap,Larsen Ray and Young,Buy,9,663479.53,5971315.77,Booked,False,False,2026-03-04 13:46:00,,2026-03-06 00:00:00
T01115,2026-03-04 00:00:00,Sarah Silva,Rates,Bond,Larsen Ray and Young,Buy,81788,92.84,7593197.92,Booked,False,False,2026-03-04 13:47:00,,2026-03-05 00:00:00
T01116,2026-03-04 00:00:00,Natalie Castillo,Rates,Bond,Sullivan-Baxter,Buy,107617,105.265,11328303.5,Booked,False,False,2026-03-04 13:55:00,,2026-03-05 00:00:00
T01117,2026-03-04 00:00:00,Pamela Hahn,FX,FX Forward,Chang-Peterson,Buy,2278508,1.2596,2870008.68,Booked,False,False,2026-03-04 14:12:00,,2026-05-01 00:00:00
T01118,2026-03-04 00:00:00,Natalie Castillo,Rates,Swap,Chang-Peterson,Sell,37,410465.04,15187206.48,Booked,False,False,2026-03-04 14:32:00,,2026-03-06 00:00:00
T01119,2026-03-04 00:00:00,Pamela Hahn,FX,FX Forward,Chang-Peterson,Buy,1443112,1.2367,1784696.61,Booked,False,False,2026-03-04 14:33:00,,2026-05-01 00:00:00
T01120,2026-03-04 00:00:00,Pamela Hahn,FX,FX Forward,Powell Clark and Lopez,Buy,1302791,0.9593,1249767.41,Booked,False,False,2026-03-04 14:59:00,,2026-04-02 00:00:00
T01121,2026-03-04 00:00:00,Margaret Arellano,Commodities,Swap,Lee PLC,Sell,3,361546.48,1084639.44,Booked,False,False,2026-03-04 15:46:00,,2026-03-06 00:00:00
T01122,2026-03-04 00:00:00,Joshua Stevenson,Credit,Bond,Larsen Ray and Young,Sell,19862,93.934,1865717.11,Booked,False,False,2026-03-04 15:48:00,,2026-03-05 00:00:00
T01123,2026-03-04 00:00:00,Raymond Williams,FX,Option,Larsen Ray and Young,Buy,478,809.07,386735.46,Booked,False,False,2026-03-04 17:00:00,,2026-03-05 00:00:00
T01124,2026-03-04 00:00:00,Joshua Stevenson,Credit,Swap,Crawford-Garrett,Sell,17,891677.83,15158523.11,Booked,False,False,2026-03-04 17:07:00,,2026-03-06 00:00:00
T01125,2026-03-05 00:00:00,Joshua Stevenson,Credit,Bond,Mcconnell-Fisher,Sell,12894,98.954,1275912.88,Booked,False,False,2026-03-05 07:00:00,,2026-03-06 00:00:00
T01126,2026-03-05 00:00:00,Tracy Hayes,Rates,Swap,Santiago Reyes and Lynch,Sell,4,597696.87,2390787.48,Booked,False,False,2026-03-05 09:22:00,,2026-03-09 00:00:00
T01127,2026-03-05 00:00:00,Joshua Stevenson,Credit,Swap,Bishop LLC,Sell,5,868486.1,4342430.5,Amended,True,False,2026-03-05 10:49:00,2026-03-06 09:28:00,2026-03-09 00:00:00
T01128,2026-03-05 00:00:00,Joshua Stevenson,Credit,Swap,Ellis Group,Sell,15,341168.85,5117532.75,Booked,False,False,2026-03-05 11:07:00,,2026-03-09 00:00:00
T01129,2026-03-05 00:00:00,Sarah Silva,Rates,Bond,Foster Jones and Reed,Sell,19245,94.689,1822289.8,Booked,False,False,2026-03-05 11:28:00,,2026-03-06 00:00:00
T01130,2026-03-05 00:00:00,Joshua Stevenson,Credit,Bond,Wall PLC,Sell,45934,103.47,4752790.98,Booked,False,False,2026-03-05 11:37:00,,2026-03-06 00:00:00
T01131,2026-03-05 00:00:00,David Williams,Equities,Option,Foster Jones and Reed,Sell,580,415.89,241216.2,Booked,False,False,2026-03-05 12:29:00,,2026-03-06 00:00:00
T01132,2026-03-05 00:00:00,Joshua Stevenson,Credit,Bond,Foster Jones and Reed,Buy,6234,107.409,669587.71,Booked,False,False,2026-03-05 13:04:00,,2026-03-06 00:00:00
T01133,2026-03-05 00:00:00,Sarah Silva,Rates,Bond,Fernandez-Ferguson,Buy,4512,102.501,462484.51,Booked,False,False,2026-03-05 13:27:00,,2026-03-06 00:00:00
T01134,2026-03-05 00:00:00,Kevin Gutierrez,Equities,Equity,Stanton-Wilkinson,Buy,22520,382.74,8619304.8,Booked,False,False,2026-03-05 13:59:00,,2026-03-06 00:00:00
T01135,2026-03-05 00:00:00,Courtney Wagner,Equities,Equity,Mclaughlin PLC,Sell,3148,260.06,818668.88,Booked,False,False,2026-03-05 14:02:00,,2026-03-06 00:00:00
T01136,2026-03-05 00:00:00,Sarah Silva,Rates,Swap,Chang-Peterson,Buy,3,922882.16,2768646.48,Booked,False,False,2026-03-05 14:35:00,,2026-03-09 00:00:00
T01137,2026-03-05 00:00:00,Pamela Hahn,FX,FX Forward,Larsen Ray and Young,Buy,4939938,1.1063,5465053.41,Amended,True,False,2026-03-05 14:42:00,2026-03-05 15:50:00,2026-06-02 00:00:00
T01138,2026-03-05 00:00:00,Edward Taylor,Credit,Swap,Ellis Group,Buy,2,580603.39,1161206.78,Booked,False,False,2026-03-05 14:49:00,,2026-03-09 00:00:00
T01139,2026-03-05 00:00:00,Eddie Hernandez,Credit,Bond,Wright and Sons,Sell,22974,105.73,2429041.02,Booked,False,False,2026-03-05 15:22:00,,2026-03-06 00:00:00
T01140,2026-03-05 00:00:00,Sarah Silva,Rates,Bond,Foster Jones and Reed,Sell,38898,107.464,4180134.67,Booked,False,False,2026-03-05 15:24:00,,2026-03-06 00:00:00
T01141,2026-03-05 00:00:00,Heather Garrett,Commodities,Option,Larsen Ray and Young,Sell,953,1063.81,1013810.93,Booked,False,False,2026-03-05 15:32:00,,2026-03-06 00:00:00
T01142,2026-03-05 00:00:00,Kevin Gutierrez,Equities,Equity,Miranda and Sons,Buy,2116,118.45,250640.2,Booked,False,False,2026-03-05 15:41:00,,2026-03-06 00:00:00
T01143,2026-03-05 00:00:00,Margaret Arellano,Commodities,Swap,Chang-Peterson,Sell,6,321912.39,1931474.34,Booked,False,False,2026-03-05 15:44:00,,2026-03-09 00:00:00
T01144,2026-03-05 00:00:00,Tracy Hayes,Rates,Swap,Lam-Gonzalez,Sell,3,494408.01,1483224.03,Booked,False,False,2026-03-05 15:56:00,,2026-03-09 00:00:00
T01145,2026-03-05 00:00:00,Tracy Hayes,Rates,Bond,Ellis Group,Buy,34265,111.654,3825824.31,Booked,False,False,2026-03-05 16:10:00,,2026-03-06 00:00:00
T01146,2026-03-05 00:00:00,David Williams,Equities,Equity,Dominguez and Sons,Buy,6399,216.29,1384039.71,Booked,False,False,2026-03-05 16:31:00,,2026-03-06 00:00:00
T01147,2026-03-06 00:00:00,Edward Taylor,Credit,Bond,Wright and Sons,Sell,13151,94.072,1237140.87,Booked,False,False,2026-03-06 07:29:00,,2026-03-09 00:00:00
T01148,2026-03-06 00:00:00,Pamela Hahn,FX,FX Forward,Anthony-Baker,Sell,26810756,0.9347,25060013.63,Booked,False,False,2026-03-06 08:59:00,,2026-05-05 00:00:00
T01149,2026-03-06 00:00:00,Kevin Gutierrez,Equities,Equity,Wall PLC,Buy,21044,97.65,2054946.6,Booked,False,False,2026-03-06 09:28:00,,2026-03-09 00:00:00
T01150,2026-03-06 00:00:00,Sarah Silva,Rates,Bond,Foster Jones and Reed,Buy,17244,101.743,1754456.29,Booked,False,False,2026-03-06 10:03:00,,2026-03-09 00:00:00
T01151,2026-03-06 00:00:00,Margaret Arellano,Commodities,Swap,Allen Morgan and Reed,Buy,4,723579.96,2894319.84,Booked,False,False,2026-03-06 10:22:00,,2026-03-10 00:00:00
T01152,2026-03-06 00:00:00,Eddie Hernandez,Credit,Bond,Brown-Wiggins,Sell,42190,93.007,3923965.33,Booked,False,False,2026-03-06 11:00:00,,2026-03-09 00:00:00
T01153,2026-03-06 00:00:00,Joshua Stevenson,Credit,Bond,Lee PLC,Buy,52045,104.34,5430375.3,Booked,False,False,2026-03-06 11:01:00,,2026-03-09 00:00:00
T01154,2026-03-06 00:00:00,Raymond Williams,FX,FX Forward,Dominguez and Sons,Sell,2018221,1.5162,3060026.68,Booked,False,False,2026-03-06 11:06:00,,2026-04-06 00:00:00
T01155,2026-03-06 00:00:00,Heather Garrett,Commodities,Swap,Chang-Peterson,Sell,56,494355.3,27683896.8,Booked,False,False,2026-03-06 11:14:00,,2026-03-10 00:00:00
T01156,2026-03-06 00:00:00,Tracy Hayes,Rates,Bond,Stanton-Wilkinson,Buy,11717,93.256,1092680.55,Amended,True,False,2026-03-06 11:14:00,2026-03-06 17:42:00,2026-03-09 00:00:00
T01157,2026-03-06 00:00:00,Pamela Hahn,FX,FX Forward,Mclaughlin PLC,Sell,2447587,1.2595,3082735.83,Booked,False,False,2026-03-06 11:37:00,,2026-06-03 00:00:00
T01158,2026-03-06 00:00:00,Margaret Arellano,Commodities,Swap,Nguyen Group,Buy,12,407339.59,4888075.08,Booked,False,False,2026-03-06 12:16:00,,2026-03-10 00:00:00
T01159,2026-03-06 00:00:00,Joshua Stevenson,Credit,Bond,Crawford-Garrett,Buy,6120,90.259,552385.08,Booked,False,False,2026-03-06 12:21:00,,2026-03-09 00:00:00
T01160,2026-03-06 00:00:00,Eddie Hernandez,Credit,Swap,Crawford-Garrett,Buy,44,341350.85,15019437.4,Booked,False,False,2026-03-06 12:41:00,,2026-04-20 00:00:00
T01161,2026-03-06 00:00:00,Pamela Hahn,FX,FX Forward,Stanton-Wilkinson,Buy,2053514,1.5967,3278845.8,Booked,False,False,2026-03-06 13:13:00,,2026-04-06 00:00:00
T01162,2026-03-06 00:00:00,Tracy Hayes,Rates,Swap,Larsen Ray and Young,Sell,10,775924.35,7759243.5,Booked,False,False,2026-03-06 13:15:00,,2026-03-10 00:00:00
T01163,2026-03-06 00:00:00,Pamela Hahn,FX,Option,Nguyen Group,Sell,3269,907.12,2965375.28,Booked,False,False,2026-03-06 13:43:00,,2026-03-09 00:00:00
T01164,2026-03-06 00:00:00,Tracy Hayes,Rates,Swap,Chang-Peterson,Buy,10,638562.23,6385622.3,Booked,False,False,2026-03-06 13:51:00,,2026-03-10 00:00:00
T01165,2026-03-06 00:00:00,Pamela Hahn,FX,FX Forward,Foster Jones and Reed,Buy,3421771,0.843,2884552.95,Booked,False,False,2026-03-06 14:16:00,,2026-05-05 00:00:00
T01166,2026-03-06 00:00:00,Tracy Hayes,Rates,Bond,Anthony-Baker,Sell,12674,101.239,1283103.09,Amended,True,False,2026-03-06 14:23:00,2026-03-24 13:49:00,2026-03-09 00:00:00
T01167,2026-03-06 00:00:00,Tracy Hayes,Rates,Bond,Mclaughlin PLC,Buy,19562,104.246,2039260.25,Booked,False,False,2026-03-06 14:40:00,,2026-03-09 00:00:00
T01168,2026-03-06 00:00:00,Courtney Wagner,Equities,Equity,Mclaughlin PLC,Sell,22301,102.82,2292988.82,Booked,False,False,2026-03-06 14:55:00,,2026-03-09 00:00:00
T01169,2026-03-06 00:00:00,Raymond Williams,FX,FX Forward,Ellis Group,Buy,499506,1.4403,719438.49,Booked,False,False,2026-03-06 15:11:00,,2026-05-05 00:00:00
T01170,2026-03-06 00:00:00,Sarah Silva,Rates,Bond,Foster Jones and Reed,Buy,26641,88.972,2370303.05,Booked,False,False,2026-03-06 15:29:00,,2026-03-09 00:00:00
T01171,2026-03-06 00:00:00,Raymond Williams,FX,FX Forward,Chang-Peterson,Sell,1802972,1.027,1851652.24,Booked,False,False,2026-03-06 15:35:00,,2026-04-06 00:00:00
T01172,2026-03-06 00:00:00,Sarah Silva,Rates,Bond,Santiago Reyes and Lynch,Buy,15669,106.965,1676034.58,Booked,False,False,2026-03-06 16:31:00,,2026-03-09 00:00:00
T01173,2026-03-06 00:00:00,Sarah Silva,Rates,Swap,Nguyen Group,Sell,17,845713.85,14377135.45,Booked,False,False,2026-03-06 16:31:00,,2026-03-10 00:00:00
T01174,2026-03-06 00:00:00,Eddie Hernandez,Credit,Swap,Foster Jones and Reed,Sell,6,547375.19,3284251.14,Booked,False,False,2026-03-06 17:19:00,,2026-03-10 00:00:00
T01175,2026-03-06 00:00:00,Joshua Wilson,Commodities,Option,Wright and Sons,Buy,960,536.21,514761.6,Booked,False,False,2026-03-06 17:21:00,,2026-03-09 00:00:00
T01176,2026-03-06 00:00:00,Dylan Lopez,FX,FX Forward,Larsen Ray and Young,Sell,1244675,1.1511,1432745.39,Booked,False,False,2026-03-06 17:31:00,,2026-06-03 00:00:00
T01177,2026-03-06 00:00:00,Courtney Wagner,Equities,Option,Ellis Group,Sell,1028,622.39,639816.92,Booked,False,False,2026-03-06 17:52:00,,2026-03-09 00:00:00
T01178,2026-03-06 00:00:00,Tracy Hayes,Rates,Bond,Chang-Peterson,Sell,52589,102.573,5394211.5,Booked,False,False,2026-03-06 22:02:00,,2026-03-09 00:00:00
T01179,2026-03-09 00:00:00,Eddie Hernandez,Credit,Swap,Dominguez and Sons,Buy,14,547185.86,7660602.04,Booked,False,False,2026-03-09 10:10:00,,2026-03-11 00:00:00
T01180,2026-03-09 00:00:00,Tracy Hayes,Rates,Bond,Chang-Peterson,Sell,12469,91.454,1140339.93,Booked,False,False,2026-03-09 10:29:00,,2026-03-10 00:00:00
T01181,2026-03-09 00:00:00,Edward Taylor,Credit,Swap,Lee PLC,Sell,9,658076.36,5922687.24,Booked,False,False,2026-03-09 10:32:00,,2026-03-11 00:00:00
T01182,2026-03-09 00:00:00,Courtney Wagner,Equities,Equity,Chang-Peterson,Sell,2798,197.63,552968.74,Booked,False,False,2026-03-09 10:52:00,,2026-03-10 00:00:00
T01183,2026-03-09 00:00:00,Tracy Hayes,Rates,Bond,Ellis Group,Sell,8474,106.222,900125.23,Booked,False,False,2026-03-09 11:02:00,,2026-03-10 00:00:00
T01184,2026-03-09 00:00:00,Natalie Castillo,Rates,Swap,Morales-Woodard,Sell,11,561998.08,6181978.88,Booked,False,False,2026-03-09 11:16:00,,2026-03-11 00:00:00
T01185,2026-03-09 00:00:00,Tracy Hayes,Rates,Swap,Ellis Group,Sell,34,568579.91,19331716.94,Booked,False,False,2026-03-09 11:19:00,,2026-03-11 00:00:00
T01186,2026-03-09 00:00:00,Tracy Hayes,Rates,Swap,Bishop LLC,Sell,34,580911.56,19750993.04,Booked,False,False,2026-03-09 11:26:00,,2026-03-11 00:00:00
T01187,2026-03-09 00:00:00,Natalie Castillo,Rates,Bond,Crawford-Garrett,Buy,13203,99.142,1308971.83,Booked,False,False,2026-03-09 11:49:00,,2026-03-10 00:00:00
T01188,2026-03-09 00:00:00,Eddie Hernandez,Credit,Bond,Crawford-Garrett,Sell,45517,103.503,4711146.05,Amended,True,False,2026-03-09 12:21:00,2026-03-09 16:48:00,2026-03-10 00:00:00
T01189,2026-03-09 00:00:00,Pamela Hahn,FX,FX Forward,Wall PLC,Sell,1352222,0.9717,1313954.12,Booked,False,False,2026-03-09 12:26:00,,2026-05-06 00:00:00
T01190,2026-03-09 00:00:00,Dylan Lopez,FX,FX Forward,Anthony-Baker,Buy,5055983,0.8725,4411345.17,Booked,False,False,2026-03-09 12:29:00,,2026-06-04 00:00:00
T01191,2026-03-09 00:00:00,Courtney Wagner,Equities,Equity,Mitchell-Rodgers,Buy,5980,392.06,2344518.8,Booked,False,False,2026-03-09 12:51:00,,2026-03-10 00:00:00
T01192,2026-03-09 00:00:00,Pamela Hahn,FX,FX Forward,Mclaughlin PLC,Buy,1690489,1.4178,2396775.3,Booked,False,False,2026-03-09 13:28:00,,2026-04-07 00:00:00
T01193,2026-03-09 00:00:00,Tracy Hayes,Rates,Bond,Crawford-Garrett,Buy,59579,97.471,5807224.71,Cancelled,True,True,2026-03-09 13:31:00,2026-03-09 16:08:00,2026-03-10 00:00:00
T01194,2026-03-09 00:00:00,Raymond Williams,FX,FX Forward,Chang-Peterson,Buy,1359132,1.1242,1527936.19,Booked,False,False,2026-03-09 13:37:00,,2026-05-06 00:00:00
T01195,2026-03-09 00:00:00,Tracy Hayes,Rates,Swap,Bishop LLC,Buy,208,547485.41,113876965.28,Booked,False,False,2026-03-09 13:46:00,,2026-03-11 00:00:00
T01196,2026-03-09 00:00:00,Sarah Silva,Rates,Swap,Brown-Wiggins,Sell,41,595809.59,24428193.19,Booked,False,False,2026-03-09 13:49:00,,2026-03-11 00:00:00
T01197,2026-03-09 00:00:00,David Williams,Equities,Equity,Wall PLC,Buy,8422,411.03,3461694.66,Booked,False,False,2026-03-09 14:25:00,,2026-03-10 00:00:00
T01198,2026-03-09 00:00:00,Kevin Gutierrez,Equities,Equity,Wall PLC,Sell,7352,407.64,2996969.28,Booked,False,False,2026-03-09 14:38:00,,2026-03-10 00:00:00
T01199,2026-03-09 00:00:00,David Williams,Equities,Equity,Mitchell-Rodgers,Sell,3432,258.6,887515.2,Booked,False,False,2026-03-09 14:39:00,,2026-03-10 00:00:00
T01200,2026-03-09 00:00:00,Sarah Silva,Rates,Bond,Ellis Group,Buy,73309,100.705,7382582.84,Booked,False,False,2026-03-09 14:55:00,,2026-03-10 00:00:00
T01201,2026-03-09 00:00:00,Tracy Hayes,Rates,Swap,Larsen Ray and Young,Sell,23,821929.26,18904372.98,Booked,False,False,2026-03-09 15:09:00,,2026-03-11 00:00:00
T01202,2026-03-09 00:00:00,Raymond Williams,FX,FX Forward,Anthony-Baker,Buy,5096127,0.9595,4889733.86,Booked,False,False,2026-03-09 15:26:00,,2026-04-07 00:00:00
T01203,2026-03-09 00:00:00,Joshua Wilson,Commodities,Swap,Nguyen Group,Buy,9,573738.36,5163645.24,Booked,False,False,2026-03-09 15:44:00,,2026-03-11 00:00:00
T01204,2026-03-09 00:00:00,Pamela Hahn,FX,Option,Dominguez and Sons,Sell,203,388.1,78784.3,Booked,False,False,2026-03-09 15:48:00,,2026-03-10 00:00:00
T01205,2026-03-09 00:00:00,Tracy Hayes,Rates,Swap,Chang-Peterson,Buy,52,947701.13,49280458.76,Booked,False,False,2026-03-09 15:54:00,,2026-03-11 00:00:00
T01206,2026-03-09 00:00:00,Courtney Wagner,Equities,Equity,Larsen Ray and Young,Sell,2926,275.51,806142.26,Booked,False,False,2026-03-09 17:40:00,,2026-03-10 00:00:00
T01207,2026-03-10 00:00:00,Tracy Hayes,Rates,Swap,Wright and Sons,Sell,6,317559.67,1905358.02,Booked,False,False,2026-03-10 08:21:00,,2026-03-12 00:00:00
T01208,2026-03-10 00:00:00,Raymond Williams,FX,FX Forward,Chang-Peterson,Buy,1028582,1.0941,1125371.57,Booked,False,False,2026-03-10 08:26:00,,2026-04-08 00:00:00
T01209,2026-03-10 00:00:00,Pamela Hahn,FX,FX Forward,Bishop LLC,Buy,1557668,1.1071,1724494.24,Booked,False,False,2026-03-10 08:49:00,,2026-04-08 00:00:00
T01210,2026-03-10 00:00:00,Kevin Gutierrez,Equities,Equity,Lee PLC,Buy,1212,304.64,369223.68,Booked,False,False,2026-03-10 10:00:00,,2026-03-11 00:00:00
T01211,2026-03-10 00:00:00,Kevin Gutierrez,Equities,Option,Fernandez-Ferguson,Sell,794,386.95,307238.3,Booked,False,False,2026-03-10 10:04:00,,2026-03-11 00:00:00
T01212,2026-03-10 00:00:00,Raymond Williams,FX,Option,Chang-Peterson,Buy,671,45.18,30315.78,Booked,False,False,2026-03-10 10:10:00,,2026-03-11 00:00:00
T01213,2026-03-10 00:00:00,Kevin Gutierrez,Equities,Equity,Anthony-Baker,Sell,35442,157.83,5593810.86,Cancelled,True,True,2026-03-10 10:33:00,2026-03-11 07:30:00,2026-03-11 00:00:00
T01214,2026-03-10 00:00:00,Tracy Hayes,Rates,Bond,Crawford-Garrett,Sell,11322,95.054,1076201.39,Booked,False,False,2026-03-10 10:33:00,,2026-03-11 00:00:00
T01215,2026-03-10 00:00:00,Natalie Castillo,Rates,Swap,Morales-Woodard,Sell,7,570719.16,3995034.12,Amended,True,False,2026-03-10 10:43:00,2026-03-10 11:28:00,2026-03-12 00:00:00
T01216,2026-03-10 00:00:00,Tracy Hayes,Rates,Swap,Larsen Ray and Young,Sell,21,837331.28,17583956.88,Booked,False,False,2026-03-10 11:36:00,,2026-03-12 00:00:00
T01217,2026-03-10 00:00:00,Tracy Hayes,Rates,Swap,Mclaughlin PLC,Sell,6,268087.34,1608524.04,Booked,False,False,2026-03-10 11:38:00,,2026-03-12 00:00:00
T01218,2026-03-10 00:00:00,Margaret Arellano,Commodities,Swap,Wright and Sons,Sell,19,902518.56,17147852.64,Booked,False,False,2026-03-10 11:41:00,,2026-03-12 00:00:00
T01219,2026-03-10 00:00:00,David Williams,Equities,Option,Crawford-Garrett,Buy,371,246.37,91403.27,Booked,False,False,2026-03-10 12:17:00,,2026-03-11 00:00:00
T01220,2026-03-10 00:00:00,Raymond Williams,FX,Option,Stanton-Wilkinson,Sell,517,1196.71,618699.07,Booked,False,False,2026-03-10 12:25:00,,2026-03-11 00:00:00
T01221,2026-03-10 00:00:00,David Williams,Equities,Option,Wright and Sons,Sell,3956,151.67,600006.52,Amended,True,False,2026-03-10 12:46:00,2026-03-10 16:07:00,2026-03-11 00:00:00
T01222,2026-03-10 00:00:00,Tracy Hayes,Rates,Swap,Crawford-Garrett,Sell,10,760754.92,7607549.2,Amended,True,False,2026-03-10 12:51:00,2026-03-10 14:06:00,2026-03-12 00:00:00
T01223,2026-03-10 00:00:00,Tracy Hayes,Rates,Bond,Chang-Peterson,Buy,112135,92.688,10393568.88,Booked,False,False,2026-03-10 12:57:00,,2026-03-11 00:00:00
T01224,2026-03-10 00:00:00,Raymond Williams,FX,FX Forward,Miranda and Sons,Sell,1113688,0.8715,970579.09,Amended,True,False,2026-03-10 13:01:00,2026-03-30 12:47:00,2026-06-05 00:00:00
T01225,2026-03-10 00:00:00,Pamela Hahn,FX,FX Forward,Foster Jones and Reed,Sell,508918,0.8799,447796.95,Booked,False,False,2026-03-10 13:16:00,,2026-05-07 00:00:00
T01226,2026-03-10 00:00:00,Pamela Hahn,FX,FX Forward,Bishop LLC,Buy,1003418,0.9914,994788.61,Booked,False,False,2026-03-10 13:32:00,,2026-05-07 00:00:00
T01227,2026-03-10 00:00:00,Heather Garrett,Commodities,Swap,Lam-Gonzalez,Buy,26,359763.03,9353838.78,Booked,False,False,2026-03-10 13:45:00,,2026-03-12 00:00:00
T01228,2026-03-10 00:00:00,Heather Garrett,Commodities,Option,Ellis Group,Buy,886,853.59,756280.74,Booked,False,False,2026-03-10 14:46:00,,2026-03-11 00:00:00
T01229,2026-03-10 00:00:00,Courtney Wagner,Equities,Equity,Powell Clark and Lopez,Sell,12310,35.91,442052.1,Amended,True,False,2026-03-10 14:49:00,2026-03-12 18:21:00,2026-03-11 00:00:00
T01230,2026-03-10 00:00:00,Kevin Gutierrez,Equities,Equity,Powell Clark and Lopez,Buy,6648,98.68,656024.64,Booked,False,False,2026-03-10 14:50:00,,2026-03-11 00:00:00
T01231,2026-03-10 00:00:00,Pamela Hahn,FX,FX Forward,Bishop LLC,Sell,3312209,1.2963,4293616.53,Booked,False,False,2026-03-10 15:30:00,,2026-06-05 00:00:00
T01232,2026-03-10 00:00:00,Raymond Williams,FX,Option,Anthony-Baker,Buy,457,716.34,327367.38,Amended,True,False,2026-03-10 16:07:00,2026-03-10 16:52:00,2026-03-11 00:00:00
T01233,2026-03-10 00:00:00,Tracy Hayes,Rates,Bond,Chang-Peterson,Sell,34471,104.628,3606631.79,Booked,False,False,2026-03-10 16:17:00,,2026-03-11 00:00:00
T01234,2026-03-10 00:00:00,Sarah Silva,Rates,Swap,Allen Morgan and Reed,Buy,2,955624.2,1911248.4,Booked,False,False,2026-03-10 19:08:00,,2026-03-12 00:00:00
T01235,2026-03-11 00:00:00,Sarah Silva,Rates,Bond,Sullivan-Baxter,Sell,83180,101.438,8437612.84,Booked,False,False,2026-03-11 07:00:00,,2026-03-12 00:00:00
T01236,2026-03-11 00:00:00,Tracy Hayes,Rates,Swap,Wright and Sons,Buy,6,970653.01,5823918.06,Booked,False,False,2026-03-11 09:00:00,,2026-03-13 00:00:00
T01237,2026-03-11 00:00:00,David Williams,Equities,Equity,Chang-Peterson,Buy,10743,472.87,5080042.41,Booked,False,False,2026-03-11 10:25:00,,2026-03-12 00:00:00
T01238,2026-03-11 00:00:00,Edward Taylor,Credit,Bond,Lam-Gonzalez,Buy,24931,93.736,2336932.22,Booked,False,False,2026-03-11 10:30:00,,2026-03-12 00:00:00
T01239,2026-03-11 00:00:00,Tracy Hayes,Rates,Swap,Mclaughlin PLC,Sell,6,337155.06,2022930.36,Amended,True,False,2026-03-11 11:02:00,2026-03-12 07:30:00,2026-03-13 00:00:00
T01240,2026-03-11 00:00:00,Joshua Stevenson,Credit,Bond,Foster Jones and Reed,Sell,11172,92.36,1031845.92,Booked,False,False,2026-03-11 11:53:00,,2026-03-12 00:00:00
T01241,2026-03-11 00:00:00,David Williams,Equities,Equity,Larsen Ray and Young,Sell,2937,229.16,673042.92,Booked,False,False,2026-03-11 12:04:00,,2026-03-12 00:00:00
T01242,2026-03-11 00:00:00,Eddie Hernandez,Credit,Bond,Lam-Gonzalez,Sell,31596,106.437,3362983.45,Booked,False,False,2026-03-11 12:33:00,,2026-03-12 00:00:00
T01243,2026-03-11 00:00:00,Tracy Hayes,Rates,Bond,Chang-Peterson,Sell,33218,97.152,3227195.14,Booked,False,False,2026-03-11 13:03:00,,2026-03-12 00:00:00
T01244,2026-03-11 00:00:00,Eddie Hernandez,Credit,Bond,Foster Jones and Reed,Sell,32566,103.764,3379178.42,Booked,False,False,2026-03-11 13:03:00,,2026-03-12 00:00:00
T01245,2026-03-11 00:00:00,Raymond Williams,FX,FX Forward,Foster Jones and Reed,Sell,457213,1.0946,500465.35,Booked,False,False,2026-03-11 13:08:00,,2026-04-09 00:00:00
T01246,2026-03-11 00:00:00,Kevin Gutierrez,Equities,Option,Mcconnell-Fisher,Buy,921,732.9,675000.9,Booked,False,False,2026-03-11 13:15:00,,2026-03-12 00:00:00
T01247,2026-03-11 00:00:00,Raymond Williams,FX,Option,Ellis Group,Sell,359,1114.33,400044.47,Booked,False,False,2026-03-11 13:24:00,,2026-03-12 00:00:00
T01248,2026-03-11 00:00:00,Pamela Hahn,FX,FX Forward,Dominguez and Sons,Sell,922672,1.1238,1036898.79,Booked,False,False,2026-03-11 13:25:00,,2026-05-08 00:00:00
T01249,2026-03-11 00:00:00,Natalie Castillo,Rates,Swap,Morales-Woodard,Buy,2,324428.75,648857.5,Booked,False,False,2026-03-11 13:56:00,,2026-03-13 00:00:00
T01250,2026-03-11 00:00:00,Raymond Williams,FX,FX Forward,Chang-Peterson,Buy,734257,0.9743,715386.6,Booked,False,False,2026-03-11 14:11:00,,2026-04-09 00:00:00
T01251,2026-03-11 00:00:00,Dylan Lopez,FX,FX Forward,Miranda and Sons,Buy,2060553,0.9993,2059110.61,Cancelled,True,True,2026-03-11 14:20:00,2026-03-13 17:46:00,2026-05-08 00:00:00
T01252,2026-03-11 00:00:00,Tracy Hayes,Rates,Bond,Powell Clark and Lopez,Sell,14593,96.505,1408297.46,Booked,False,False,2026-03-11 14:49:00,,2026-03-12 00:00:00
T01253,2026-03-11 00:00:00,Eddie Hernandez,Credit,Bond,Crawford-Garrett,Sell,25454,91.898,2339171.69,Booked,False,False,2026-03-11 15:35:00,,2026-03-12 00:00:00
T01254,2026-03-11 00:00:00,Kevin Gutierrez,Equities,Equity,Crawford-Garrett,Buy,10510,321.5,3378965.0,Booked,False,False,2026-03-11 15:38:00,,2026-03-12 00:00:00
T01255,2026-03-11 00:00:00,Tracy Hayes,Rates,Bond,Sullivan-Baxter,Sell,45783,95.639,4378640.34,Booked,False,False,2026-03-11 16:54:00,,2026-03-12 00:00:00
T01256,2026-03-11 00:00:00,Heather Garrett,Commodities,Option,Anthony-Baker,Buy,985,768.69,757159.65,Booked,False,False,2026-03-11 17:40:00,,2026-03-12 00:00:00
T01257,2026-03-12 00:00:00,Raymond Williams,FX,FX Forward,Mcconnell-Fisher,Buy,5270429,1.0253,5403770.85,Booked,False,False,2026-03-12 07:00:00,,2026-05-11 00:00:00
T01258,2026-03-12 00:00:00,Raymond Williams,FX,FX Forward,Brown-Wiggins,Sell,2380281,1.5433,3673487.67,Booked,False,False,2026-03-12 10:23:00,,2026-04-10 00:00:00
T01259,2026-03-12 00:00:00,Courtney Wagner,Equities,Equity,Larsen Ray and Young,Sell,5807,325.07,1887681.49,Amended,True,False,2026-03-12 10:53:00,2026-03-13 16:12:00,2026-03-13 00:00:00
T01260,2026-03-12 00:00:00,Joshua Stevenson,Credit,Bond,Stanton-Wilkinson,Sell,61138,93.608,5723005.9,Booked,False,False,2026-03-12 11:11:00,,2026-03-13 00:00:00
T01261,2026-03-12 00:00:00,Pamela Hahn,FX,Option,Crawford-Garrett,Buy,2413,991.21,2391789.73,Booked,False,False,2026-03-12 12:09:00,,2026-03-13 00:00:00
T01262,2026-03-12 00:00:00,Tracy Hayes,Rates,Swap,Chang-Peterson,Buy,16,533912.18,8542594.88,Booked,False,False,2026-03-12 12:30:00,,2026-03-16 00:00:00
T01263,2026-03-12 00:00:00,Courtney Wagner,Equities,Equity,Crawford-Garrett,Sell,1817,292.87,532144.79,Booked,False,False,2026-03-12 12:53:00,,2026-03-13 00:00:00
T01264,2026-03-12 00:00:00,Tracy Hayes,Rates,Bond,Lee PLC,Sell,14334,101.125,1449525.75,Booked,False,False,2026-03-12 13:40:00,,2026-03-13 00:00:00
T01265,2026-03-12 00:00:00,Natalie Castillo,Rates,Bond,Nguyen Group,Sell,57135,101.719,5811715.06,Booked,False,False,2026-03-12 13:51:00,,2026-03-13 00:00:00
T01266,2026-03-12 00:00:00,Raymond Williams,FX,FX Forward,Chang-Peterson,Sell,3723875,1.6067,5983149.96,Booked,False,False,2026-03-12 13:52:00,,2026-06-09 00:00:00
T01267,2026-03-12 00:00:00,Natalie Castillo,Rates,Swap,Larsen Ray and Young,Buy,7,578406.93,4048848.51,Booked,False,False,2026-03-12 13:54:00,,2026-03-16 00:00:00
T01268,2026-03-12 00:00:00,Natalie Castillo,Rates,Bond,Brown-Wiggins,Sell,30173,89.412,2697828.28,Booked,False,False,2026-03-12 14:02:00,,2026-03-13 00:00:00
T01269,2026-03-12 00:00:00,Heather Garrett,Commodities,Swap,Anthony-Baker,Sell,4,703712.05,2814848.2,Booked,False,False,2026-03-12 14:42:00,,2026-03-16 00:00:00
T01270,2026-03-12 00:00:00,Joshua Stevenson,Credit,Bond,Chang-Peterson,Buy,47437,103.216,4896257.39,Booked,False,False,2026-03-12 16:23:00,,2026-03-13 00:00:00
T01271,2026-03-12 00:00:00,Dylan Lopez,FX,FX Forward,Miranda and Sons,Sell,852055,1.3427,1144054.25,Booked,False,False,2026-03-12 16:40:00,,2026-04-10 00:00:00
T01272,2026-03-12 00:00:00,Pamela Hahn,FX,Option,Wright and Sons,Sell,699,192.48,134543.52,Booked,False,False,2026-03-12 17:05:00,,2026-03-13 00:00:00
T01273,2026-03-12 00:00:00,Kevin Gutierrez,Equities,Equity,Lee PLC,Buy,4712,286.1,1348103.2,Booked,False,False,2026-03-12 17:15:00,,2026-03-13 00:00:00
T01274,2026-03-12 00:00:00,Tracy Hayes,Rates,Bond,Ellis Group,Sell,4880,88.514,431948.32,Booked,False,False,2026-03-12 17:23:00,,2026-03-13 00:00:00
T01275,2026-03-12 00:00:00,Dylan Lopez,FX,FX Forward,Foster Jones and Reed,Sell,886669,0.919,814848.81,Amended,True,False,2026-03-12 17:44:00,2026-03-13 09:09:00,2026-05-11 00:00:00
T01276,2026-03-13 00:00:00,David Williams,Equities,Equity,Fernandez-Ferguson,Buy,21293,181.43,3863188.99,Booked,False,False,2026-03-13 07:00:00,,2026-03-16 00:00:00
T01277,2026-03-13 00:00:00,Sarah Silva,Rates,Swap,Crawford-Garrett,Sell,27,416401.55,11242841.85,Booked,False,False,2026-03-13 07:00:00,,2026-03-17 00:00:00
T01278,2026-03-13 00:00:00,Pamela Hahn,FX,FX Forward,Lee PLC,Buy,5487454,1.3605,7465681.17,Booked,False,False,2026-03-13 07:48:00,,2026-05-12 00:00:00
T01279,2026-03-13 00:00:00,Joshua Stevenson,Credit,Swap,Fernandez-Ferguson,Buy,818,305151.06,249613567.08,Cancelled,True,True,2026-03-13 08:09:00,2026-03-13 14:07:00,2026-03-17 00:00:00
T01280,2026-03-13 00:00:00,David Williams,Equities,Option,Ellis Group,Buy,2297,631.94,1451566.18,Amended,True,False,2026-03-13 08:17:00,2026-03-13 13:17:00,2026-03-16 00:00:00
T01281,2026-03-13 00:00:00,Courtney Wagner,Equities,Equity,Anthony-Baker,Buy,22047,110.29,2431563.63,Booked,False,False,2026-03-13 08:23:00,,2026-03-16 00:00:00
T01282,2026-03-13 00:00:00,Kevin Gutierrez,Equities,Option,Morales-Woodard,Buy,3197,312.81,1000053.57,Booked,False,False,2026-03-13 09:13:00,,2026-03-16 00:00:00
T01283,2026-03-13 00:00:00,Pamela Hahn,FX,FX Forward,Crawford-Garrett,Buy,935775,1.2603,1179357.23,Booked,False,False,2026-03-13 09:50:00,,2026-06-10 00:00:00
T01284,2026-03-13 00:00:00,Courtney Wagner,Equities,Option,Nguyen Group,Sell,819,587.8,481408.2,Booked,False,False,2026-03-13 10:27:00,,2026-03-16 00:00:00
T01285,2026-03-13 00:00:00,Edward Taylor,Credit,Bond,Lam-Gonzalez,Buy,9617,109.26,1050753.42,Booked,False,False,2026-03-13 10:34:00,,2026-03-16 00:00:00
T01286,2026-03-13 00:00:00,Courtney Wagner,Equities,Equity,Lam-Gonzalez,Sell,5304,155.32,823817.28,Booked,False,False,2026-03-13 12:04:00,,2026-03-16 00:00:00
T01287,2026-03-13 00:00:00,Sarah Silva,Rates,Swap,Crawford-Garrett,Sell,15,857602.56,12864038.4,Booked,False,False,2026-03-13 12:06:00,,2026-03-17 00:00:00
T01288,2026-03-13 00:00:00,Courtney Wagner,Equities,Equity,Lam-Gonzalez,Buy,3236,21.64,70027.04,Booked,False,False,2026-03-13 12:16:00,,2026-03-16 00:00:00
T01289,2026-03-13 00:00:00,Tracy Hayes,Rates,Bond,Foster Jones and Reed,Sell,15605,108.819,1698120.5,Amended,True,False,2026-03-13 12:29:00,2026-04-02 14:50:00,2026-03-16 00:00:00
T01290,2026-03-13 00:00:00,Eddie Hernandez,Credit,Swap,Lam-Gonzalez,Sell,32,277460.86,8878747.52,Amended,True,False,2026-03-13 12:29:00,2026-03-16 23:00:00,2026-03-17 00:00:00
T01291,2026-03-13 00:00:00,Kevin Gutierrez,Equities,Equity,Stanton-Wilkinson,Buy,2344,236.76,554965.44,Booked,False,False,2026-03-13 12:32:00,,2026-03-16 00:00:00
T01292,2026-03-13 00:00:00,Tracy Hayes,Rates,Bond,Sullivan-Baxter,Sell,4803,103.46,496918.38,Booked,False,False,2026-03-13 12:41:00,,2026-04-07 00:00:00
T01293,2026-03-13 00:00:00,Kevin Gutierrez,Equities,Equity,Mcconnell-Fisher,Sell,4433,276.79,1227010.07,Amended,True,False,2026-03-13 12:46:00,2026-03-13 15:03:00,2026-03-16 00:00:00
T01294,2026-03-13 00:00:00,Raymond Williams,FX,FX Forward,Larsen Ray and Young,Sell,3498499,0.8057,2818740.64,Booked,False,False,2026-03-13 12:46:00,,2026-05-12 00:00:00
T01295,2026-03-13 00:00:00,Sarah Silva,Rates,Bond,Mitchell-Rodgers,Sell,26281,91.868,2414382.91,Amended,True,False,2026-03-13 12:48:00,2026-03-16 15:17:00,2026-03-16 00:00:00
T01296,2026-03-13 00:00:00,Margaret Arellano,Commodities,Swap,Chang-Peterson,Sell,13,805945.22,10477287.86,Booked,False,False,2026-03-13 13:29:00,,2026-03-17 00:00:00
T01297,2026-03-13 00:00:00,Sarah Silva,Rates,Bond,Santiago Reyes and Lynch,Sell,43959,108.807,4783046.91,Booked,False,False,2026-03-13 13:55:00,,2026-03-16 00:00:00
T01298,2026-03-13 00:00:00,Tracy Hayes,Rates,Bond,Morales-Woodard,Buy,44266,93.199,4125546.93,Booked,False,False,2026-03-13 13:58:00,,2026-03-16 00:00:00
T01299,2026-03-13 00:00:00,Courtney Wagner,Equities,Equity,Miranda and Sons,Buy,4256,261.07,1111113.92,Booked,False,False,2026-03-13 14:19:00,,2026-03-16 00:00:00
T01300,2026-03-13 00:00:00,Courtney Wagner,Equities,Option,Miranda and Sons,Sell,172,609.03,104753.16,Booked,False,False,2026-03-13 14:39:00,,2026-03-16 00:00:00
T01301,2026-03-13 00:00:00,Pamela Hahn,FX,Option,Crawford-Garrett,Buy,240,542.08,130099.2,Booked,False,False,2026-03-13 15:30:00,,2026-03-16 00:00:00
T01302,2026-03-13 00:00:00,Courtney Wagner,Equities,Option,Allen Morgan and Reed,Buy,1518,939.06,1425493.08,Cancelled,True,True,2026-03-13 15:46:00,2026-03-17 11:12:00,2026-03-16 00:00:00
T01303,2026-03-13 00:00:00,Margaret Arellano,Commodities,Option,Larsen Ray and Young,Buy,4402,113.23,498438.46,Booked,False,False,2026-03-13 15:46:00,,2026-03-16 00:00:00
T01304,2026-03-13 00:00:00,Sarah Silva,Rates,Swap,Sullivan-Baxter,Buy,12,879259.87,10551118.44,Booked,False,False,2026-03-13 15:54:00,,2026-03-17 00:00:00
T01305,2026-03-13 00:00:00,Natalie Castillo,Rates,Swap,Fernandez-Ferguson,Buy,4,874789.46,3499157.84,Booked,False,False,2026-03-13 17:31:00,,2026-03-17 00:00:00
T01306,2026-03-13 00:00:00,Kevin Gutierrez,Equities,Equity,Mcconnell-Fisher,Sell,7601,242.2,1840962.2,Booked,False,False,2026-03-13 18:20:00,,2026-03-16 00:00:00
T01307,2026-03-16 00:00:00,Sarah Silva,Rates,Bond,Chang-Peterson,Buy,19229,90.703,1744127.99,Booked,False,False,2026-03-16 08:08:00,,2026-03-17 00:00:00
T01308,2026-03-16 00:00:00,Joshua Wilson,Commodities,Option,Wall PLC,Buy,4439,73.86,327864.54,Amended,True,False,2026-03-16 08:11:00,2026-04-03 14:28:00,2026-03-17 00:00:00
T01309,2026-03-16 00:00:00,Sarah Silva,Rates,Bond,Wall PLC,Sell,18046,100.028,1805105.29,Booked,False,False,2026-03-16 08:19:00,,2026-03-17 00:00:00
T01310,2026-03-16 00:00:00,Kevin Gutierrez,Equities,Option,Anthony-Baker,Buy,1406,734.43,1032608.58,Booked,False,False,2026-03-16 09:33:00,,2026-03-17 00:00:00
T01311,2026-03-16 00:00:00,Courtney Wagner,Equities,Option,Miranda and Sons,Sell,869,781.0,678689.0,Booked,False,False,2026-03-16 10:24:00,,2026-03-17 00:00:00
T01312,2026-03-16 00:00:00,Pamela Hahn,FX,FX Forward,Anthony-Baker,Buy,1772397,1.0264,1819188.28,Booked,False,False,2026-03-16 10:29:00,,2026-04-14 00:00:00
T01313,2026-03-16 00:00:00,Sarah Silva,Rates,Swap,Chang-Peterson,Buy,18,813514.11,14643253.98,Booked,False,False,2026-03-16 10:38:00,,2026-03-18 00:00:00
T01314,2026-03-16 00:00:00,Pamela Hahn,FX,FX Forward,Larsen Ray and Young,Buy,568289,1.4564,827656.1,Booked,False,False,2026-03-16 10:46:00,,2026-06-11 00:00:00
T01315,2026-03-16 00:00:00,Sarah Silva,Rates,Bond,Crawford-Garrett,Buy,1632,99.477,162346.46,Booked,False,False,2026-03-16 11:12:00,,2026-03-17 00:00:00
T01316,2026-03-16 00:00:00,Tracy Hayes,Rates,Bond,Allen Morgan and Reed,Buy,59986,107.492,6448015.11,Booked,False,False,2026-03-16 11:14:00,,2026-03-17 00:00:00
T01317,2026-03-16 00:00:00,Courtney Wagner,Equities,Option,Anthony-Baker,Buy,122280,414.98,50743754.4,Booked,False,False,2026-03-16 11:19:00,,2026-03-17 00:00:00
T01318,2026-03-16 00:00:00,Courtney Wagner,Equities,Option,Wright and Sons,Sell,4861,824.8,4009352.8,Booked,False,False,2026-03-16 11:20:00,,2026-03-17 00:00:00
T01319,2026-03-16 00:00:00,Joshua Stevenson,Credit,Bond,Crawford-Garrett,Sell,30685,103.662,3180868.47,Cancelled,True,True,2026-03-16 11:55:00,2026-03-16 12:40:00,2026-03-17 00:00:00
T01320,2026-03-16 00:00:00,Joshua Stevenson,Credit,Bond,Santiago Reyes and Lynch,Sell,31780,101.422,3223191.16,Booked,False,False,2026-03-16 12:01:00,,2026-03-17 00:00:00
T01321,2026-03-16 00:00:00,David Williams,Equities,Equity,Anthony-Baker,Sell,20346,196.37,3995344.02,Booked,False,False,2026-03-16 12:02:00,,2026-03-17 00:00:00
T01322,2026-03-16 00:00:00,Pamela Hahn,FX,FX Forward,Foster Jones and Reed,Buy,2228062,1.2921,2878878.91,Booked,False,False,2026-03-16 12:26:00,,2026-06-11 00:00:00
T01323,2026-03-16 00:00:00,Tracy Hayes,Rates,Bond,Wall PLC,Sell,158136,108.635,17179104.36,Booked,False,False,2026-03-16 12:30:00,,2026-03-17 00:00:00
T01324,2026-03-16 00:00:00,Sarah Silva,Rates,Bond,Chang-Peterson,Sell,43053,111.229,4788742.14,Booked,False,False,2026-03-16 13:03:00,,2026-03-17 00:00:00
T01325,2026-03-16 00:00:00,Pamela Hahn,FX,FX Forward,Lee PLC,Buy,136534547,0.9052,123591071.94,Booked,False,False,2026-03-16 13:20:00,,2026-04-14 00:00:00
T01326,2026-03-16 00:00:00,Joshua Stevenson,Credit,Bond,Anthony-Baker,Sell,15203,108.489,1649358.27,Booked,False,False,2026-03-16 13:23:00,,2026-03-17 00:00:00
T01327,2026-03-16 00:00:00,Edward Taylor,Credit,Swap,Powell Clark and Lopez,Sell,3,491577.12,1474731.36,Booked,False,False,2026-03-16 13:47:00,,2026-03-18 00:00:00
T01328,2026-03-16 00:00:00,Tracy Hayes,Rates,Bond,Crawford-Garrett,Buy,12148,107.871,1310416.91,Booked,False,False,2026-03-16 13:58:00,,2026-03-17 00:00:00
T01329,2026-03-16 00:00:00,Natalie Castillo,Rates,Bond,Dominguez and Sons,Sell,53925,97.06,5233960.5,Booked,False,False,2026-03-16 14:02:00,,2026-03-17 00:00:00
T01330,2026-03-16 00:00:00,Raymond Williams,FX,FX Forward,Stanton-Wilkinson,Sell,1750928,0.8322,1457122.28,Booked,False,False,2026-03-16 14:07:00,,2026-04-14 00:00:00
T01331,2026-03-16 00:00:00,Courtney Wagner,Equities,Option,Chang-Peterson,Sell,155,1077.21,166967.55,Booked,False,False,2026-03-16 14:36:00,,2026-03-17 00:00:00
T01332,2026-03-16 00:00:00,Sarah Silva,Rates,Swap,Larsen Ray and Young,Sell,3,593472.34,1780417.02,Booked,False,False,2026-03-16 14:43:00,,2026-03-18 00:00:00
T01333,2026-03-16 00:00:00,Raymond Williams,FX,FX Forward,Wright and Sons,Buy,1538212,0.8967,1379314.7,Booked,False,False,2026-03-16 15:14:00,,2026-04-14 00:00:00
T01334,2026-03-16 00:00:00,Margaret Arellano,Commodities,Option,Bishop LLC,Buy,1773,293.04,519559.92,Booked,False,False,2026-03-16 15:20:00,,2026-03-17 00:00:00
T01335,2026-03-16 00:00:00,Tracy Hayes,Rates,Bond,Morales-Woodard,Buy,23165,108.112,2504414.48,Booked,False,False,2026-03-16 15:20:00,,2026-03-17 00:00:00
T01336,2026-03-16 00:00:00,Pamela Hahn,FX,Option,Lam-Gonzalez,Buy,188,1121.29,210802.52,Amended,True,False,2026-03-16 15:56:00,2026-03-18 12:26:00,2026-03-17 00:00:00
T01337,2026-03-16 00:00:00,Eddie Hernandez,Credit,Swap,Mclaughlin PLC,Sell,22,438993.15,9657849.3,Booked,False,False,2026-03-16 16:58:00,,2026-03-18 00:00:00
T01338,2026-03-16 00:00:00,Raymond Williams,FX,FX Forward,Stanton-Wilkinson,Buy,1106400,1.5516,1716690.24,Booked,False,False,2026-03-16 19:39:00,,2026-06-11 00:00:00
T01339,2026-03-17 00:00:00,Joshua Stevenson,Credit,Swap,Chang-Peterson,Buy,3,814399.06,2443197.18,Booked,False,False,2026-03-17 08:16:00,,2026-03-19 00:00:00
T01340,2026-03-17 00:00:00,Raymond Williams,FX,Option,Chang-Peterson,Sell,836,424.83,355157.88,Booked,False,False,2026-03-17 08:29:00,,2026-03-18 00:00:00
T01341,2026-03-17 00:00:00,Pamela Hahn,FX,FX Forward,Larsen Ray and Young,Buy,4513946,1.2344,5572014.94,Booked,False,False,2026-03-17 09:53:00,,2026-05-14 00:00:00
T01342,2026-03-17 00:00:00,Courtney Wagner,Equities,Equity,Allen Morgan and Reed,Buy,6683,103.56,692091.48,Booked,False,False,2026-03-17 11:31:00,,2026-03-18 00:00:00
T01343,2026-03-17 00:00:00,Dylan Lopez,FX,FX Forward,Bishop LLC,Sell,2491659,1.0367,2583102.89,Booked,False,False,2026-03-17 12:02:00,,2026-05-14 00:00:00
T01344,2026-03-17 00:00:00,Sarah Silva,Rates,Swap,Mitchell-Rodgers,Sell,14,944825.46,13227556.44,Booked,False,False,2026-03-17 12:32:00,,2026-03-19 00:00:00
T01345,2026-03-17 00:00:00,Courtney Wagner,Equities,Equity,Stanton-Wilkinson,Buy,3891,325.76,1267532.16,Booked,False,False,2026-03-17 12:54:00,,2026-03-18 00:00:00
T01346,2026-03-17 00:00:00,Tracy Hayes,Rates,Bond,Crawford-Garrett,Buy,15250,92.782,1414925.5,Booked,False,False,2026-03-17 13:02:00,,2026-03-18 00:00:00
T01347,2026-03-17 00:00:00,Courtney Wagner,Equities,Equity,Santiago Reyes and Lynch,Buy,9534,16.67,158931.78,Amended,True,False,2026-03-17 13:10:00,2026-03-17 13:55:00,2026-03-18 00:00:00
T01348,2026-03-17 00:00:00,Eddie Hernandez,Credit,Swap,Powell Clark and Lopez,Buy,36,852270.59,30681741.24,Booked,False,False,2026-03-17 13:12:00,,2026-03-19 00:00:00
T01349,2026-03-17 00:00:00,Tracy Hayes,Rates,Bond,Chang-Peterson,Sell,13027,104.815,1365425.0,Booked,False,False,2026-03-17 13:28:00,,2026-03-18 00:00:00
T01350,2026-03-17 00:00:00,Kevin Gutierrez,Equities,Equity,Chang-Peterson,Buy,2273,411.52,935384.96,Amended,True,False,2026-03-17 13:35:00,2026-03-18 11:51:00,2026-03-18 00:00:00
T01351,2026-03-17 00:00:00,Kevin Gutierrez,Equities,Equity,Larsen Ray and Young,Sell,10028,268.37,2691214.36,Booked,False,False,2026-03-17 14:12:00,,2026-03-18 00:00:00
T01352,2026-03-17 00:00:00,Tracy Hayes,Rates,Swap,Dominguez and Sons,Buy,3,491432.82,1474298.46,Booked,False,False,2026-03-17 14:57:00,,2026-03-19 00:00:00
T01353,2026-03-17 00:00:00,Joshua Stevenson,Credit,Bond,Powell Clark and Lopez,Buy,1787308,89.888,160657541.5,Amended,True,False,2026-03-17 15:07:00,2026-03-23 10:53:00,2026-03-18 00:00:00
T01354,2026-03-17 00:00:00,Eddie Hernandez,Credit,Bond,Wright and Sons,Sell,155370,100.146,15559684.02,Booked,False,False,2026-03-17 15:20:00,,2026-03-18 00:00:00
T01355,2026-03-17 00:00:00,Tracy Hayes,Rates,Bond,Wright and Sons,Buy,71949,107.959,7767542.09,Booked,False,False,2026-03-17 15:28:00,,2026-03-18 00:00:00
T01356,2026-03-17 00:00:00,Joshua Wilson,Commodities,Swap,Chang-Peterson,Sell,3,978827.21,2936481.63,Booked,False,False,2026-03-17 16:28:00,,2026-03-19 00:00:00
T01357,2026-03-17 00:00:00,Raymond Williams,FX,FX Forward,Mclaughlin PLC,Sell,1802510,1.083,1952118.33,Amended,True,False,2026-03-17 17:02:00,2026-03-17 17:47:00,2026-05-14 00:00:00
T01358,2026-03-17 00:00:00,Joshua Wilson,Commodities,Swap,Chang-Peterson,Sell,37,785272.29,29055074.73,Booked,False,False,2026-03-17 19:41:00,,2026-03-19 00:00:00
T01359,2026-03-17 00:00:00,Tracy Hayes,Rates,Bond,Chang-Peterson,Buy,6467,100.619,650703.07,Booked,False,False,2026-03-17 20:29:00,,2026-03-18 00:00:00
T01360,2026-03-18 00:00:00,Joshua Stevenson,Credit,Bond,Lee PLC,Sell,41623,92.67,3857203.41,Booked,False,False,2026-03-18 07:52:00,,2026-03-19 00:00:00
T01361,2026-03-18 00:00:00,Raymond Williams,FX,FX Forward,Bishop LLC,Buy,46015085,0.9308,42830841.12,Booked,False,False,2026-03-18 09:25:00,,2026-06-15 00:00:00
T01362,2026-03-18 00:00:00,Joshua Wilson,Commodities,Option,Larsen Ray and Young,Buy,852,416.11,354525.72,Booked,False,False,2026-03-18 09:41:00,,2026-03-19 00:00:00
T01363,2026-03-18 00:00:00,Tracy Hayes,Rates,Bond,Chang-Peterson,Sell,26908,102.377,2754760.32,Booked,False,False,2026-03-18 10:27:00,,2026-03-19 00:00:00
T01364,2026-03-18 00:00:00,Heather Garrett,Commodities,Swap,Larsen Ray and Young,Buy,82,701755.29,57543933.78,Booked,False,False,2026-03-18 10:51:00,,2026-03-20 00:00:00
T01365,2026-03-18 00:00:00,David Williams,Equities,Equity,Mcconnell-Fisher,Sell,2775,154.36,428349.0,Booked,False,False,2026-03-18 11:14:00,,2026-03-19 00:00:00
T01366,2026-03-18 00:00:00,Joshua Stevenson,Credit,Bond,Larsen Ray and Young,Sell,24340,109.114,2655834.76,Booked,False,False,2026-03-18 11:15:00,,2026-03-19 00:00:00
T01367,2026-03-18 00:00:00,Pamela Hahn,FX,FX Forward,Anthony-Baker,Buy,3454476,1.0849,3747761.01,Booked,False,False,2026-03-18 11:17:00,,2026-04-16 00:00:00
T01368,2026-03-18 00:00:00,Tracy Hayes,Rates,Bond,Wright and Sons,Sell,16817,106.528,1791481.38,Booked,False,False,2026-03-18 11:40:00,,2026-03-19 00:00:00
T01369,2026-03-18 00:00:00,Pamela Hahn,FX,Option,Crawford-Garrett,Buy,684,1109.27,758740.68,Booked,False,False,2026-03-18 11:49:00,,2026-03-19 00:00:00
T01370,2026-03-18 00:00:00,Dylan Lopez,FX,FX Forward,Larsen Ray and Young,Buy,2079712,1.5416,3206084.02,Booked,False,False,2026-03-18 11:53:00,,2026-05-15 00:00:00
T01371,2026-03-18 00:00:00,Eddie Hernandez,Credit,Bond,Anthony-Baker,Sell,151097,88.879,13429350.26,Booked,False,False,2026-03-18 12:52:00,,2026-03-19 00:00:00
T01372,2026-03-18 00:00:00,Margaret Arellano,Commodities,Option,Chang-Peterson,Buy,217,781.0,169477.0,Booked,False,False,2026-03-18 13:12:00,,2026-03-19 00:00:00
T01373,2026-03-18 00:00:00,Pamela Hahn,FX,FX Forward,Wright and Sons,Buy,5250256,0.9152,4805034.29,Booked,False,False,2026-03-18 14:01:00,,2026-07-10 00:00:00
T01374,2026-03-18 00:00:00,Joshua Wilson,Commodities,Option,Powell Clark and Lopez,Sell,686,749.38,514074.68,Booked,False,False,2026-03-18 14:06:00,,2026-03-19 00:00:00
T01375,2026-03-18 00:00:00,Sarah Silva,Rates,Swap,Fernandez-Ferguson,Buy,59,763328.55,45036384.45,Booked,False,False,2026-03-18 14:22:00,,2026-03-20 00:00:00
T01376,2026-03-18 00:00:00,Kevin Gutierrez,Equities,Equity,Brown-Wiggins,Buy,21359,439.64,9390270.76,Booked,False,False,2026-03-18 14:53:00,,2026-03-19 00:00:00
T01377,2026-03-18 00:00:00,Raymond Williams,FX,FX Forward,Larsen Ray and Young,Sell,4294962,1.5227,6539938.64,Booked,False,False,2026-03-18 14:58:00,,2026-05-15 00:00:00
T01378,2026-03-18 00:00:00,Kevin Gutierrez,Equities,Equity,Chang-Peterson,Sell,4787,264.76,1267406.12,Amended,True,False,2026-03-18 15:13:00,2026-03-18 19:12:00,2026-03-19 00:00:00
T01379,2026-03-18 00:00:00,Sarah Silva,Rates,Swap,Fernandez-Ferguson,Buy,12,755523.72,9066284.64,Booked,False,False,2026-03-18 15:29:00,,2026-03-20 00:00:00
T01380,2026-03-18 00:00:00,Courtney Wagner,Equities,Option,Chang-Peterson,Buy,2369,161.01,381432.69,Cancelled,True,True,2026-03-18 15:43:00,2026-03-19 08:44:00,2026-03-19 00:00:00
T01381,2026-03-18 00:00:00,Sarah Silva,Rates,Bond,Chang-Peterson,Sell,20805,90.367,1880085.44,Booked,False,False,2026-03-18 15:44:00,,2026-03-19 00:00:00
T01382,2026-03-18 00:00:00,David Williams,Equities,Equity,Santiago Reyes and Lynch,Buy,21349,90.36,1929095.64,Booked,False,False,2026-03-18 16:28:00,,2026-03-19 00:00:00
T01383,2026-03-19 00:00:00,Margaret Arellano,Commodities,Swap,Mclaughlin PLC,Sell,6,715470.07,4292820.42,Booked,False,False,2026-03-19 07:04:00,,2026-03-23 00:00:00
T01384,2026-03-19 00:00:00,Kevin Gutierrez,Equities,Option,Chang-Peterson,Buy,1083,1151.0,1246533.0,Booked,False,False,2026-03-19 07:56:00,,2026-03-20 00:00:00
T01385,2026-03-19 00:00:00,Pamela Hahn,FX,FX Forward,Wall PLC,Buy,1975582,1.5186,3000118.83,Booked,False,False,2026-03-19 08:07:00,,2026-04-17 00:00:00
T01386,2026-03-19 00:00:00,Raymond Williams,FX,FX Forward,Crawford-Garrett,Sell,3220418,1.5903,5121430.75,Booked,False,False,2026-03-19 08:49:00,,2026-05-18 00:00:00
T01387,2026-03-19 00:00:00,Sarah Silva,Rates,Swap,Nguyen Group,Sell,9,804635.44,7241718.96,Booked,False,False,2026-03-19 09:17:00,,2026-03-23 00:00:00
T01388,2026-03-19 00:00:00,Natalie Castillo,Rates,Bond,Stanton-Wilkinson,Buy,32552,103.515,3369620.28,Booked,False,False,2026-03-19 10:12:00,,2026-03-20 00:00:00
T01389,2026-03-19 00:00:00,Margaret Arellano,Commodities,Swap,Anthony-Baker,Sell,27,477249.65,12885740.55,Booked,False,False,2026-03-19 10:26:00,,2026-03-23 00:00:00
T01390,2026-03-19 00:00:00,Tracy Hayes,Rates,Bond,Chang-Peterson,Sell,145865,94.358,13763529.67,Booked,False,False,2026-03-19 11:27:00,,2026-03-20 00:00:00
T01391,2026-03-19 00:00:00,Raymond Williams,FX,FX Forward,Larsen Ray and Young,Sell,2104588,1.4374,3025134.79,Booked,False,False,2026-03-19 12:07:00,,2026-06-16 00:00:00
T01392,2026-03-19 00:00:00,Dylan Lopez,FX,Option,Anthony-Baker,Buy,2607,681.11,1775653.77,Booked,False,False,2026-03-19 12:08:00,,2026-03-20 00:00:00
T01393,2026-03-19 00:00:00,Kevin Gutierrez,Equities,Option,Lam-Gonzalez,Sell,2439,769.72,1877347.08,Booked,False,False,2026-03-19 12:32:00,,2026-03-20 00:00:00
T01394,2026-03-19 00:00:00,Raymond Williams,FX,FX Forward,Chang-Peterson,Buy,2887744,1.3478,3892101.36,Booked,False,False,2026-03-19 13:05:00,,2026-06-16 00:00:00
T01395,2026-03-19 00:00:00,Pamela Hahn,FX,FX Forward,Crawford-Garrett,Sell,864203,1.4232,1229933.71,Booked,False,False,2026-03-19 13:09:00,,2026-04-17 00:00:00
T01396,2026-03-19 00:00:00,Pamela Hahn,FX,Option,Stanton-Wilkinson,Buy,3685,587.74,2165821.9,Booked,False,False,2026-03-19 13:32:00,,2026-03-20 00:00:00
T01397,2026-03-19 00:00:00,Pamela Hahn,FX,Option,Chang-Peterson,Buy,889,551.69,490452.41,Booked,False,False,2026-03-19 13:43:00,,2026-03-20 00:00:00
T01398,2026-03-19 00:00:00,Pamela Hahn,FX,Option,Ellis Group,Sell,2846,792.32,2254942.72,Booked,False,False,2026-03-19 13:43:00,,2026-03-20 00:00:00
T01399,2026-03-19 00:00:00,Dylan Lopez,FX,Option,Chang-Peterson,Buy,219,667.86,146261.34,Amended,True,False,2026-03-19 13:46:00,2026-03-19 13:46:00,2026-03-20 00:00:00
T01400,2026-03-19 00:00:00,Sarah Silva,Rates,Bond,Larsen Ray and Young,Buy,9724,107.943,1049637.73,Booked,False,False,2026-03-19 13:47:00,,2026-03-20 00:00:00
T01401,2026-03-19 00:00:00,Tracy Hayes,Rates,Swap,Chang-Peterson,Buy,4,446562.58,1786250.32,Amended,True,False,2026-03-19 14:08:00,2026-03-23 14:19:00,2026-03-23 00:00:00
T01402,2026-03-19 00:00:00,Eddie Hernandez,Credit,Swap,Chang-Peterson,Buy,20,336842.24,6736844.8,Booked,False,False,2026-03-19 14:11:00,,2026-03-23 00:00:00
T01403,2026-03-19 00:00:00,Edward Taylor,Credit,Swap,Allen Morgan and Reed,Buy,1,776345.84,776345.84,Booked,False,False,2026-03-19 14:35:00,,2026-03-23 00:00:00
T01404,2026-03-19 00:00:00,Courtney Wagner,Equities,Equity,Mclaughlin PLC,Buy,1806,158.7,286612.2,Booked,False,False,2026-03-19 14:37:00,,2026-03-20 00:00:00
T01405,2026-03-19 00:00:00,Sarah Silva,Rates,Swap,Chang-Peterson,Sell,8,342362.89,2738903.12,Booked,False,False,2026-03-19 14:44:00,,2026-03-23 00:00:00
T01406,2026-03-19 00:00:00,Pamela Hahn,FX,FX Forward,Larsen Ray and Young,Sell,2308080,1.3475,3110137.8,Booked,False,False,2026-03-19 14:50:00,,2026-04-17 00:00:00
T01407,2026-03-19 00:00:00,Natalie Castillo,Rates,Swap,Foster Jones and Reed,Sell,4,801020.19,3204080.76,Amended,True,False,2026-03-19 15:40:00,2026-03-19 19:28:00,2026-03-23 00:00:00
T01408,2026-03-19 00:00:00,Courtney Wagner,Equities,Equity,Larsen Ray and Young,Buy,2386,332.42,793154.12,Booked,False,False,2026-03-19 18:34:00,,2026-03-20 00:00:00
T01409,2026-03-19 00:00:00,Sarah Silva,Rates,Swap,Lam-Gonzalez,Buy,22,975530.98,21461681.56,Booked,False,False,2026-03-19 18:42:00,,2026-03-23 00:00:00
T01410,2026-03-20 00:00:00,Kevin Gutierrez,Equities,Equity,Bishop LLC,Sell,42649,409.63,17470309.87,Booked,False,False,2026-03-20 08:01:00,,2026-03-23 00:00:00
T01411,2026-03-20 00:00:00,Tracy Hayes,Rates,Swap,Ellis Group,Sell,9,717455.51,6457099.59,Booked,False,False,2026-03-20 08:56:00,,2026-03-24 00:00:00
T01412,2026-03-20 00:00:00,Tracy Hayes,Rates,Swap,Foster Jones and Reed,Sell,11,464974.94,5114724.34,Booked,False,False,2026-03-20 09:56:00,,2026-03-24 00:00:00
T01413,2026-03-20 00:00:00,Natalie Castillo,Rates,Bond,Wright and Sons,Sell,51636,104.214,5381194.1,Cancelled,True,True,2026-03-20 10:07:00,2026-03-24 13:45:00,2026-03-23 00:00:00
T01414,2026-03-20 00:00:00,Dylan Lopez,FX,FX Forward,Larsen Ray and Young,Buy,722925,1.4166,1024095.56,Cancelled,True,True,2026-03-20 10:54:00,2026-03-24 16:33:00,2026-05-19 00:00:00
T01415,2026-03-20 00:00:00,Sarah Silva,Rates,Swap,Ellis Group,Buy,26,591491.1,15378768.6,Booked,False,False,2026-03-20 11:40:00,,2026-03-24 00:00:00
T01416,2026-03-20 00:00:00,Joshua Stevenson,Credit,Bond,Mclaughlin PLC,Buy,35855,103.752,3720027.96,Booked,False,False,2026-03-20 11:41:00,,2026-03-23 00:00:00
T01417,2026-03-20 00:00:00,Kevin Gutierrez,Equities,Equity,Dominguez and Sons,Buy,1957,423.22,828241.54,Booked,False,False,2026-03-20 11:51:00,,2026-03-23 00:00:00
T01418,2026-03-20 00:00:00,Sarah Silva,Rates,Bond,Santiago Reyes and Lynch,Buy,13480,91.733,1236560.84,Booked,False,False,2026-03-20 12:02:00,,2026-03-23 00:00:00
T01419,2026-03-20 00:00:00,Pamela Hahn,FX,FX Forward,Wall PLC,Buy,1713734,1.0381,1779027.27,Booked,False,False,2026-03-20 12:09:00,,2026-04-20 00:00:00
T01420,2026-03-20 00:00:00,Margaret Arellano,Commodities,Swap,Mclaughlin PLC,Sell,13,956134.69,12429750.97,Booked,False,False,2026-03-20 12:31:00,,2026-03-24 00:00:00
T01421,2026-03-20 00:00:00,Raymond Williams,FX,FX Forward,Ellis Group,Sell,3961764,1.5366,6087646.56,Amended,True,False,2026-03-20 12:37:00,2026-03-23 20:11:00,2026-05-19 00:00:00
T01422,2026-03-20 00:00:00,Pamela Hahn,FX,Option,Dominguez and Sons,Buy,2065,785.65,1622367.25,Amended,True,False,2026-03-20 13:06:00,2026-03-24 13:16:00,2026-03-23 00:00:00
T01423,2026-03-20 00:00:00,Kevin Gutierrez,Equities,Equity,Santiago Reyes and Lynch,Buy,4873,475.14,2315357.22,Booked,False,False,2026-03-20 13:14:00,,2026-03-23 00:00:00
T01424,2026-03-20 00:00:00,Tracy Hayes,Rates,Bond,Wright and Sons,Sell,34426,109.203,3759422.48,Booked,False,False,2026-03-20 13:23:00,,2026-03-23 00:00:00
T01425,2026-03-20 00:00:00,Heather Garrett,Commodities,Swap,Fernandez-Ferguson,Sell,86,400181.15,34415578.9,Booked,False,False,2026-03-20 13:49:00,,2026-03-24 00:00:00
T01426,2026-03-20 00:00:00,Natalie Castillo,Rates,Bond,Wall PLC,Sell,23632,93.073,2199501.14,Booked,False,False,2026-03-20 14:07:00,,2026-03-23 00:00:00
T01427,2026-03-20 00:00:00,David Williams,Equities,Equity,Crawford-Garrett,Sell,10483,414.77,4348033.91,Amended,True,False,2026-03-20 14:28:00,2026-03-25 15:52:00,2026-03-23 00:00:00
T01428,2026-03-20 00:00:00,Sarah Silva,Rates,Swap,Sullivan-Baxter,Buy,8,413866.52,3310932.16,Booked,False,False,2026-03-20 14:53:00,,2026-03-24 00:00:00
T01429,2026-03-20 00:00:00,Pamela Hahn,FX,FX Forward,Morales-Woodard,Buy,4404718,1.5567,6856824.51,Booked,False,False,2026-03-20 15:30:00,,2026-05-19 00:00:00
T01430,2026-03-20 00:00:00,Heather Garrett,Commodities,Option,Brown-Wiggins,Sell,460,803.87,369780.2,Booked,False,False,2026-03-20 16:19:00,,2026-03-23 00:00:00
T01431,2026-03-20 00:00:00,Natalie Castillo,Rates,Bond,Lam-Gonzalez,Buy,27703,109.287,3027577.76,Booked,False,False,2026-03-20 16:38:00,,2026-03-23 00:00:00
T01432,2026-03-20 00:00:00,Sarah Silva,Rates,Bond,Wright and Sons,Buy,5396,111.933,603990.47,Booked,False,False,2026-03-20 17:17:00,,2026-03-23 00:00:00
T01433,2026-03-20 00:00:00,Raymond Williams,FX,FX Forward,Crawford-Garrett,Buy,6727163,1.2996,8742621.03,Booked,False,False,2026-03-20 19:33:00,,2026-04-20 00:00:00
T01434,2026-03-23 00:00:00,Tracy Hayes,Rates,Bond,Foster Jones and Reed,Buy,13590,104.896,1425536.64,Booked,False,False,2026-03-23 07:21:00,,2026-03-24 00:00:00
T01435,2026-03-23 00:00:00,Courtney Wagner,Equities,Equity,Sullivan-Baxter,Buy,17755,79.71,1415251.05,Booked,False,False,2026-03-23 09:31:00,,2026-03-24 00:00:00
T01436,2026-03-23 00:00:00,Joshua Stevenson,Credit,Swap,Crawford-Garrett,Sell,9,849724.11,7647516.99,Amended,True,False,2026-03-23 10:03:00,2026-03-24 17:10:00,2026-03-25 00:00:00
T01437,2026-03-23 00:00:00,Sarah Silva,Rates,Bond,Allen Morgan and Reed,Buy,60615,100.567,6095868.7,Booked,False,False,2026-03-23 11:13:00,,2026-03-24 00:00:00
T01438,2026-03-23 00:00:00,Raymond Williams,FX,FX Forward,Crawford-Garrett,Sell,2080475,1.136,2363419.6,Booked,False,False,2026-03-23 11:46:00,,2026-05-20 00:00:00
T01439,2026-03-23 00:00:00,Dylan Lopez,FX,FX Forward,Mclaughlin PLC,Buy,4160090,0.8509,3539820.58,Booked,False,False,2026-03-23 12:02:00,,2026-04-21 00:00:00
T01440,2026-03-23 00:00:00,Kevin Gutierrez,Equities,Equity,Fernandez-Ferguson,Sell,742,121.12,89871.04,Booked,False,False,2026-03-23 12:11:00,,2026-03-24 00:00:00
T01441,2026-03-23 00:00:00,Dylan Lopez,FX,FX Forward,Chang-Peterson,Buy,2384287,1.5564,3710904.29,Booked,False,False,2026-03-23 12:13:00,,2026-04-21 00:00:00
T01442,2026-03-23 00:00:00,Tracy Hayes,Rates,Swap,Lee PLC,Sell,31,734870.77,22780993.87,Booked,False,False,2026-03-23 12:35:00,,2026-03-25 00:00:00
T01443,2026-03-23 00:00:00,Joshua Stevenson,Credit,Bond,Fernandez-Ferguson,Buy,9648,109.563,1057063.82,Booked,False,False,2026-03-23 12:44:00,,2026-03-24 00:00:00
T01444,2026-03-23 00:00:00,Eddie Hernandez,Credit,Bond,Larsen Ray and Young,Buy,40556,111.465,4520574.54,Booked,False,False,2026-03-23 12:46:00,,2026-03-24 00:00:00
T01445,2026-03-23 00:00:00,Pamela Hahn,FX,FX Forward,Crawford-Garrett,Sell,1646402,1.3952,2297060.07,Booked,False,False,2026-03-23 13:11:00,,2026-04-21 00:00:00
T01446,2026-03-23 00:00:00,Dylan Lopez,FX,FX Forward,Nguyen Group,Buy,1504799,1.3075,1967524.69,Booked,False,False,2026-03-23 13:27:00,,2026-06-18 00:00:00
T01447,2026-03-23 00:00:00,Tracy Hayes,Rates,Swap,Bishop LLC,Buy,2,777827.12,1555654.24,Booked,False,False,2026-03-23 13:29:00,,2026-03-25 00:00:00
T01448,2026-03-23 00:00:00,Courtney Wagner,Equities,Equity,Mclaughlin PLC,Buy,330737,279.98,92599745.26,Booked,False,False,2026-03-23 13:32:00,,2026-03-24 00:00:00
T01449,2026-03-23 00:00:00,Courtney Wagner,Equities,Equity,Foster Jones and Reed,Buy,5071,391.75,1986564.25,Booked,False,False,2026-03-23 13:34:00,,2026-03-24 00:00:00
T01450,2026-03-23 00:00:00,Joshua Stevenson,Credit,Swap,Wright and Sons,Buy,3,502060.1,1506180.3,Booked,False,False,2026-03-23 13:35:00,,2026-03-25 00:00:00
T01451,2026-03-23 00:00:00,Dylan Lopez,FX,Option,Stanton-Wilkinson,Buy,1755,1207.77,2119636.35,Booked,False,False,2026-03-23 14:07:00,,2026-03-24 00:00:00
T01452,2026-03-23 00:00:00,Joshua Stevenson,Credit,Bond,Mclaughlin PLC,Buy,17536,101.601,1781675.14,Booked,False,False,2026-03-23 14:10:00,,2026-03-24 00:00:00
T01453,2026-03-23 00:00:00,Raymond Williams,FX,FX Forward,Allen Morgan and Reed,Sell,3584086,0.8796,3152562.05,Booked,False,False,2026-03-23 14:13:00,,2026-05-20 00:00:00
T01454,2026-03-23 00:00:00,Kevin Gutierrez,Equities,Option,Chang-Peterson,Sell,578,466.72,269764.16,Booked,False,False,2026-03-23 14:23:00,,2026-03-24 00:00:00
T01455,2026-03-23 00:00:00,Kevin Gutierrez,Equities,Equity,Brown-Wiggins,Buy,3548,154.23,547208.04,Booked,False,False,2026-03-23 15:01:00,,2026-03-24 00:00:00
T01456,2026-03-23 00:00:00,Kevin Gutierrez,Equities,Equity,Chang-Peterson,Buy,9688,53.83,521505.04,Booked,False,False,2026-03-23 16:11:00,,2026-03-24 00:00:00
T01457,2026-03-23 00:00:00,Sarah Silva,Rates,Bond,Allen Morgan and Reed,Sell,89992,93.7,8432250.4,Booked,False,False,2026-03-23 16:19:00,,2026-03-24 00:00:00
T01458,2026-03-24 00:00:00,Margaret Arellano,Commodities,Option,Sullivan-Baxter,Sell,1414,121.17,171334.38,Booked,False,False,2026-03-24 08:15:00,,2026-03-25 00:00:00
T01459,2026-03-24 00:00:00,Courtney Wagner,Equities,Option,Wall PLC,Sell,1199,1178.58,1413117.42,Booked,False,False,2026-03-24 08:32:00,,2026-03-25 00:00:00
T01460,2026-03-24 00:00:00,Eddie Hernandez,Credit,Swap,Larsen Ray and Young,Sell,5,639570.1,3197850.5,Booked,False,False,2026-03-24 09:13:00,,2026-03-26 00:00:00
T01461,2026-03-24 00:00:00,Courtney Wagner,Equities,Equity,Mcconnell-Fisher,Buy,3724,251.06,934947.44,Booked,False,False,2026-03-24 09:34:00,,2026-03-25 00:00:00
T01462,2026-03-24 00:00:00,Sarah Silva,Rates,Bond,Miranda and Sons,Sell,16725,107.256,1793856.6,Booked,False,False,2026-03-24 10:17:00,,2026-03-25 00:00:00
T01463,2026-03-24 00:00:00,Eddie Hernandez,Credit,Swap,Ellis Group,Sell,13,879236.33,11430072.29,Booked,False,False,2026-03-24 10:37:00,,2026-03-26 00:00:00
T01464,2026-03-24 00:00:00,Joshua Stevenson,Credit,Bond,Lam-Gonzalez,Sell,14211,88.724,1260856.76,Booked,False,False,2026-03-24 10:40:00,,2026-03-25 00:00:00
T01465,2026-03-24 00:00:00,Natalie Castillo,Rates,Bond,Chang-Peterson,Buy,34518,109.097,3765810.25,Booked,False,False,2026-03-24 10:56:00,,2026-03-25 00:00:00
T01466,2026-03-24 00:00:00,Heather Garrett,Commodities,Swap,Fernandez-Ferguson,Buy,16,616372.91,9861966.56,Booked,False,False,2026-03-24 11:15:00,,2026-03-26 00:00:00
T01467,2026-03-24 00:00:00,Margaret Arellano,Commodities,Swap,Mcconnell-Fisher,Sell,3,499580.12,1498740.36,Booked,False,False,2026-03-24 11:18:00,,2026-03-26 00:00:00
T01468,2026-03-24 00:00:00,Sarah Silva,Rates,Swap,Fernandez-Ferguson,Sell,15,307057.38,4605860.7,Booked,False,False,2026-03-24 11:33:00,,2026-03-26 00:00:00
T01469,2026-03-24 00:00:00,Kevin Gutierrez,Equities,Option,Chang-Peterson,Sell,667,1076.01,717698.67,Booked,False,False,2026-03-24 12:29:00,,2026-03-25 00:00:00
T01470,2026-03-24 00:00:00,Margaret Arellano,Commodities,Option,Wall PLC,Buy,331,1245.61,412296.91,Booked,False,False,2026-03-24 13:03:00,,2026-03-25 00:00:00
T01471,2026-03-24 00:00:00,Dylan Lopez,FX,FX Forward,Nguyen Group,Sell,1244048,0.8977,1116781.89,Amended,True,False,2026-03-24 13:13:00,2026-03-25 13:05:00,2026-05-21 00:00:00
T01472,2026-03-24 00:00:00,Tracy Hayes,Rates,Bond,Dominguez and Sons,Buy,4502,93.432,420630.86,Booked,False,False,2026-03-24 13:14:00,,2026-03-25 00:00:00
T01473,2026-03-24 00:00:00,Pamela Hahn,FX,FX Forward,Lam-Gonzalez,Buy,906831,1.5681,1422001.69,Booked,False,False,2026-03-24 13:32:00,,2026-05-21 00:00:00
T01474,2026-03-24 00:00:00,Courtney Wagner,Equities,Equity,Chang-Peterson,Sell,1835,456.76,838154.6,Booked,False,False,2026-03-24 13:40:00,,2026-03-25 00:00:00
T01475,2026-03-24 00:00:00,Tracy Hayes,Rates,Bond,Nguyen Group,Buy,36159,106.424,3848185.42,Booked,False,False,2026-03-24 13:51:00,,2026-03-25 00:00:00
T01476,2026-03-24 00:00:00,Raymond Williams,FX,FX Forward,Santiago Reyes and Lynch,Buy,1245241,1.0961,1364908.66,Booked,False,False,2026-03-24 14:20:00,,2026-04-22 00:00:00
T01477,2026-03-24 00:00:00,Pamela Hahn,FX,FX Forward,Stanton-Wilkinson,Buy,1252308,1.1161,1397700.96,Booked,False,False,2026-03-24 15:29:00,,2026-05-21 00:00:00
T01478,2026-03-24 00:00:00,Pamela Hahn,FX,FX Forward,Dominguez and Sons,Buy,1686626,1.069,1803003.19,Booked,False,False,2026-03-24 16:07:00,,2026-05-21 00:00:00
T01479,2026-03-24 00:00:00,Margaret Arellano,Commodities,Option,Foster Jones and Reed,Buy,1442,325.39,469212.38,Booked,False,False,2026-03-24 16:12:00,,2026-03-25 00:00:00
T01480,2026-03-24 00:00:00,Sarah Silva,Rates,Bond,Ellis Group,Buy,16574,106.536,1765727.66,Booked,False,False,2026-03-24 16:26:00,,2026-03-25 00:00:00
T01481,2026-03-24 00:00:00,Sarah Silva,Rates,Swap,Dominguez and Sons,Sell,10,583784.72,5837847.2,Booked,False,False,2026-03-24 17:54:00,,2026-03-26 00:00:00
T01482,2026-03-24 00:00:00,Heather Garrett,Commodities,Option,Mclaughlin PLC,Buy,687,449.67,308923.29,Amended,True,False,2026-03-24 18:31:00,2026-03-24 21:48:00,2026-03-25 00:00:00
T01483,2026-03-25 00:00:00,Joshua Wilson,Commodities,Swap,Nguyen Group,Sell,3,378145.53,1134436.59,Amended,True,False,2026-03-25 07:00:00,2026-03-25 16:15:00,2026-03-27 00:00:00
T01484,2026-03-25 00:00:00,Eddie Hernandez,Credit,Bond,Anthony-Baker,Buy,8746,98.987,865740.3,Booked,False,False,2026-03-25 09:27:00,,2026-03-26 00:00:00
T01485,2026-03-25 00:00:00,Kevin Gutierrez,Equities,Equity,Mcconnell-Fisher,Sell,1743,421.48,734639.64,Booked,False,False,2026-03-25 09:32:00,,2026-03-26 00:00:00
T01486,2026-03-25 00:00:00,Raymond Williams,FX,FX Forward,Chang-Peterson,Buy,816265,1.3816,1127751.72,Booked,False,False,2026-03-25 09:54:00,,2026-06-22 00:00:00
T01487,2026-03-25 00:00:00,Sarah Silva,Rates,Swap,Morales-Woodard,Sell,9,965728.85,8691559.65,Booked,False,False,2026-03-25 10:34:00,,2026-03-27 00:00:00
T01488,2026-03-25 00:00:00,Sarah Silva,Rates,Swap,Sullivan-Baxter,Buy,6,733762.02,4402572.12,Booked,False,False,2026-03-25 10:39:00,,2026-03-27 00:00:00
T01489,2026-03-25 00:00:00,Pamela Hahn,FX,Option,Ellis Group,Buy,1188,854.51,1015157.88,Booked,False,False,2026-03-25 10:44:00,,2026-03-26 00:00:00
T01490,2026-03-25 00:00:00,Raymond Williams,FX,Option,Chang-Peterson,Sell,486,1123.58,546059.88,Booked,False,False,2026-03-25 10:48:00,,2026-03-26 00:00:00
T01491,2026-03-25 00:00:00,Courtney Wagner,Equities,Equity,Larsen Ray and Young,Buy,3249,46.45,150916.05,Booked,False,False,2026-03-25 11:02:00,,2026-03-26 00:00:00
T01492,2026-03-25 00:00:00,Natalie Castillo,Rates,Swap,Chang-Peterson,Sell,11,931019.61,10241215.71,Amended,True,False,2026-03-25 11:13:00,2026-03-27 08:02:00,2026-03-27 00:00:00
T01493,2026-03-25 00:00:00,Sarah Silva,Rates,Bond,Foster Jones and Reed,Buy,25234,98.421,2483555.51,Amended,True,False,2026-03-25 12:06:00,2026-03-25 22:59:00,2026-03-26 00:00:00
T01494,2026-03-25 00:00:00,Sarah Silva,Rates,Swap,Dominguez and Sons,Buy,13,852626.95,11084150.35,Booked,False,False,2026-03-25 12:33:00,,2026-03-27 00:00:00
T01495,2026-03-25 00:00:00,Kevin Gutierrez,Equities,Equity,Wall PLC,Sell,1461,45.8,66913.8,Booked,False,False,2026-03-25 12:43:00,,2026-03-26 00:00:00
T01496,2026-03-25 00:00:00,Edward Taylor,Credit,Swap,Lam-Gonzalez,Buy,43,834366.81,35877772.83,Booked,False,False,2026-03-25 12:55:00,,2026-03-27 00:00:00
T01497,2026-03-25 00:00:00,Tracy Hayes,Rates,Bond,Crawford-Garrett,Buy,10512,93.587,983786.54,Booked,False,False,2026-03-25 12:58:00,,2026-03-26 00:00:00
T01498,2026-03-25 00:00:00,Raymond Williams,FX,FX Forward,Wright and Sons,Buy,883339,0.8272,730698.02,Booked,False,False,2026-03-25 13:15:00,,2026-04-23 00:00:00
T01499,2026-03-25 00:00:00,Tracy Hayes,Rates,Bond,Lam-Gonzalez,Sell,42393,93.86,3979006.98,Amended,True,False,2026-03-25 13:15:00,2026-03-25 14:08:00,2026-03-26 00:00:00
T01500,2026-03-25 00:00:00,Tracy Hayes,Rates,Swap,Wright and Sons,Sell,8,956501.65,7652013.2,Booked,False,False,2026-03-25 13:24:00,,2026-03-27 00:00:00
T01501,2026-03-25 00:00:00,Tracy Hayes,Rates,Bond,Brown-Wiggins,Sell,3586,109.459,392519.97,Booked,False,False,2026-03-25 13:42:00,,2026-03-26 00:00:00
T01502,2026-03-25 00:00:00,Sarah Silva,Rates,Swap,Crawford-Garrett,Buy,8,586159.64,4689277.12,Booked,False,False,2026-03-25 13:43:00,,2026-03-27 00:00:00
T01503,2026-03-25 00:00:00,Tracy Hayes,Rates,Bond,Chang-Peterson,Buy,29298,88.147,2582530.81,Booked,False,False,2026-03-25 13:51:00,,2026-03-26 00:00:00
T01504,2026-03-25 00:00:00,David Williams,Equities,Option,Larsen Ray and Young,Buy,906,155.94,141281.64,Amended,True,False,2026-03-25 13:55:00,2026-03-27 15:14:00,2026-03-26 00:00:00
T01505,2026-03-25 00:00:00,Joshua Stevenson,Credit,Swap,Ellis Group,Buy,4,563780.74,2255122.96,Booked,False,False,2026-03-25 14:02:00,,2026-03-27 00:00:00
T01506,2026-03-25 00:00:00,Heather Garrett,Commodities,Swap,Fernandez-Ferguson,Buy,10,792661.68,7926616.8,Booked,False,False,2026-03-25 14:08:00,,2026-03-27 00:00:00
T01507,2026-03-25 00:00:00,Kevin Gutierrez,Equities,Equity,Larsen Ray and Young,Sell,8117,273.51,2220080.67,Booked,False,False,2026-03-25 14:29:00,,2026-03-26 00:00:00
T01508,2026-03-25 00:00:00,Sarah Silva,Rates,Bond,Ellis Group,Sell,13003,96.299,1252175.9,Booked,False,False,2026-03-25 15:28:00,,2026-03-26 00:00:00
T01509,2026-03-25 00:00:00,Tracy Hayes,Rates,Bond,Crawford-Garrett,Buy,34065,109.513,3730560.34,Amended,True,False,2026-03-25 15:39:00,2026-03-26 10:30:00,2026-03-26 00:00:00
T01510,2026-03-25 00:00:00,Eddie Hernandez,Credit,Swap,Anthony-Baker,Buy,4,414190.48,1656761.92,Booked,False,False,2026-03-25 15:45:00,,2026-03-27 00:00:00
T01511,2026-03-25 00:00:00,Heather Garrett,Commodities,Option,Morales-Woodard,Buy,522,45.95,23985.9,Booked,False,False,2026-03-25 16:41:00,,2026-03-26 00:00:00
T01512,2026-03-25 00:00:00,Courtney Wagner,Equities,Equity,Chang-Peterson,Sell,7576,302.04,2288255.04,Booked,False,False,2026-03-25 16:43:00,,2026-03-26 00:00:00
T01513,2026-03-25 00:00:00,Edward Taylor,Credit,Bond,Santiago Reyes and Lynch,Buy,16706,100.192,1673807.55,Cancelled,True,True,2026-03-25 17:43:00,2026-03-25 18:28:00,2026-03-26 00:00:00
T01514,2026-03-25 00:00:00,Courtney Wagner,Equities,Equity,Crawford-Garrett,Buy,8274,249.03,2060474.22,Booked,False,False,2026-03-25 19:07:00,,2026-03-26 00:00:00
T01515,2026-03-26 00:00:00,Sarah Silva,Rates,Swap,Chang-Peterson,Buy,2,993600.45,1987200.9,Booked,False,False,2026-03-26 11:01:00,,2026-03-30 00:00:00
T01516,2026-03-26 00:00:00,Tracy Hayes,Rates,Swap,Chang-Peterson,Sell,19,797964.9,15161333.1,Booked,False,False,2026-03-26 11:22:00,,2026-03-30 00:00:00
T01517,2026-03-26 00:00:00,Tracy Hayes,Rates,Bond,Mcconnell-Fisher,Buy,20481,102.083,2090761.92,Booked,False,False,2026-03-26 11:27:00,,2026-04-21 00:00:00
T01518,2026-03-26 00:00:00,Eddie Hernandez,Credit,Swap,Anthony-Baker,Sell,97,740210.95,71800462.15,Booked,False,False,2026-03-26 11:30:00,,2026-03-30 00:00:00
T01519,2026-03-26 00:00:00,Heather Garrett,Commodities,Swap,Larsen Ray and Young,Sell,46,488007.01,22448322.46,Booked,False,False,2026-03-26 11:52:00,,2026-03-30 00:00:00
T01520,2026-03-26 00:00:00,Pamela Hahn,FX,FX Forward,Ellis Group,Buy,858752,1.3368,1147979.67,Amended,True,False,2026-03-26 11:54:00,2026-03-26 15:05:00,2026-04-24 00:00:00
T01521,2026-03-26 00:00:00,Eddie Hernandez,Credit,Swap,Wright and Sons,Buy,12,496959.27,5963511.24,Booked,False,False,2026-03-26 12:00:00,,2026-03-30 00:00:00
T01522,2026-03-26 00:00:00,Eddie Hernandez,Credit,Swap,Fernandez-Ferguson,Sell,5,361342.83,1806714.15,Booked,False,False,2026-03-26 12:30:00,,2026-03-30 00:00:00
T01523,2026-03-26 00:00:00,Sarah Silva,Rates,Swap,Morales-Woodard,Sell,6,792485.26,4754911.56,Amended,True,False,2026-03-26 12:50:00,2026-03-27 17:24:00,2026-03-30 00:00:00
T01524,2026-03-26 00:00:00,Dylan Lopez,FX,FX Forward,Anthony-Baker,Buy,1488298,1.0356,1541281.41,Booked,False,False,2026-03-26 13:07:00,,2026-04-24 00:00:00
T01525,2026-03-26 00:00:00,Courtney Wagner,Equities,Equity,Foster Jones and Reed,Buy,8797,88.52,778710.44,Amended,True,False,2026-03-26 13:13:00,2026-03-30 10:41:00,2026-03-27 00:00:00
T01526,2026-03-26 00:00:00,Tracy Hayes,Rates,Swap,Crawford-Garrett,Sell,17,988383.94,16802526.98,Booked,False,False,2026-03-26 13:43:00,,2026-03-30 00:00:00
T01527,2026-03-26 00:00:00,Raymond Williams,FX,FX Forward,Fernandez-Ferguson,Sell,6076944,0.9518,5784035.3,Amended,True,False,2026-03-26 13:45:00,2026-03-26 19:36:00,2026-05-25 00:00:00
T01528,2026-03-26 00:00:00,Tracy Hayes,Rates,Bond,Stanton-Wilkinson,Sell,32932,101.787,3352049.48,Booked,False,False,2026-03-26 13:58:00,,2026-03-27 00:00:00
T01529,2026-03-26 00:00:00,Edward Taylor,Credit,Swap,Anthony-Baker,Buy,4,285519.05,1142076.2,Booked,False,False,2026-03-26 14:10:00,,2026-03-30 00:00:00
T01530,2026-03-26 00:00:00,Pamela Hahn,FX,FX Forward,Foster Jones and Reed,Sell,1980904,1.2003,2377679.07,Booked,False,False,2026-03-26 14:12:00,,2026-06-23 00:00:00
T01531,2026-03-26 00:00:00,Tracy Hayes,Rates,Bond,Anthony-Baker,Sell,86560,101.589,8793543.84,Booked,False,False,2026-03-26 14:33:00,,2026-03-27 00:00:00
T01532,2026-03-26 00:00:00,Margaret Arellano,Commodities,Swap,Wall PLC,Buy,14,345824.87,4841548.18,Booked,False,False,2026-03-26 14:35:00,,2026-03-30 00:00:00
T01533,2026-03-26 00:00:00,Tracy Hayes,Rates,Bond,Miranda and Sons,Buy,27115,95.186,2580968.39,Booked,False,False,2026-03-26 14:43:00,,2026-03-27 00:00:00
T01534,2026-03-26 00:00:00,Courtney Wagner,Equities,Option,Crawford-Garrett,Sell,3319,206.44,685174.36,Booked,False,False,2026-03-26 15:02:00,,2026-03-27 00:00:00
T01535,2026-03-26 00:00:00,Joshua Stevenson,Credit,Swap,Crawford-Garrett,Sell,25,310208.07,7755201.75,Booked,False,False,2026-03-26 17:24:00,,2026-03-30 00:00:00
T01536,2026-03-26 00:00:00,Tracy Hayes,Rates,Bond,Larsen Ray and Young,Buy,62095,99.458,6175844.51,Booked,False,False,2026-03-26 18:57:00,,2026-03-27 00:00:00
T01537,2026-03-27 00:00:00,Courtney Wagner,Equities,Equity,Santiago Reyes and Lynch,Sell,15351,260.97,4006150.47,Booked,False,False,2026-03-27 09:08:00,,2026-03-30 00:00:00
T01538,2026-03-27 00:00:00,Heather Garrett,Commodities,Option,Santiago Reyes and Lynch,Buy,1810,994.83,1800642.3,Booked,False,False,2026-03-27 09:17:00,,2026-03-30 00:00:00
T01539,2026-03-27 00:00:00,Pamela Hahn,FX,FX Forward,Chang-Peterson,Buy,1560343,1.567,2445057.48,Booked,False,False,2026-03-27 09:57:00,,2026-05-26 00:00:00
T01540,2026-03-27 00:00:00,Tracy Hayes,Rates,Swap,Ellis Group,Sell,13,898702.9,11683137.7,Booked,False,False,2026-03-27 10:14:00,,2026-03-31 00:00:00
T01541,2026-03-27 00:00:00,Sarah Silva,Rates,Swap,Larsen Ray and Young,Buy,32,655701.03,20982432.96,Booked,False,False,2026-03-27 10:16:00,,2026-03-31 00:00:00
T01542,2026-03-27 00:00:00,Natalie Castillo,Rates,Swap,Anthony-Baker,Sell,24,923414.8,22161955.2,Booked,False,False,2026-03-27 10:30:00,,2026-03-31 00:00:00
T01543,2026-03-27 00:00:00,Raymond Williams,FX,FX Forward,Nguyen Group,Sell,1013368,0.9556,968374.46,Amended,True,False,2026-03-27 10:37:00,2026-03-30 07:30:00,2026-05-26 00:00:00
T01544,2026-03-27 00:00:00,Tracy Hayes,Rates,Bond,Santiago Reyes and Lynch,Sell,53981,95.265,5142499.96,Booked,False,False,2026-03-27 10:40:00,,2026-03-30 00:00:00
T01545,2026-03-27 00:00:00,Pamela Hahn,FX,FX Forward,Bishop LLC,Buy,3896025,1.3725,5347294.31,Booked,False,False,2026-03-27 12:20:00,,2026-05-26 00:00:00
T01546,2026-03-27 00:00:00,Joshua Stevenson,Credit,Swap,Allen Morgan and Reed,Buy,3,400449.16,1201347.48,Booked,False,False,2026-03-27 12:33:00,,2026-03-31 00:00:00
T01547,2026-03-27 00:00:00,Pamela Hahn,FX,FX Forward,Anthony-Baker,Buy,2451956,1.0886,2669199.3,Cancelled,True,True,2026-03-27 12:48:00,2026-03-27 13:33:00,2026-05-26 00:00:00
T01548,2026-03-27 00:00:00,Edward Taylor,Credit,Bond,Foster Jones and Reed,Buy,16371,106.759,1747751.59,Booked,False,False,2026-03-27 13:15:00,,2026-03-30 00:00:00
T01549,2026-03-27 00:00:00,Raymond Williams,FX,FX Forward,Chang-Peterson,Sell,8503254,0.8187,6961614.05,Booked,False,False,2026-03-27 13:15:00,,2026-05-26 00:00:00
T01550,2026-03-27 00:00:00,Eddie Hernandez,Credit,Swap,Chang-Peterson,Sell,88,876289.4,77113467.2,Booked,False,False,2026-03-27 13:47:00,,2026-03-31 00:00:00
T01551,2026-03-27 00:00:00,Tracy Hayes,Rates,Bond,Dominguez and Sons,Buy,15598,89.511,1396192.58,Booked,False,False,2026-03-27 13:48:00,,2026-03-30 00:00:00
T01552,2026-03-27 00:00:00,David Williams,Equities,Equity,Wall PLC,Buy,15302,458.63,7017956.26,Booked,False,False,2026-03-27 14:14:00,,2026-03-30 00:00:00
T01553,2026-03-27 00:00:00,Pamela Hahn,FX,FX Forward,Stanton-Wilkinson,Sell,1289794,1.6024,2066765.91,Booked,False,False,2026-03-27 14:29:00,,2026-05-26 00:00:00
T01554,2026-03-27 00:00:00,Heather Garrett,Commodities,Swap,Mcconnell-Fisher,Buy,11,266292.28,2929215.08,Booked,False,False,2026-03-27 14:35:00,,2026-03-31 00:00:00
T01555,2026-03-27 00:00:00,Margaret Arellano,Commodities,Swap,Stanton-Wilkinson,Sell,67,764175.96,51199789.32,Booked,False,False,2026-03-27 14:39:00,,2026-03-31 00:00:00
T01556,2026-03-27 00:00:00,Raymond Williams,FX,FX Forward,Dominguez and Sons,Buy,641628,1.5816,1014798.84,Booked,False,False,2026-03-27 14:45:00,,2026-06-24 00:00:00
T01557,2026-03-27 00:00:00,Raymond Williams,FX,Option,Foster Jones and Reed,Buy,5948,367.36,2185057.28,Booked,False,False,2026-03-27 15:01:00,,2026-03-30 00:00:00
T01558,2026-03-27 00:00:00,David Williams,Equities,Equity,Lam-Gonzalez,Buy,26386,29.87,788149.82,Booked,False,False,2026-03-27 15:12:00,,2026-03-30 00:00:00
T01559,2026-03-27 00:00:00,David Williams,Equities,Option,Anthony-Baker,Sell,1520,1010.23,1535549.6,Amended,True,False,2026-03-27 15:38:00,2026-03-31 15:10:00,2026-03-30 00:00:00
T01560,2026-03-27 00:00:00,Natalie Castillo,Rates,Swap,Mcconnell-Fisher,Buy,30,728247.78,21847433.4,Booked,False,False,2026-03-27 15:45:00,,2026-03-31 00:00:00
T01561,2026-03-27 00:00:00,Margaret Arellano,Commodities,Option,Nguyen Group,Buy,2869,466.59,1338646.71,Booked,False,False,2026-03-27 16:16:00,,2026-03-30 00:00:00
T01562,2026-03-27 00:00:00,Sarah Silva,Rates,Swap,Wall PLC,Sell,7,946942.34,6628596.38,Booked,False,False,2026-03-27 16:20:00,,2026-03-31 00:00:00
T01563,2026-03-27 00:00:00,Margaret Arellano,Commodities,Option,Chang-Peterson,Sell,515,690.88,355803.2,Amended,True,False,2026-03-27 17:27:00,2026-04-09 13:58:00,2026-03-30 00:00:00
T01564,2026-03-30 00:00:00,Joshua Wilson,Commodities,Swap,Foster Jones and Reed,Sell,4,928468.5,3713874.0,Cancelled,True,True,2026-03-30 07:32:00,2026-03-31 15:09:00,2026-04-01 00:00:00
T01565,2026-03-30 00:00:00,Pamela Hahn,FX,FX Forward,Stanton-Wilkinson,Sell,1407512,1.1836,1665931.2,Booked,False,False,2026-03-30 08:07:00,,2026-04-28 00:00:00
T01566,2026-03-30 00:00:00,Eddie Hernandez,Credit,Swap,Mcconnell-Fisher,Buy,12,849503.22,10194038.64,Booked,False,False,2026-03-30 09:21:00,,2026-04-01 00:00:00
T01567,2026-03-30 00:00:00,Tracy Hayes,Rates,Swap,Brown-Wiggins,Buy,15,840962.39,12614435.85,Booked,False,False,2026-03-30 09:28:00,,2026-04-01 00:00:00
T01568,2026-03-30 00:00:00,Pamela Hahn,FX,FX Forward,Anthony-Baker,Buy,526420,1.1673,614490.07,Booked,False,False,2026-03-30 09:37:00,,2026-06-25 00:00:00
T01569,2026-03-30 00:00:00,Sarah Silva,Rates,Swap,Mcconnell-Fisher,Sell,7,566810.53,3967673.71,Booked,False,False,2026-03-30 09:41:00,,2026-04-01 00:00:00
T01570,2026-03-30 00:00:00,Margaret Arellano,Commodities,Swap,Chang-Peterson,Sell,27,804364.39,21717838.53,Booked,False,False,2026-03-30 09:45:00,,2026-04-01 00:00:00
T01571,2026-03-30 00:00:00,Margaret Arellano,Commodities,Swap,Miranda and Sons,Sell,2,327392.8,654785.6,Booked,False,False,2026-03-30 10:46:00,,2026-04-01 00:00:00
T01572,2026-03-30 00:00:00,Pamela Hahn,FX,FX Forward,Larsen Ray and Young,Buy,1417969,1.1485,1628537.4,Booked,False,False,2026-03-30 11:07:00,,2026-05-27 00:00:00
T01573,2026-03-30 00:00:00,Raymond Williams,FX,Option,Crawford-Garrett,Buy,1160,463.57,537741.2,Amended,True,False,2026-03-30 11:12:00,2026-03-31 12:33:00,2026-03-31 00:00:00
T01574,2026-03-30 00:00:00,Pamela Hahn,FX,Option,Bishop LLC,Sell,1050,617.76,648648.0,Cancelled,True,True,2026-03-30 11:16:00,2026-03-31 14:57:00,2026-03-31 00:00:00
T01575,2026-03-30 00:00:00,Joshua Stevenson,Credit,Swap,Lee PLC,Sell,9,675254.47,6077290.23,Booked,False,False,2026-03-30 11:23:00,,2026-04-01 00:00:00
T01576,2026-03-30 00:00:00,Joshua Stevenson,Credit,Bond,Miranda and Sons,Sell,14034,101.545,1425082.53,Booked,False,False,2026-03-30 11:46:00,,2026-03-31 00:00:00
T01577,2026-03-30 00:00:00,Tracy Hayes,Rates,Bond,Crawford-Garrett,Buy,32308,92.655,2993497.74,Booked,False,False,2026-03-30 11:51:00,,2026-03-31 00:00:00
T01578,2026-03-30 00:00:00,Joshua Stevenson,Credit,Bond,Mclaughlin PLC,Sell,33899,94.46,3202099.54,Booked,False,False,2026-03-30 11:58:00,,2026-03-31 00:00:00
T01579,2026-03-30 00:00:00,Kevin Gutierrez,Equities,Equity,Mcconnell-Fisher,Sell,4597,186.11,855547.67,Booked,False,False,2026-03-30 12:38:00,,2026-03-31 00:00:00
T01580,2026-03-30 00:00:00,Margaret Arellano,Commodities,Swap,Wall PLC,Sell,7,662958.29,4640708.03,Booked,False,False,2026-03-30 13:09:00,,2026-04-01 00:00:00
T01581,2026-03-30 00:00:00,David Williams,Equities,Option,Lam-Gonzalez,Buy,234,592.64,138677.76,Booked,False,False,2026-03-30 13:49:00,,2026-03-31 00:00:00
T01582,2026-03-30 00:00:00,Pamela Hahn,FX,FX Forward,Chang-Peterson,Sell,2270797,1.0766,2444740.05,Amended,True,False,2026-03-30 13:54:00,2026-03-30 15:03:00,2026-06-25 00:00:00
T01583,2026-03-30 00:00:00,Joshua Stevenson,Credit,Bond,Chang-Peterson,Buy,29816,89.603,2671603.05,Booked,False,False,2026-03-30 14:01:00,,2026-03-31 00:00:00
T01584,2026-03-30 00:00:00,Natalie Castillo,Rates,Swap,Wall PLC,Buy,8,281840.97,2254727.76,Booked,False,False,2026-03-30 14:04:00,,2026-04-01 00:00:00
T01585,2026-03-30 00:00:00,Tracy Hayes,Rates,Bond,Ellis Group,Sell,413551,103.666,42871177.97,Booked,False,False,2026-03-30 14:14:00,,2026-03-31 00:00:00
T01586,2026-03-30 00:00:00,Dylan Lopez,FX,FX Forward,Mitchell-Rodgers,Buy,617330,1.0879,671593.31,Booked,False,False,2026-03-30 14:16:00,,2026-05-27 00:00:00
T01587,2026-03-30 00:00:00,Pamela Hahn,FX,FX Forward,Anthony-Baker,Sell,1529735,0.9764,1493633.25,Booked,False,False,2026-03-30 14:33:00,,2026-06-25 00:00:00
T01588,2026-03-30 00:00:00,Tracy Hayes,Rates,Bond,Anthony-Baker,Buy,16370,101.061,1654368.57,Booked,False,False,2026-03-30 14:37:00,,2026-03-31 00:00:00
T01589,2026-03-30 00:00:00,Margaret Arellano,Commodities,Swap,Mclaughlin PLC,Buy,5,450158.44,2250792.2,Booked,False,False,2026-03-30 15:50:00,,2026-04-01 00:00:00
T01590,2026-03-30 00:00:00,Margaret Arellano,Commodities,Swap,Mclaughlin PLC,Sell,23,595413.47,13694509.81,Booked,False,False,2026-03-30 16:01:00,,2026-04-01 00:00:00
T01591,2026-03-30 00:00:00,Pamela Hahn,FX,FX Forward,Ellis Group,Sell,1302443,1.298,1690571.01,Booked,False,False,2026-03-30 16:05:00,,2026-05-27 00:00:00
T01592,2026-03-30 00:00:00,Margaret Arellano,Commodities,Option,Sullivan-Baxter,Buy,243,897.22,218024.46,Booked,False,False,2026-03-30 16:15:00,,2026-03-31 00:00:00
T01593,2026-03-30 00:00:00,Pamela Hahn,FX,Option,Chang-Peterson,Buy,2152,646.27,1390773.04,Booked,False,False,2026-03-30 16:23:00,,2026-03-31 00:00:00
T01594,2026-03-30 00:00:00,Sarah Silva,Rates,Bond,Mclaughlin PLC,Buy,29727,105.151,3125823.78,Booked,False,False,2026-03-30 17:25:00,,2026-03-31 00:00:00
T01595,2026-03-30 00:00:00,Joshua Stevenson,Credit,Bond,Dominguez and Sons,Buy,65241,109.93,7171943.13,Booked,False,False,2026-03-30 17:37:00,,2026-03-31 00:00:00
T01596,2026-03-30 00:00:00,Raymond Williams,FX,Option,Mcconnell-Fisher,Sell,918,1150.61,1056259.98,Booked,False,False,2026-03-30 18:35:00,,2026-03-31 00:00:00
T01597,2026-03-30 00:00:00,Dylan Lopez,FX,FX Forward,Allen Morgan and Reed,Sell,5442310,0.9237,5027061.75,Booked,False,False,2026-03-30 19:04:00,,2026-04-28 00:00:00
T01598,2026-03-31 00:00:00,Joshua Stevenson,Credit,Swap,Dominguez and Sons,Buy,3,716180.28,2148540.84,Booked,False,False,2026-03-31 07:00:00,,2026-04-02 00:00:00
T01599,2026-03-31 00:00:00,Courtney Wagner,Equities,Equity,Lee PLC,Buy,3350,107.07,358684.5,Booked,False,False,2026-03-31 08:27:00,,2026-04-01 00:00:00
T01600,2026-03-31 00:00:00,Sarah Silva,Rates,Bond,Wall PLC,Buy,10440,99.711,1040982.84,Booked,False,False,2026-03-31 09:52:00,,2026-04-01 00:00:00
T01601,2026-03-31 00:00:00,Eddie Hernandez,Credit,Swap,Stanton-Wilkinson,Buy,31,537482.9,16661969.9,Booked,False,False,2026-03-31 10:01:00,,2026-04-02 00:00:00
T01602,2026-03-31 00:00:00,Raymond Williams,FX,FX Forward,Nguyen Group,Sell,3735108,1.1994,4479888.54,Booked,False,False,2026-03-31 10:02:00,,2026-06-26 00:00:00
T01603,2026-03-31 00:00:00,Tracy Hayes,Rates,Bond,Sullivan-Baxter,Sell,95834,102.911,9862372.77,Booked,False,False,2026-03-31 11:16:00,,2026-04-01 00:00:00
T01604,2026-03-31 00:00:00,Courtney Wagner,Equities,Option,Santiago Reyes and Lynch,Buy,2966,1087.6,3225821.6,Booked,False,False,2026-03-31 11:56:00,,2026-04-01 00:00:00
T01605,2026-03-31 00:00:00,Courtney Wagner,Equities,Option,Lam-Gonzalez,Sell,11830,649.5,7683585.0,Booked,False,False,2026-03-31 12:19:00,,2026-04-01 00:00:00
T01606,2026-03-31 00:00:00,Natalie Castillo,Rates,Swap,Crawford-Garrett,Buy,4,396837.74,1587350.96,Booked,False,False,2026-03-31 12:20:00,,2026-04-02 00:00:00
T01607,2026-03-31 00:00:00,Margaret Arellano,Commodities,Swap,Crawford-Garrett,Buy,40,920962.83,36838513.2,Booked,False,False,2026-03-31 12:38:00,,2026-04-02 00:00:00
T01608,2026-03-31 00:00:00,Courtney Wagner,Equities,Equity,Dominguez and Sons,Buy,2449,94.71,231944.79,Booked,False,False,2026-03-31 12:47:00,,2026-04-01 00:00:00
T01609,2026-03-31 00:00:00,Joshua Stevenson,Credit,Bond,Anthony-Baker,Sell,9824,94.798,931295.55,Booked,False,False,2026-03-31 13:11:00,,2026-04-01 00:00:00
T01610,2026-03-31 00:00:00,Margaret Arellano,Commodities,Option,Chang-Peterson,Buy,578,1133.98,655440.44,Amended,True,False,2026-03-31 13:15:00,2026-03-31 16:50:00,2026-04-01 00:00:00
T01611,2026-03-31 00:00:00,Sarah Silva,Rates,Bond,Chang-Peterson,Sell,24404,104.459,2549217.44,Booked,False,False,2026-03-31 13:21:00,,2026-04-01 00:00:00
T01612,2026-03-31 00:00:00,Tracy Hayes,Rates,Bond,Powell Clark and Lopez,Sell,27271,94.667,2581663.76,Booked,False,False,2026-03-31 13:53:00,,2026-04-01 00:00:00
T01613,2026-03-31 00:00:00,Pamela Hahn,FX,FX Forward,Larsen Ray and Young,Sell,375131,1.0174,381658.28,Booked,False,False,2026-03-31 14:05:00,,2026-04-29 00:00:00
T01614,2026-03-31 00:00:00,Tracy Hayes,Rates,Bond,Miranda and Sons,Sell,25954,90.211,2341336.29,Booked,False,False,2026-03-31 14:16:00,,2026-04-01 00:00:00
T01615,2026-03-31 00:00:00,Tracy Hayes,Rates,Swap,Morales-Woodard,Sell,9,641303.61,5771732.49,Amended,True,False,2026-03-31 14:50:00,2026-03-31 17:20:00,2026-04-02 00:00:00
T01616,2026-03-31 00:00:00,Joshua Wilson,Commodities,Swap,Wright and Sons,Sell,29,408913.56,11858493.24,Booked,False,False,2026-03-31 14:52:00,,2026-04-02 00:00:00
T01617,2026-03-31 00:00:00,Raymond Williams,FX,Option,Larsen Ray and Young,Sell,272,359.07,97667.04,Booked,False,False,2026-03-31 15:01:00,,2026-04-01 00:00:00
T01618,2026-03-31 00:00:00,Sarah Silva,Rates,Swap,Santiago Reyes and Lynch,Sell,9,584706.97,5262362.73,Booked,False,False,2026-03-31 15:42:00,,2026-04-02 00:00:00
T01619,2026-03-31 00:00:00,Raymond Williams,FX,FX Forward,Nguyen Group,Buy,691659,1.0208,706045.51,Booked,False,False,2026-03-31 15:46:00,,2026-06-26 00:00:00
T01620,2026-03-31 00:00:00,Margaret Arellano,Commodities,Option,Brown-Wiggins,Buy,134,430.46,57681.64,Booked,False,False,2026-03-31 15:46:00,,2026-04-01 00:00:00
T01621,2026-03-31 00:00:00,David Williams,Equities,Equity,Wall PLC,Sell,8310,256.72,2133343.2,Booked,False,False,2026-03-31 16:28:00,,2026-04-01 00:00:00
T01622,2026-03-31 00:00:00,Sarah Silva,Rates,Swap,Crawford-Garrett,Buy,9,279432.24,2514890.16,Booked,False,False,2026-03-31 16:36:00,,2026-04-02 00:00:00
T01623,2026-03-31 00:00:00,Sarah Silva,Rates,Swap,Brown-Wiggins,Sell,28,796407.79,22299418.12,Amended,True,False,2026-03-31 16:45:00,2026-04-01 10:02:00,2026-04-02 00:00:00
T01624,2026-03-31 00:00:00,Heather Garrett,Commodities,Option,Foster Jones and Reed,Sell,289,963.04,278318.56,Booked,False,False,2026-03-31 18:16:00,,2026-04-01 00:00:00
T01625,2026-03-31 00:00:00,Tracy Hayes,Rates,Swap,Ellis Group,Buy,22,825104.18,18152291.96,Booked,False,False,2026-03-31 18:42:00,,2026-04-02 00:00:00
T01626,2026-04-01 00:00:00,Pamela Hahn,FX,FX Forward,Bishop LLC,Sell,2291804,1.4144,3241527.58,Booked,False,False,2026-04-01 08:51:00,,2026-04-30 00:00:00
T01627,2026-04-01 00:00:00,David Williams,Equities,Equity,Dominguez and Sons,Sell,8458,122.4,1035259.2,Booked,False,False,2026-04-01 09:10:00,,2026-04-02 00:00:00
T01628,2026-04-01 00:00:00,Pamela Hahn,FX,FX Forward,Crawford-Garrett,Sell,1056255,1.2448,1314826.22,Booked,False,False,2026-04-01 09:55:00,,2026-04-30 00:00:00
T01629,2026-04-01 00:00:00,Pamela Hahn,FX,FX Forward,Anthony-Baker,Sell,2399977,0.9324,2237738.55,Booked,False,False,2026-04-01 11:25:00,,2026-06-29 00:00:00
T01630,2026-04-01 00:00:00,Eddie Hernandez,Credit,Bond,Dominguez and Sons,Buy,29067,92.718,2695034.11,Booked,False,False,2026-04-01 11:37:00,,2026-04-02 00:00:00
T01631,2026-04-01 00:00:00,Sarah Silva,Rates,Bond,Brown-Wiggins,Sell,30783,109.361,3366459.66,Booked,False,False,2026-04-01 13:49:00,,2026-04-01 00:00:00
T01632,2026-04-01 00:00:00,Pamela Hahn,FX,FX Forward,Chang-Peterson,Sell,691876,1.6102,1114058.74,Booked,False,False,2026-04-01 13:53:00,,2026-06-29 00:00:00
T01633,2026-04-01 00:00:00,Natalie Castillo,Rates,Bond,Larsen Ray and Young,Buy,9612,107.936,1037480.83,Booked,False,False,2026-04-01 13:56:00,,2026-04-02 00:00:00
T01634,2026-04-01 00:00:00,Tracy Hayes,Rates,Swap,Dominguez and Sons,Buy,31,997171.64,30912320.84,Booked,False,False,2026-04-01 14:09:00,,2026-04-03 00:00:00
T01635,2026-04-01 00:00:00,David Williams,Equities,Equity,Larsen Ray and Young,Buy,4190,125.71,526724.9,Amended,True,False,2026-04-01 14:20:00,2026-04-01 19:48:00,2026-04-02 00:00:00
T01636,2026-04-01 00:00:00,Courtney Wagner,Equities,Equity,Chang-Peterson,Buy,3907,55.77,217893.39,Booked,False,False,2026-04-01 14:42:00,,2026-04-02 00:00:00
T01637,2026-04-01 00:00:00,Joshua Stevenson,Credit,Swap,Mitchell-Rodgers,Sell,29,617155.84,17897519.36,Booked,False,False,2026-04-01 15:25:00,,2026-04-03 00:00:00
T01638,2026-04-01 00:00:00,Natalie Castillo,Rates,Bond,Anthony-Baker,Sell,17323,109.193,1891550.34,Booked,False,False,2026-04-01 15:32:00,,2026-04-02 00:00:00
T01639,2026-04-01 00:00:00,David Williams,Equities,Equity,Crawford-Garrett,Buy,4643,437.37,2030708.91,Booked,False,False,2026-04-01 15:48:00,,2026-04-02 00:00:00
T01640,2026-04-02 00:00:00,Eddie Hernandez,Credit,Bond,Mitchell-Rodgers,Buy,14482,89.394,1294603.91,Booked,False,False,2026-04-02 08:06:00,,2026-04-03 00:00:00
T01641,2026-04-02 00:00:00,Tracy Hayes,Rates,Bond,Foster Jones and Reed,Buy,10068,102.588,1032855.98,Booked,False,False,2026-04-02 09:36:00,,2026-04-03 00:00:00
T01642,2026-04-02 00:00:00,Sarah Silva,Rates,Bond,Lee PLC,Sell,141336,98.933,13982794.49,Cancelled,True,True,2026-04-02 09:55:00,2026-04-02 12:46:00,2026-04-03 00:00:00
T01643,2026-04-02 00:00:00,Tracy Hayes,Rates,Swap,Lee PLC,Buy,12,438527.2,5262326.4,Booked,False,False,2026-04-02 10:11:00,,2026-04-06 00:00:00
T01644,2026-04-02 00:00:00,Kevin Gutierrez,Equities,Equity,Mcconnell-Fisher,Buy,4796,24.56,117789.76,Booked,False,False,2026-04-02 10:25:00,,2026-04-03 00:00:00
T01645,2026-04-02 00:00:00,Pamela Hahn,FX,FX Forward,Mclaughlin PLC,Buy,1094967,1.3789,1509850.0,Booked,False,False,2026-04-02 10:39:00,,2026-05-01 00:00:00
T01646,2026-04-02 00:00:00,Margaret Arellano,Commodities,Option,Larsen Ray and Young,Buy,479,891.58,427066.82,Booked,False,False,2026-04-02 10:41:00,,2026-04-03 00:00:00
T01647,2026-04-02 00:00:00,Natalie Castillo,Rates,Swap,Wall PLC,Sell,7,735938.61,5151570.27,Booked,False,False,2026-04-02 10:44:00,,2026-04-06 00:00:00
T01648,2026-04-02 00:00:00,Tracy Hayes,Rates,Swap,Morales-Woodard,Buy,16,975390.67,15606250.72,Booked,False,False,2026-04-02 10:55:00,,2026-04-06 00:00:00
T01649,2026-04-02 00:00:00,David Williams,Equities,Equity,Nguyen Group,Sell,18407,84.72,1559441.04,Amended,True,False,2026-04-02 11:01:00,2026-04-02 11:46:00,2026-04-03 00:00:00
T01650,2026-04-02 00:00:00,Tracy Hayes,Rates,Bond,Stanton-Wilkinson,Sell,4674,102.051,476986.37,Amended,True,False,2026-04-02 11:27:00,2026-04-21 08:37:00,2026-04-03 00:00:00
T01651,2026-04-02 00:00:00,Sarah Silva,Rates,Bond,Stanton-Wilkinson,Buy,84284,90.614,7637310.38,Booked,False,False,2026-04-02 11:43:00,,2026-04-03 00:00:00
T01652,2026-04-02 00:00:00,Sarah Silva,Rates,Swap,Chang-Peterson,Sell,13,913263.72,11872428.36,Booked,False,False,2026-04-02 11:54:00,,2026-04-06 00:00:00
T01653,2026-04-02 00:00:00,Kevin Gutierrez,Equities,Option,Chang-Peterson,Sell,514,993.34,510576.76,Booked,False,False,2026-04-02 12:10:00,,2026-04-03 00:00:00
T01654,2026-04-02 00:00:00,Tracy Hayes,Rates,Swap,Crawford-Garrett,Sell,11,613066.85,6743735.35,Booked,False,False,2026-04-02 13:02:00,,2026-04-06 00:00:00
T01655,2026-04-02 00:00:00,Natalie Castillo,Rates,Swap,Chang-Peterson,Sell,4,787927.26,3151709.04,Booked,False,False,2026-04-02 13:10:00,,2026-04-06 00:00:00
T01656,2026-04-02 00:00:00,Pamela Hahn,FX,FX Forward,Larsen Ray and Young,Sell,1734903,1.2173,2111897.42,Amended,True,False,2026-04-02 13:36:00,2026-04-06 12:25:00,2026-06-01 00:00:00
T01657,2026-04-02 00:00:00,Sarah Silva,Rates,Bond,Fernandez-Ferguson,Sell,34243,110.567,3786145.78,Booked,False,False,2026-04-02 13:42:00,,2026-04-03 00:00:00
T01658,2026-04-02 00:00:00,Eddie Hernandez,Credit,Swap,Brown-Wiggins,Buy,18,953834.99,17169029.82,Booked,False,False,2026-04-02 13:46:00,,2026-04-06 00:00:00
T01659,2026-04-02 00:00:00,Courtney Wagner,Equities,Equity,Bishop LLC,Sell,3309,401.78,1329490.02,Booked,False,False,2026-04-02 13:46:00,,2026-04-03 00:00:00
T01660,2026-04-02 00:00:00,Raymond Williams,FX,FX Forward,Nguyen Group,Sell,1272861,1.0871,1383727.19,Booked,False,False,2026-04-02 13:55:00,,2026-06-01 00:00:00
T01661,2026-04-02 00:00:00,Tracy Hayes,Rates,Swap,Anthony-Baker,Sell,23,481173.66,11066994.18,Booked,False,False,2026-04-02 14:10:00,,2026-04-06 00:00:00
T01662,2026-04-02 00:00:00,Tracy Hayes,Rates,Bond,Sullivan-Baxter,Buy,65708,110.896,7286754.37,Booked,False,False,2026-04-02 14:43:00,,2026-04-03 00:00:00
T01663,2026-04-02 00:00:00,Pamela Hahn,FX,FX Forward,Santiago Reyes and Lynch,Buy,1272121,1.3314,1693701.9,Booked,False,False,2026-04-02 14:44:00,,2026-06-30 00:00:00
T01664,2026-04-02 00:00:00,Edward Taylor,Credit,Bond,Crawford-Garrett,Sell,68618,90.779,6229073.42,Booked,False,False,2026-04-02 14:46:00,,2026-04-03 00:00:00
T01665,2026-04-02 00:00:00,Dylan Lopez,FX,FX Forward,Wall PLC,Buy,1808452,1.2855,2324765.05,Booked,False,False,2026-04-02 14:48:00,,2026-06-30 00:00:00
T01666,2026-04-02 00:00:00,Natalie Castillo,Rates,Bond,Nguyen Group,Sell,40170,92.583,3719059.11,Booked,False,False,2026-04-02 15:15:00,,2026-04-03 00:00:00
T01667,2026-04-02 00:00:00,Sarah Silva,Rates,Swap,Fernandez-Ferguson,Buy,51,951971.28,48550535.28,Amended,True,False,2026-04-02 15:27:00,2026-04-02 16:12:00,2026-04-06 00:00:00
T01668,2026-04-02 00:00:00,Sarah Silva,Rates,Bond,Larsen Ray and Young,Sell,16262,106.309,1728796.96,Booked,False,False,2026-04-02 16:11:00,,2026-04-03 00:00:00
T01669,2026-04-02 00:00:00,Dylan Lopez,FX,FX Forward,Nguyen Group,Buy,5695384,1.0987,6257518.4,Booked,False,False,2026-04-02 16:17:00,,2026-05-01 00:00:00
T01670,2026-04-02 00:00:00,Courtney Wagner,Equities,Option,Mclaughlin PLC,Sell,331,1108.2,366814.2,Booked,False,False,2026-04-02 16:23:00,,2026-04-03 00:00:00
T01671,2026-04-02 00:00:00,Courtney Wagner,Equities,Equity,Sullivan-Baxter,Sell,4051,148.16,600196.16,Booked,False,False,2026-04-02 16:25:00,,2026-04-03 00:00:00
T01672,2026-04-02 00:00:00,Sarah Silva,Rates,Swap,Mcconnell-Fisher,Buy,12,521182.81,6254193.72,Booked,False,False,2026-04-02 18:08:00,,2026-04-06 00:00:00
T01673,2026-04-02 00:00:00,Dylan Lopez,FX,Option,Larsen Ray and Young,Buy,1854,1182.85,2193003.9,Booked,False,False,2026-04-02 18:16:00,,2026-04-03 00:00:00
T01674,2026-04-02 00:00:00,Tracy Hayes,Rates,Swap,Bishop LLC,Sell,30,610645.73,18319371.9,Booked,False,False,2026-04-02 19:21:00,,2026-04-06 00:00:00
T01675,2026-04-03 00:00:00,Margaret Arellano,Commodities,Swap,Powell Clark and Lopez,Sell,27,632004.01,17064108.27,Booked,False,False,2026-04-03 07:00:00,,2026-04-07 00:00:00
T01676,2026-04-03 00:00:00,Tracy Hayes,Rates,Swap,Mclaughlin PLC,Buy,4,250386.74,1001546.96,Booked,False,False,2026-04-03 08:39:00,,2026-04-07 00:00:00
T01677,2026-04-03 00:00:00,Tracy Hayes,Rates,Bond,Crawford-Garrett,Buy,48432,108.062,5233658.78,Booked,False,False,2026-04-03 10:19:00,,2026-04-06 00:00:00
T01678,2026-04-03 00:00:00,Dylan Lopez,FX,FX Forward,Ellis Group,Buy,1046831,1.2114,1268131.07,Booked,False,False,2026-04-03 10:52:00,,2026-06-02 00:00:00
T01679,2026-04-03 00:00:00,Eddie Hernandez,Credit,Bond,Chang-Peterson,Buy,33413,92.825,3101561.72,Booked,False,False,2026-04-03 11:14:00,,2026-04-06 00:00:00
T01680,2026-04-03 00:00:00,Joshua Wilson,Commodities,Option,Larsen Ray and Young,Buy,1561,580.27,905801.47,Booked,False,False,2026-04-03 11:15:00,,2026-04-06 00:00:00
T01681,2026-04-03 00:00:00,Tracy Hayes,Rates,Swap,Wall PLC,Buy,70,502571.61,35180012.7,Booked,False,False,2026-04-03 11:21:00,,2026-04-07 00:00:00
T01682,2026-04-03 00:00:00,Kevin Gutierrez,Equities,Option,Wall PLC,Buy,408,1071.8,437294.4,Booked,False,False,2026-04-03 11:33:00,,2026-04-06 00:00:00
T01683,2026-04-03 00:00:00,Tracy Hayes,Rates,Bond,Wall PLC,Buy,10545,90.36,952846.2,Booked,False,False,2026-04-03 11:50:00,,2026-04-06 00:00:00
T01684,2026-04-03 00:00:00,Raymond Williams,FX,FX Forward,Ellis Group,Buy,1157486,1.1132,1288513.42,Booked,False,False,2026-04-03 12:01:00,,2026-06-02 00:00:00
T01685,2026-04-03 00:00:00,Sarah Silva,Rates,Bond,Crawford-Garrett,Sell,114554,108.525,12431972.85,Booked,False,False,2026-04-03 12:04:00,,2026-04-06 00:00:00
T01686,2026-04-03 00:00:00,Sarah Silva,Rates,Bond,Foster Jones and Reed,Buy,47404,89.971,4264985.28,Booked,False,False,2026-04-03 12:05:00,,2026-04-06 00:00:00
T01687,2026-04-03 00:00:00,Eddie Hernandez,Credit,Bond,Larsen Ray and Young,Buy,84043,105.096,8832583.13,Booked,False,False,2026-04-03 12:06:00,,2026-04-06 00:00:00
T01688,2026-04-03 00:00:00,Eddie Hernandez,Credit,Bond,Nguyen Group,Buy,75522,93.131,7033439.38,Booked,False,False,2026-04-03 12:20:00,,2026-04-06 00:00:00
T01689,2026-04-03 00:00:00,Raymond Williams,FX,FX Forward,Nguyen Group,Buy,2150458,1.1599,2494316.23,Cancelled,True,True,2026-04-03 12:27:00,2026-04-03 16:02:00,2026-05-04 00:00:00
T01690,2026-04-03 00:00:00,Tracy Hayes,Rates,Bond,Bishop LLC,Sell,6572,91.979,604485.99,Cancelled,True,True,2026-04-03 12:29:00,2026-04-06 17:38:00,2026-04-06 00:00:00
T01691,2026-04-03 00:00:00,Raymond Williams,FX,FX Forward,Chang-Peterson,Buy,2330222,1.2869,2998762.69,Booked,False,False,2026-04-03 12:36:00,,2026-05-04 00:00:00
T01692,2026-04-03 00:00:00,Tracy Hayes,Rates,Bond,Chang-Peterson,Sell,97895,107.599,10533404.1,Booked,False,False,2026-04-03 12:47:00,,2026-04-06 00:00:00
T01693,2026-04-03 00:00:00,Pamela Hahn,FX,FX Forward,Crawford-Garrett,Buy,3880557,1.164,4516968.35,Booked,False,False,2026-04-03 12:50:00,,2026-05-04 00:00:00
T01694,2026-04-03 00:00:00,Margaret Arellano,Commodities,Swap,Larsen Ray and Young,Buy,5,828446.78,4142233.9,Booked,False,False,2026-04-03 12:56:00,,2026-04-07 00:00:00
T01695,2026-04-03 00:00:00,Joshua Stevenson,Credit,Bond,Wright and Sons,Buy,30821,106.385,3278892.08,Booked,False,False,2026-04-03 13:02:00,,2026-04-06 00:00:00
T01696,2026-04-03 00:00:00,Tracy Hayes,Rates,Bond,Mclaughlin PLC,Sell,23402,111.157,2601296.11,Booked,False,False,2026-04-03 14:22:00,,2026-04-06 00:00:00
T01697,2026-04-03 00:00:00,Eddie Hernandez,Credit,Bond,Ellis Group,Sell,17584,95.445,1678304.88,Booked,False,False,2026-04-03 14:32:00,,2026-04-06 00:00:00
T01698,2026-04-03 00:00:00,Kevin Gutierrez,Equities,Option,Mclaughlin PLC,Sell,1272,128.97,164049.84,Booked,False,False,2026-04-03 15:38:00,,2026-04-06 00:00:00
T01699,2026-04-03 00:00:00,Raymond Williams,FX,FX Forward,Stanton-Wilkinson,Sell,1453893,1.6103,2341203.9,Booked,False,False,2026-04-03 15:49:00,,2026-05-04 00:00:00
T01700,2026-04-03 00:00:00,Dylan Lopez,FX,FX Forward,Larsen Ray and Young,Sell,1658757,1.0927,1812523.77,Booked,False,False,2026-04-03 15:50:00,,2026-06-02 00:00:00
T01701,2026-04-03 00:00:00,Tracy Hayes,Rates,Bond,Crawford-Garrett,Buy,76054,97.687,7429487.1,Booked,False,False,2026-04-03 15:52:00,,2026-04-06 00:00:00
T01702,2026-04-03 00:00:00,Pamela Hahn,FX,FX Forward,Stanton-Wilkinson,Buy,1316362,1.0319,1358353.95,Booked,False,False,2026-04-03 15:52:00,,2026-05-04 00:00:00
T01703,2026-04-03 00:00:00,Tracy Hayes,Rates,Swap,Bishop LLC,Buy,22,383604.23,8439293.06,Booked,False,False,2026-04-03 18:00:00,,2026-04-07 00:00:00
T01704,2026-04-03 00:00:00,Eddie Hernandez,Credit,Bond,Wall PLC,Buy,21834,109.137,2382897.26,Booked,False,False,2026-04-03 18:43:00,,2026-04-06 00:00:00
T01705,2026-04-03 00:00:00,Kevin Gutierrez,Equities,Equity,Lam-Gonzalez,Buy,2961,227.9,674811.9,Booked,False,False,2026-04-03 19:05:00,,2026-04-06 00:00:00
T01706,2026-04-06 00:00:00,Sarah Silva,Rates,Swap,Chang-Peterson,Sell,16,601513.5,9624216.0,Booked,False,False,2026-04-06 07:21:00,,2026-04-08 00:00:00
T01707,2026-04-06 00:00:00,Pamela Hahn,FX,Option,Anthony-Baker,Sell,153,542.28,82968.84,Amended,True,False,2026-04-06 07:28:00,2026-04-06 12:46:00,2026-04-07 00:00:00
T01708,2026-04-06 00:00:00,Eddie Hernandez,Credit,Bond,Chang-Peterson,Buy,15294,93.445,1429147.83,Booked,False,False,2026-04-06 08:29:00,,2026-04-07 00:00:00
T01709,2026-04-06 00:00:00,Raymond Williams,FX,FX Forward,Stanton-Wilkinson,Buy,2400170,1.0003,2400890.05,Amended,True,False,2026-04-06 08:41:00,2026-04-07 19:56:00,2026-05-05 00:00:00
T01710,2026-04-06 00:00:00,Courtney Wagner,Equities,Equity,Fernandez-Ferguson,Buy,2125,33.04,70210.0,Booked,False,False,2026-04-06 09:19:00,,2026-04-07 00:00:00
T01711,2026-04-06 00:00:00,Heather Garrett,Commodities,Swap,Santiago Reyes and Lynch,Buy,7,859387.95,6015715.65,Booked,False,False,2026-04-06 09:19:00,,2026-04-08 00:00:00
T01712,2026-04-06 00:00:00,Margaret Arellano,Commodities,Swap,Larsen Ray and Young,Buy,25,280708.42,7017710.5,Booked,False,False,2026-04-06 09:37:00,,2026-04-08 00:00:00
T01713,2026-04-06 00:00:00,Joshua Stevenson,Credit,Bond,Larsen Ray and Young,Sell,37740,90.172,3403091.28,Booked,False,False,2026-04-06 09:56:00,,2026-04-07 00:00:00
T01714,2026-04-06 00:00:00,Raymond Williams,FX,FX Forward,Crawford-Garrett,Buy,3237820,1.5695,5081758.49,Booked,False,False,2026-04-06 10:11:00,,2026-05-05 00:00:00
T01715,2026-04-06 00:00:00,Sarah Silva,Rates,Bond,Mcconnell-Fisher,Buy,207123,106.448,22047829.1,Booked,False,False,2026-04-06 10:18:00,,2026-04-07 00:00:00
T01716,2026-04-06 00:00:00,Raymond Williams,FX,FX Forward,Larsen Ray and Young,Buy,1626309,1.6072,2613803.82,Booked,False,False,2026-04-06 10:18:00,,2026-07-02 00:00:00
T01717,2026-04-06 00:00:00,Tracy Hayes,Rates,Bond,Wall PLC,Buy,20744,93.546,1940518.22,Booked,False,False,2026-04-06 10:50:00,,2026-04-07 00:00:00
T01718,2026-04-06 00:00:00,Pamela Hahn,FX,FX Forward,Chang-Peterson,Sell,2738640,0.9619,2634297.82,Booked,False,False,2026-04-06 11:27:00,,2026-07-02 00:00:00
T01719,2026-04-06 00:00:00,Joshua Stevenson,Credit,Bond,Foster Jones and Reed,Sell,39079,88.839,3471739.28,Booked,False,False,2026-04-06 11:50:00,,2026-04-07 00:00:00
T01720,2026-04-06 00:00:00,Sarah Silva,Rates,Swap,Larsen Ray and Young,Buy,5,904133.62,4520668.1,Booked,False,False,2026-04-06 11:54:00,,2026-04-08 00:00:00
T01721,2026-04-06 00:00:00,Joshua Stevenson,Credit,Bond,Sullivan-Baxter,Sell,16816,99.954,1680826.46,Booked,False,False,2026-04-06 12:18:00,,2026-04-07 00:00:00
T01722,2026-04-06 00:00:00,Eddie Hernandez,Credit,Swap,Larsen Ray and Young,Buy,33,717957.96,23692612.68,Booked,False,False,2026-04-06 12:40:00,,2026-04-08 00:00:00
T01723,2026-04-06 00:00:00,Joshua Wilson,Commodities,Option,Nguyen Group,Sell,167,297.61,49700.87,Booked,False,False,2026-04-06 13:13:00,,2026-04-07 00:00:00
T01724,2026-04-06 00:00:00,Kevin Gutierrez,Equities,Option,Dominguez and Sons,Sell,554,757.74,419787.96,Booked,False,False,2026-04-06 13:21:00,,2026-04-07 00:00:00
T01725,2026-04-06 00:00:00,Pamela Hahn,FX,FX Forward,Chang-Peterson,Sell,656737,1.0158,667113.44,Booked,False,False,2026-04-06 13:28:00,,2026-06-03 00:00:00
T01726,2026-04-06 00:00:00,Pamela Hahn,FX,FX Forward,Morales-Woodard,Buy,2196845,1.0363,2276590.47,Booked,False,False,2026-04-06 13:34:00,,2026-06-03 00:00:00
T01727,2026-04-06 00:00:00,Edward Taylor,Credit,Bond,Wall PLC,Buy,13797,99.76,1376388.72,Amended,True,False,2026-04-06 13:40:00,2026-04-07 17:09:00,2026-04-07 00:00:00
T01728,2026-04-06 00:00:00,Eddie Hernandez,Credit,Bond,Stanton-Wilkinson,Sell,30848,94.513,2915537.02,Booked,False,False,2026-04-06 14:15:00,,2026-04-07 00:00:00
T01729,2026-04-06 00:00:00,Tracy Hayes,Rates,Swap,Chang-Peterson,Buy,6,623431.68,3740590.08,Booked,False,False,2026-04-06 14:16:00,,2026-04-08 00:00:00
T01730,2026-04-06 00:00:00,Heather Garrett,Commodities,Swap,Chang-Peterson,Buy,476,412841.13,196512377.88,Booked,False,False,2026-04-06 14:38:00,,2026-04-08 00:00:00
T01731,2026-04-06 00:00:00,Pamela Hahn,FX,FX Forward,Morales-Woodard,Sell,3141826,1.4889,4677864.73,Booked,False,False,2026-04-06 14:43:00,,2026-06-03 00:00:00
T01732,2026-04-06 00:00:00,David Williams,Equities,Option,Chang-Peterson,Sell,1137,505.86,575162.82,Booked,False,False,2026-04-06 15:02:00,,2026-04-07 00:00:00
T01733,2026-04-06 00:00:00,Kevin Gutierrez,Equities,Option,Miranda and Sons,Sell,3536,980.94,3468603.84,Booked,False,False,2026-04-06 15:03:00,,2026-04-07 00:00:00
T01734,2026-04-06 00:00:00,Joshua Stevenson,Credit,Bond,Nguyen Group,Buy,22260,96.016,2137316.16,Booked,False,False,2026-04-06 15:12:00,,2026-04-07 00:00:00
T01735,2026-04-06 00:00:00,Joshua Wilson,Commodities,Option,Mitchell-Rodgers,Sell,1463,1117.56,1634990.28,Booked,False,False,2026-04-06 15:43:00,,2026-04-07 00:00:00
T01736,2026-04-06 00:00:00,Tracy Hayes,Rates,Bond,Chang-Peterson,Buy,60710,109.861,6669661.31,Cancelled,True,True,2026-04-06 16:09:00,2026-04-07 15:21:00,2026-04-07 00:00:00
T01737,2026-04-07 00:00:00,Kevin Gutierrez,Equities,Equity,Ellis Group,Buy,16403,160.79,2637438.37,Booked,False,False,2026-04-07 07:00:00,,2026-04-08 00:00:00
T01738,2026-04-07 00:00:00,Tracy Hayes,Rates,Swap,Allen Morgan and Reed,Buy,7,405093.42,2835653.94,Amended,True,False,2026-04-07 08:12:00,2026-04-10 13:08:00,2026-04-09 00:00:00
T01739,2026-04-07 00:00:00,Courtney Wagner,Equities,Option,Crawford-Garrett,Buy,575,796.71,458108.25,Booked,False,False,2026-04-07 09:34:00,,2026-04-08 00:00:00
T01740,2026-04-07 00:00:00,Sarah Silva,Rates,Swap,Foster Jones and Reed,Buy,8,627867.62,5022940.96,Booked,False,False,2026-04-07 10:08:00,,2026-04-09 00:00:00
T01741,2026-04-07 00:00:00,Natalie Castillo,Rates,Swap,Anthony-Baker,Buy,8,450661.43,3605291.44,Booked,False,False,2026-04-07 10:24:00,,2026-04-09 00:00:00
T01742,2026-04-07 00:00:00,Sarah Silva,Rates,Bond,Ellis Group,Sell,5711,90.206,515166.47,Booked,False,False,2026-04-07 10:56:00,,2026-05-29 00:00:00
T01743,2026-04-07 00:00:00,Kevin Gutierrez,Equities,Option,Chang-Peterson,Buy,1474,984.5,1451153.0,Booked,False,False,2026-04-07 11:40:00,,2026-04-08 00:00:00
T01744,2026-04-07 00:00:00,Raymond Williams,FX,FX Forward,Fernandez-Ferguson,Sell,6944764,1.3005,9031665.58,Booked,False,False,2026-04-07 11:43:00,,2026-06-04 00:00:00
T01745,2026-04-07 00:00:00,Edward Taylor,Credit,Bond,Mclaughlin PLC,Buy,43526,111.048,4833475.25,Booked,False,False,2026-04-07 11:47:00,,2026-04-08 00:00:00
T01746,2026-04-07 00:00:00,Joshua Stevenson,Credit,Bond,Crawford-Garrett,Sell,53983,92.34,4984790.22,Booked,False,False,2026-04-07 12:04:00,,2026-04-08 00:00:00
T01747,2026-04-07 00:00:00,Joshua Stevenson,Credit,Bond,Lee PLC,Sell,13570,102.659,1393082.63,Booked,False,False,2026-04-07 12:16:00,,2026-04-08 00:00:00
T01748,2026-04-07 00:00:00,Sarah Silva,Rates,Bond,Chang-Peterson,Buy,25479,105.71,2693385.09,Booked,False,False,2026-04-07 12:33:00,,2026-04-08 00:00:00
T01749,2026-04-07 00:00:00,Dylan Lopez,FX,FX Forward,Crawford-Garrett,Buy,2801009,0.9988,2797647.79,Booked,False,False,2026-04-07 12:39:00,,2026-05-06 00:00:00
T01750,2026-04-07 00:00:00,Tracy Hayes,Rates,Swap,Santiago Reyes and Lynch,Sell,14,333191.94,4664687.16,Booked,False,False,2026-04-07 12:43:00,,2026-04-09 00:00:00
T01751,2026-04-07 00:00:00,Pamela Hahn,FX,FX Forward,Anthony-Baker,Buy,2487935,1.0555,2626015.39,Booked,False,False,2026-04-07 12:55:00,,2026-06-04 00:00:00
T01752,2026-04-07 00:00:00,Joshua Stevenson,Credit,Bond,Mclaughlin PLC,Sell,11477,99.051,1136808.33,Booked,False,False,2026-04-07 13:07:00,,2026-04-08 00:00:00
T01753,2026-04-07 00:00:00,Natalie Castillo,Rates,Swap,Larsen Ray and Young,Sell,8,646333.47,5170667.76,Booked,False,False,2026-04-07 13:25:00,,2026-04-09 00:00:00
T01754,2026-04-07 00:00:00,Kevin Gutierrez,Equities,Equity,Brown-Wiggins,Sell,3751,289.77,1086927.27,Amended,True,False,2026-04-07 13:29:00,2026-04-07 14:14:00,2026-04-06 00:00:00
T01755,2026-04-07 00:00:00,David Williams,Equities,Equity,Allen Morgan and Reed,Buy,5940,373.49,2218530.6,Booked,False,False,2026-04-07 13:36:00,,2026-04-08 00:00:00
T01756,2026-04-07 00:00:00,Sarah Silva,Rates,Swap,Wright and Sons,Buy,28,986558.01,27623624.28,Booked,False,False,2026-04-07 13:52:00,,2026-04-09 00:00:00
T01757,2026-04-07 00:00:00,Heather Garrett,Commodities,Swap,Anthony-Baker,Sell,28,739028.4,20692795.2,Booked,False,False,2026-04-07 13:54:00,,2026-04-09 00:00:00
T01758,2026-04-07 00:00:00,Courtney Wagner,Equities,Option,Mclaughlin PLC,Sell,627,464.84,291454.68,Booked,False,False,2026-04-07 13:54:00,,2026-04-08 00:00:00
T01759,2026-04-07 00:00:00,Pamela Hahn,FX,FX Forward,Nguyen Group,Sell,3815371,0.8456,3226277.72,Booked,False,False,2026-04-07 14:16:00,,2026-05-06 00:00:00
T01760,2026-04-07 00:00:00,Pamela Hahn,FX,FX Forward,Lee PLC,Sell,2311143,0.8125,1877803.69,Booked,False,False,2026-04-07 14:31:00,,2026-06-04 00:00:00
T01761,2026-04-07 00:00:00,Sarah Silva,Rates,Bond,Chang-Peterson,Buy,26603,104.428,2778098.08,Amended,True,False,2026-04-07 15:14:00,2026-04-07 16:49:00,2026-04-08 00:00:00
T01762,2026-04-07 00:00:00,Margaret Arellano,Commodities,Swap,Santiago Reyes and Lynch,Buy,17,748443.61,12723541.37,Booked,False,False,2026-04-07 15:25:00,,2026-04-09 00:00:00
T01763,2026-04-07 00:00:00,Tracy Hayes,Rates,Bond,Crawford-Garrett,Sell,3950,97.396,384714.2,Booked,False,False,2026-04-07 15:26:00,,2026-04-08 00:00:00
T01764,2026-04-07 00:00:00,Sarah Silva,Rates,Swap,Chang-Peterson,Buy,862,413625.61,356545275.82,Booked,False,False,2026-04-07 15:40:00,,2026-04-09 00:00:00
T01765,2026-04-07 00:00:00,Kevin Gutierrez,Equities,Equity,Crawford-Garrett,Buy,1553,241.08,374397.24,Booked,False,False,2026-04-07 15:59:00,,2026-04-08 00:00:00
T01766,2026-04-07 00:00:00,Tracy Hayes,Rates,Bond,Santiago Reyes and Lynch,Buy,138818,108.842,15109228.76,Booked,False,False,2026-04-07 16:13:00,,2026-04-08 00:00:00
T01767,2026-04-07 00:00:00,Raymond Williams,FX,Option,Wright and Sons,Sell,2947,648.78,1911954.66,Booked,False,False,2026-04-07 17:16:00,,2026-04-08 00:00:00
T01768,2026-04-07 00:00:00,Raymond Williams,FX,FX Forward,Nguyen Group,Buy,5802169,1.4008,8127678.34,Amended,True,False,2026-04-07 17:21:00,2026-04-08 13:05:00,2026-05-06 00:00:00
T01769,2026-04-07 00:00:00,Tracy Hayes,Rates,Bond,Ellis Group,Sell,103094,102.164,10532495.42,Amended,True,False,2026-04-07 17:41:00,2026-04-07 18:26:00,2026-04-08 00:00:00
T01770,2026-04-08 00:00:00,Tracy Hayes,Rates,Bond,Mcconnell-Fisher,Buy,88649,91.741,8132747.91,Booked,False,False,2026-04-08 07:15:00,,2026-04-09 00:00:00
T01771,2026-04-08 00:00:00,Pamela Hahn,FX,FX Forward,Larsen Ray and Young,Sell,1783285,1.6036,2859675.83,Booked,False,False,2026-04-08 09:07:00,,2026-07-06 00:00:00
T01772,2026-04-08 00:00:00,Joshua Stevenson,Credit,Bond,Nguyen Group,Sell,69525,111.603,7759198.57,Booked,False,False,2026-04-08 09:23:00,,2026-04-09 00:00:00
T01773,2026-04-08 00:00:00,Eddie Hernandez,Credit,Bond,Crawford-Garrett,Sell,2404,89.482,215114.73,Booked,False,False,2026-04-08 10:07:00,,2026-04-09 00:00:00
T01774,2026-04-08 00:00:00,Kevin Gutierrez,Equities,Equity,Crawford-Garrett,Buy,10361,365.47,3786634.67,Booked,False,False,2026-04-08 10:41:00,,2026-04-09 00:00:00
T01775,2026-04-08 00:00:00,Sarah Silva,Rates,Bond,Chang-Peterson,Buy,13130,103.241,1355554.33,Booked,False,False,2026-04-08 12:01:00,,2026-04-09 00:00:00
T01776,2026-04-08 00:00:00,Kevin Gutierrez,Equities,Equity,Chang-Peterson,Sell,6655,335.88,2235281.4,Booked,False,False,2026-04-08 12:05:00,,2026-04-09 00:00:00
T01777,2026-04-08 00:00:00,Heather Garrett,Commodities,Swap,Stanton-Wilkinson,Buy,15,708137.6,10622064.0,Booked,False,False,2026-04-08 12:40:00,,2026-04-10 00:00:00
T01778,2026-04-08 00:00:00,Raymond Williams,FX,FX Forward,Crawford-Garrett,Buy,805735,1.1141,897669.36,Booked,False,False,2026-04-08 13:13:00,,2026-06-05 00:00:00
T01779,2026-04-08 00:00:00,Kevin Gutierrez,Equities,Equity,Mclaughlin PLC,Buy,5516,21.14,116608.24,Booked,False,False,2026-04-08 13:14:00,,2026-04-09 00:00:00
T01780,2026-04-08 00:00:00,Raymond Williams,FX,FX Forward,Anthony-Baker,Sell,4501038,1.0237,4607712.6,Amended,True,False,2026-04-08 13:24:00,2026-04-21 13:57:00,2026-05-07 00:00:00
T01781,2026-04-08 00:00:00,Kevin Gutierrez,Equities,Equity,Wright and Sons,Buy,3590,239.48,859733.2,Booked,False,False,2026-04-08 13:28:00,,2026-04-09 00:00:00
T01782,2026-04-08 00:00:00,Pamela Hahn,FX,FX Forward,Santiago Reyes and Lynch,Sell,2174374,1.4546,3162844.42,Booked,False,False,2026-04-08 13:28:00,,2026-06-05 00:00:00
T01783,2026-04-08 00:00:00,Kevin Gutierrez,Equities,Equity,Anthony-Baker,Buy,2131,323.18,688696.58,Booked,False,False,2026-04-08 13:35:00,,2026-04-09 00:00:00
T01784,2026-04-08 00:00:00,Sarah Silva,Rates,Bond,Chang-Peterson,Sell,58193,104.46,6078840.78,Booked,False,False,2026-04-08 13:58:00,,2026-04-09 00:00:00
T01785,2026-04-08 00:00:00,Courtney Wagner,Equities,Equity,Larsen Ray and Young,Buy,7414,382.68,2837189.52,Booked,False,False,2026-04-08 14:01:00,,2026-04-09 00:00:00
T01786,2026-04-08 00:00:00,Joshua Stevenson,Credit,Bond,Allen Morgan and Reed,Buy,37870,105.412,3991952.44,Booked,False,False,2026-04-08 14:33:00,,2026-04-09 00:00:00
T01787,2026-04-08 00:00:00,Tracy Hayes,Rates,Swap,Foster Jones and Reed,Buy,3,977956.17,2933868.51,Booked,False,False,2026-04-08 14:39:00,,2026-04-10 00:00:00
T01788,2026-04-08 00:00:00,Courtney Wagner,Equities,Equity,Allen Morgan and Reed,Buy,9665,16.86,162951.9,Booked,False,False,2026-04-08 14:51:00,,2026-04-09 00:00:00
T01789,2026-04-08 00:00:00,Tracy Hayes,Rates,Bond,Anthony-Baker,Buy,22301,94.556,2108693.36,Booked,False,False,2026-04-08 15:01:00,,2026-04-09 00:00:00
T01790,2026-04-08 00:00:00,Courtney Wagner,Equities,Equity,Anthony-Baker,Buy,6245,414.29,2587241.05,Booked,False,False,2026-04-08 15:02:00,,2026-04-09 00:00:00
T01791,2026-04-08 00:00:00,Courtney Wagner,Equities,Equity,Brown-Wiggins,Buy,10233,360.33,3687256.89,Booked,False,False,2026-04-08 16:32:00,,2026-04-09 00:00:00
T01792,2026-04-08 00:00:00,Joshua Stevenson,Credit,Bond,Crawford-Garrett,Buy,76176,88.142,6714304.99,Amended,True,False,2026-04-08 16:35:00,2026-04-08 17:20:00,2026-04-09 00:00:00
T01793,2026-04-08 00:00:00,Tracy Hayes,Rates,Bond,Mcconnell-Fisher,Sell,20958,88.034,1845016.57,Booked,False,False,2026-04-08 16:35:00,,2026-04-09 00:00:00
T01794,2026-04-08 00:00:00,Joshua Stevenson,Credit,Bond,Larsen Ray and Young,Buy,21545,110.614,2383178.63,Booked,False,False,2026-04-08 16:51:00,,2026-04-09 00:00:00
T01795,2026-04-08 00:00:00,Courtney Wagner,Equities,Option,Mclaughlin PLC,Sell,503,864.32,434752.96,Booked,False,False,2026-04-08 17:15:00,,2026-04-09 00:00:00
T01796,2026-04-09 00:00:00,Courtney Wagner,Equities,Equity,Allen Morgan and Reed,Buy,11124,50.62,563096.88,Booked,False,False,2026-04-09 07:00:00,,2026-04-10 00:00:00
T01797,2026-04-09 00:00:00,Pamela Hahn,FX,FX Forward,Nguyen Group,Sell,1492137,1.212,1808470.04,Booked,False,False,2026-04-09 07:00:00,,2026-05-08 00:00:00
T01798,2026-04-09 00:00:00,David Williams,Equities,Equity,Chang-Peterson,Buy,6496,66.35,431009.6,Booked,False,False,2026-04-09 07:20:00,,2026-04-10 00:00:00
T01799,2026-04-09 00:00:00,Natalie Castillo,Rates,Bond,Ellis Group,Buy,5458,102.722,560656.68,Booked,False,False,2026-04-09 08:29:00,,2026-04-10 00:00:00
T01800,2026-04-09 00:00:00,Tracy Hayes,Rates,Bond,Lam-Gonzalez,Sell,13494,98.076,1323437.54,Booked,False,False,2026-04-09 09:01:00,,2026-04-10 00:00:00
T01801,2026-04-09 00:00:00,Margaret Arellano,Commodities,Option,Santiago Reyes and Lynch,Sell,771,440.33,339494.43,Booked,False,False,2026-04-09 09:09:00,,2026-04-10 00:00:00
T01802,2026-04-09 00:00:00,Pamela Hahn,FX,FX Forward,Wall PLC,Sell,1849508,0.8616,1593536.09,Booked,False,False,2026-04-09 09:13:00,,2026-05-08 00:00:00
T01803,2026-04-09 00:00:00,Joshua Stevenson,Credit,Swap,Mclaughlin PLC,Sell,18,721881.62,12993869.16,Booked,False,False,2026-04-09 10:01:00,,2026-04-13 00:00:00
T01804,2026-04-09 00:00:00,Sarah Silva,Rates,Swap,Wall PLC,Sell,25,655299.02,16382475.5,Booked,False,False,2026-04-09 10:20:00,,2026-04-13 00:00:00
T01805,2026-04-09 00:00:00,Pamela Hahn,FX,Option,Bishop LLC,Buy,1273,1247.13,1587596.49,Amended,True,False,2026-04-09 10:23:00,2026-04-09 14:29:00,2026-04-10 00:00:00
T01806,2026-04-09 00:00:00,Joshua Stevenson,Credit,Swap,Lee PLC,Buy,16,928567.39,14857078.24,Booked,False,False,2026-04-09 10:39:00,,2026-04-13 00:00:00
T01807,2026-04-09 00:00:00,Tracy Hayes,Rates,Bond,Sullivan-Baxter,Sell,14585,90.14,1314691.9,Booked,False,False,2026-04-09 10:40:00,,2026-04-10 00:00:00
T01808,2026-04-09 00:00:00,Sarah Silva,Rates,Bond,Mclaughlin PLC,Buy,66919,92.09,6162570.71,Booked,False,False,2026-04-09 11:28:00,,2026-04-10 00:00:00
T01809,2026-04-09 00:00:00,Pamela Hahn,FX,FX Forward,Chang-Peterson,Buy,1578620,1.3569,2142029.48,Booked,False,False,2026-04-09 11:47:00,,2026-06-08 00:00:00
T01810,2026-04-09 00:00:00,Courtney Wagner,Equities,Equity,Anthony-Baker,Buy,6188,314.24,1944517.12,Booked,False,False,2026-04-09 11:51:00,,2026-04-10 00:00:00
T01811,2026-04-09 00:00:00,Sarah Silva,Rates,Bond,Stanton-Wilkinson,Sell,41175,97.207,4002498.22,Booked,False,False,2026-04-09 11:52:00,,2026-04-09 00:00:00
T01812,2026-04-09 00:00:00,Eddie Hernandez,Credit,Swap,Chang-Peterson,Sell,29,375821.61,10898826.69,Booked,False,False,2026-04-09 12:04:00,,2026-04-13 00:00:00
T01813,2026-04-09 00:00:00,Tracy Hayes,Rates,Bond,Crawford-Garrett,Buy,21050,96.341,2027978.05,Booked,False,False,2026-04-09 12:45:00,,2026-04-10 00:00:00
T01814,2026-04-09 00:00:00,Kevin Gutierrez,Equities,Equity,Chang-Peterson,Buy,1596,319.5,509922.0,Amended,True,False,2026-04-09 12:52:00,2026-04-10 10:54:00,2026-04-10 00:00:00
T01815,2026-04-09 00:00:00,Sarah Silva,Rates,Bond,Bishop LLC,Sell,70660,101.122,7145280.52,Booked,False,False,2026-04-09 13:01:00,,2026-04-10 00:00:00
T01816,2026-04-09 00:00:00,Raymond Williams,FX,FX Forward,Chang-Peterson,Buy,2801615,0.878,2459817.97,Booked,False,False,2026-04-09 13:16:00,,2026-05-08 00:00:00
T01817,2026-04-09 00:00:00,Kevin Gutierrez,Equities,Equity,Bishop LLC,Sell,5496,200.06,1099529.76,Booked,False,False,2026-04-09 13:28:00,,2026-04-10 00:00:00
T01818,2026-04-09 00:00:00,Pamela Hahn,FX,FX Forward,Lee PLC,Buy,2119139,1.2849,2722881.7,Booked,False,False,2026-04-09 13:51:00,,2026-05-08 00:00:00
T01819,2026-04-09 00:00:00,Sarah Silva,Rates,Swap,Crawford-Garrett,Buy,22,915090.48,20131990.56,Booked,False,False,2026-04-09 13:54:00,,2026-04-13 00:00:00
T01820,2026-04-09 00:00:00,Raymond Williams,FX,FX Forward,Chang-Peterson,Sell,2272613,1.3667,3105980.19,Amended,True,False,2026-04-09 15:29:00,2026-04-10 16:24:00,2026-05-08 00:00:00
T01821,2026-04-09 00:00:00,Pamela Hahn,FX,Option,Larsen Ray and Young,Buy,845,1154.07,975189.15,Booked,False,False,2026-04-09 15:47:00,,2026-04-10 00:00:00
T01822,2026-04-09 00:00:00,Natalie Castillo,Rates,Bond,Foster Jones and Reed,Buy,22367,96.495,2158303.66,Booked,False,False,2026-04-09 15:52:00,,2026-04-10 00:00:00
T01823,2026-04-09 00:00:00,Natalie Castillo,Rates,Swap,Miranda and Sons,Buy,9,312888.92,2816000.28,Booked,False,False,2026-04-09 16:08:00,,2026-04-13 00:00:00
T01824,2026-04-09 00:00:00,Kevin Gutierrez,Equities,Option,Mcconnell-Fisher,Buy,2135,133.39,284787.65,Booked,False,False,2026-04-09 16:14:00,,2026-04-10 00:00:00
T01825,2026-04-09 00:00:00,Natalie Castillo,Rates,Bond,Ellis Group,Buy,13859,101.019,1400022.32,Booked,False,False,2026-04-09 16:14:00,,2026-04-10 00:00:00
T01826,2026-04-09 00:00:00,Heather Garrett,Commodities,Swap,Sullivan-Baxter,Buy,52,652602.57,33935333.64,Cancelled,True,True,2026-04-09 16:33:00,2026-04-10 17:39:00,2026-04-13 00:00:00
T01827,2026-04-09 00:00:00,Eddie Hernandez,Credit,Swap,Santiago Reyes and Lynch,Sell,1,566854.6,566854.6,Booked,False,False,2026-04-09 17:41:00,,2026-04-13 00:00:00
T01828,2026-04-10 00:00:00,Joshua Stevenson,Credit,Bond,Crawford-Garrett,Buy,34267,105.647,3620205.75,Booked,False,False,2026-04-10 07:58:00,,2026-04-13 00:00:00
T01829,2026-04-10 00:00:00,Tracy Hayes,Rates,Swap,Allen Morgan and Reed,Sell,20,384741.85,7694837.0,Booked,False,False,2026-04-10 08:09:00,,2026-04-14 00:00:00
T01830,2026-04-10 00:00:00,Joshua Stevenson,Credit,Swap,Lam-Gonzalez,Sell,11,320795.51,3528750.61,Booked,False,False,2026-04-10 08:33:00,,2026-04-14 00:00:00
T01831,2026-04-10 00:00:00,Edward Taylor,Credit,Bond,Stanton-Wilkinson,Sell,41555,103.436,4298282.98,Booked,False,False,2026-04-10 09:09:00,,2026-04-13 00:00:00
T01832,2026-04-10 00:00:00,David Williams,Equities,Equity,Larsen Ray and Young,Sell,6270,326.46,2046904.2,Booked,False,False,2026-04-10 09:48:00,,2026-04-13 00:00:00
T01833,2026-04-10 00:00:00,Natalie Castillo,Rates,Swap,Crawford-Garrett,Buy,15,804973.2,12074598.0,Booked,False,False,2026-04-10 09:57:00,,2026-04-14 00:00:00
T01834,2026-04-10 00:00:00,Tracy Hayes,Rates,Swap,Mitchell-Rodgers,Sell,8,471811.14,3774489.12,Booked,False,False,2026-04-10 10:08:00,,2026-04-14 00:00:00
T01835,2026-04-10 00:00:00,Natalie Castillo,Rates,Swap,Crawford-Garrett,Buy,7,737073.45,5159514.15,Amended,True,False,2026-04-10 10:59:00,2026-04-10 18:55:00,2026-04-14 00:00:00
T01836,2026-04-10 00:00:00,Sarah Silva,Rates,Bond,Mclaughlin PLC,Sell,47434,101.343,4807103.86,Booked,False,False,2026-04-10 11:05:00,,2026-04-13 00:00:00
T01837,2026-04-10 00:00:00,Kevin Gutierrez,Equities,Option,Lam-Gonzalez,Sell,417,916.25,382076.25,Amended,True,False,2026-04-10 11:16:00,2026-04-14 13:37:00,2026-04-13 00:00:00
T01838,2026-04-10 00:00:00,Tracy Hayes,Rates,Swap,Mcconnell-Fisher,Buy,70,799351.9,55954633.0,Booked,False,False,2026-04-10 11:17:00,,2026-04-14 00:00:00
T01839,2026-04-10 00:00:00,Kevin Gutierrez,Equities,Equity,Lee PLC,Sell,5792,146.48,848412.16,Booked,False,False,2026-04-10 11:17:00,,2026-04-13 00:00:00
T01840,2026-04-10 00:00:00,Sarah Silva,Rates,Swap,Wright and Sons,Buy,11,643492.51,7078417.61,Booked,False,False,2026-04-10 11:20:00,,2026-04-14 00:00:00
T01841,2026-04-10 00:00:00,Courtney Wagner,Equities,Equity,Larsen Ray and Young,Buy,5098,380.54,1939992.92,Booked,False,False,2026-04-10 11:33:00,,2026-04-13 00:00:00
T01842,2026-04-10 00:00:00,Sarah Silva,Rates,Bond,Dominguez and Sons,Sell,33882,111.379,3773743.28,Booked,False,False,2026-04-10 12:30:00,,2026-04-13 00:00:00
T01843,2026-04-10 00:00:00,Natalie Castillo,Rates,Swap,Crawford-Garrett,Buy,4,774241.03,3096964.12,Amended,True,False,2026-04-10 12:44:00,2026-04-14 16:36:00,2026-04-14 00:00:00
T01844,2026-04-10 00:00:00,Raymond Williams,FX,FX Forward,Nguyen Group,Buy,1614880,1.1409,1842416.59,Booked,False,False,2026-04-10 12:52:00,,2026-06-09 00:00:00
T01845,2026-04-10 00:00:00,Tracy Hayes,Rates,Swap,Chang-Peterson,Buy,2,468182.52,936365.04,Booked,False,False,2026-04-10 12:55:00,,2026-04-14 00:00:00
T01846,2026-04-10 00:00:00,Courtney Wagner,Equities,Option,Wall PLC,Buy,238,828.47,197175.86,Booked,False,False,2026-04-10 13:50:00,,2026-04-13 00:00:00
T01847,2026-04-10 00:00:00,Courtney Wagner,Equities,Equity,Anthony-Baker,Sell,3878,261.96,1015880.88,Cancelled,True,True,2026-04-10 14:16:00,2026-04-10 15:01:00,2026-04-13 00:00:00
T01848,2026-04-10 00:00:00,Kevin Gutierrez,Equities,Option,Anthony-Baker,Buy,6075,1101.61,6692280.75,Booked,False,False,2026-04-10 14:19:00,,2026-04-13 00:00:00
T01849,2026-04-10 00:00:00,David Williams,Equities,Option,Crawford-Garrett,Sell,1864,345.32,643676.48,Booked,False,False,2026-04-10 14:31:00,,2026-04-13 00:00:00
T01850,2026-04-10 00:00:00,Pamela Hahn,FX,Option,Fernandez-Ferguson,Sell,44957,545.97,24545173.29,Booked,False,False,2026-04-10 14:38:00,,2026-04-13 00:00:00
T01851,2026-04-10 00:00:00,Raymond Williams,FX,FX Forward,Chang-Peterson,Buy,10796229,1.1513,12429698.45,Booked,False,False,2026-04-10 14:41:00,,2026-05-11 00:00:00
T01852,2026-04-10 00:00:00,Natalie Castillo,Rates,Bond,Anthony-Baker,Buy,15748,109.52,1724720.96,Amended,True,False,2026-04-10 15:35:00,2026-04-10 19:11:00,2026-04-13 00:00:00
T01853,2026-04-10 00:00:00,Kevin Gutierrez,Equities,Equity,Chang-Peterson,Sell,2700,177.78,480006.0,Booked,False,False,2026-04-10 16:20:00,,2026-04-13 00:00:00
T01854,2026-04-10 00:00:00,David Williams,Equities,Option,Larsen Ray and Young,Sell,815,341.91,278656.65,Booked,False,False,2026-04-10 16:21:00,,2026-04-13 00:00:00
T01855,2026-04-10 00:00:00,Dylan Lopez,FX,FX Forward,Chang-Peterson,Sell,577556,1.3949,805632.86,Booked,False,False,2026-04-10 16:38:00,,2026-07-08 00:00:00
T01856,2026-04-10 00:00:00,Edward Taylor,Credit,Bond,Nguyen Group,Buy,30480,106.88,3257702.4,Booked,False,False,2026-04-10 17:31:00,,2026-04-13 00:00:00
T01857,2026-04-13 00:00:00,Pamela Hahn,FX,FX Forward,Mclaughlin PLC,Buy,575299,1.2199,701807.25,Booked,False,False,2026-04-13 09:52:00,,2026-06-10 00:00:00
T01858,2026-04-13 00:00:00,Pamela Hahn,FX,FX Forward,Larsen Ray and Young,Buy,3155569,1.1743,3705584.68,Booked,False,False,2026-04-13 10:37:00,,2026-07-09 00:00:00
T01859,2026-04-13 00:00:00,Raymond Williams,FX,FX Forward,Ellis Group,Buy,994011,1.0157,1009616.97,Booked,False,False,2026-04-13 10:45:00,,2026-07-09 00:00:00
T01860,2026-04-13 00:00:00,Pamela Hahn,FX,FX Forward,Chang-Peterson,Sell,3224381,1.3457,4339049.51,Booked,False,False,2026-04-13 11:05:00,,2026-05-12 00:00:00
T01861,2026-04-13 00:00:00,Edward Taylor,Credit,Swap,Larsen Ray and Young,Buy,1,816042.36,816042.36,Booked,False,False,2026-04-13 11:39:00,,2026-04-15 00:00:00
T01862,2026-04-13 00:00:00,Pamela Hahn,FX,FX Forward,Chang-Peterson,Sell,3259372,1.3946,4545520.19,Booked,False,False,2026-04-13 12:01:00,,2026-06-10 00:00:00
T01863,2026-04-13 00:00:00,Dylan Lopez,FX,FX Forward,Mclaughlin PLC,Buy,2471551,1.2416,3068677.72,Booked,False,False,2026-04-13 12:06:00,,2026-07-09 00:00:00
T01864,2026-04-13 00:00:00,Pamela Hahn,FX,FX Forward,Powell Clark and Lopez,Buy,2141757,1.1094,2376065.22,Booked,False,False,2026-04-13 12:12:00,,2026-07-09 00:00:00
T01865,2026-04-13 00:00:00,Raymond Williams,FX,FX Forward,Allen Morgan and Reed,Buy,5255704,0.9,4730133.6,Booked,False,False,2026-04-13 12:56:00,,2026-06-10 00:00:00
T01866,2026-04-13 00:00:00,Courtney Wagner,Equities,Option,Mitchell-Rodgers,Sell,1810,61.83,111912.3,Booked,False,False,2026-04-13 13:04:00,,2026-04-14 00:00:00
T01867,2026-04-13 00:00:00,Pamela Hahn,FX,FX Forward,Chang-Peterson,Sell,1601212,1.3358,2138898.99,Booked,False,False,2026-04-13 13:07:00,,2026-07-09 00:00:00
T01868,2026-04-13 00:00:00,Joshua Stevenson,Credit,Bond,Dominguez and Sons,Sell,17364,110.25,1914381.0,Booked,False,False,2026-04-13 13:14:00,,2026-04-14 00:00:00
T01869,2026-04-13 00:00:00,Heather Garrett,Commodities,Option,Bishop LLC,Sell,1915,570.1,1091741.5,Booked,False,False,2026-04-13 13:27:00,,2026-04-14 00:00:00
T01870,2026-04-13 00:00:00,Margaret Arellano,Commodities,Option,Miranda and Sons,Buy,1326,1014.21,1344842.46,Booked,False,False,2026-04-13 13:33:00,,2026-04-14 00:00:00
T01871,2026-04-13 00:00:00,Margaret Arellano,Commodities,Swap,Crawford-Garrett,Sell,11,551431.08,6065741.88,Booked,False,False,2026-04-13 13:35:00,,2026-04-15 00:00:00
T01872,2026-04-13 00:00:00,Kevin Gutierrez,Equities,Equity,Mclaughlin PLC,Sell,2351,285.91,672174.41,Amended,True,False,2026-04-13 13:41:00,2026-04-14 09:02:00,2026-04-14 00:00:00
T01873,2026-04-13 00:00:00,Tracy Hayes,Rates,Bond,Larsen Ray and Young,Buy,24651,97.226,2396718.13,Amended,True,False,2026-04-13 13:42:00,2026-04-17 13:34:00,2026-04-14 00:00:00
T01874,2026-04-13 00:00:00,Tracy Hayes,Rates,Bond,Crawford-Garrett,Sell,15594,89.414,1394321.92,Booked,False,False,2026-04-13 13:59:00,,2026-04-14 00:00:00
T01875,2026-04-13 00:00:00,Tracy Hayes,Rates,Swap,Foster Jones and Reed,Buy,8,261102.22,2088817.76,Booked,False,False,2026-04-13 14:08:00,,2026-04-15 00:00:00
T01876,2026-04-13 00:00:00,Kevin Gutierrez,Equities,Equity,Anthony-Baker,Sell,3398,301.0,1022798.0,Booked,False,False,2026-04-13 14:12:00,,2026-04-14 00:00:00
T01877,2026-04-13 00:00:00,Joshua Wilson,Commodities,Option,Allen Morgan and Reed,Buy,262,599.6,157095.2,Booked,False,False,2026-04-13 14:58:00,,2026-04-14 00:00:00
T01878,2026-04-13 00:00:00,Sarah Silva,Rates,Bond,Foster Jones and Reed,Sell,4985,95.769,477408.46,Booked,False,False,2026-04-13 15:39:00,,2026-04-14 00:00:00
T01879,2026-04-13 00:00:00,Pamela Hahn,FX,FX Forward,Chang-Peterson,Sell,1399797,1.2845,1798039.25,Booked,False,False,2026-04-13 15:46:00,,2026-07-09 00:00:00
T01880,2026-04-13 00:00:00,Tracy Hayes,Rates,Bond,Mclaughlin PLC,Buy,9293,98.028,910974.2,Booked,False,False,2026-04-13 15:48:00,,2026-04-14 00:00:00
T01881,2026-04-13 00:00:00,Raymond Williams,FX,FX Forward,Bishop LLC,Sell,2022094,1.3007,2630137.67,Booked,False,False,2026-04-13 16:59:00,,2026-06-10 00:00:00
T01882,2026-04-14 00:00:00,Natalie Castillo,Rates,Swap,Chang-Peterson,Sell,9,263081.86,2367736.74,Booked,False,False,2026-04-14 07:48:00,,2026-04-16 00:00:00
T01883,2026-04-14 00:00:00,Courtney Wagner,Equities,Equity,Mcconnell-Fisher,Buy,658,37.15,24444.7,Amended,True,False,2026-04-14 08:42:00,2026-04-16 09:40:00,2026-04-15 00:00:00
T01884,2026-04-14 00:00:00,Pamela Hahn,FX,FX Forward,Nguyen Group,Sell,2431668,1.2513,3042746.17,Booked,False,False,2026-04-14 09:29:00,,2026-07-10 00:00:00
T01885,2026-04-14 00:00:00,Courtney Wagner,Equities,Equity,Allen Morgan and Reed,Sell,4800,411.16,1973568.0,Booked,False,False,2026-04-14 09:51:00,,2026-04-15 00:00:00
T01886,2026-04-14 00:00:00,Tracy Hayes,Rates,Bond,Allen Morgan and Reed,Buy,23965,89.846,2153159.39,Booked,False,False,2026-04-14 09:55:00,,2026-04-15 00:00:00
T01887,2026-04-14 00:00:00,Sarah Silva,Rates,Swap,Wall PLC,Sell,14,759853.77,10637952.78,Booked,False,False,2026-04-14 10:15:00,,2026-04-16 00:00:00
T01888,2026-04-14 00:00:00,Raymond Williams,FX,FX Forward,Chang-Peterson,Buy,834594,1.4663,1223765.18,Booked,False,False,2026-04-14 11:50:00,,2026-06-11 00:00:00
T01889,2026-04-14 00:00:00,Dylan Lopez,FX,FX Forward,Chang-Peterson,Sell,4965185,1.3464,6685125.08,Booked,False,False,2026-04-14 11:50:00,,2026-07-10 00:00:00
T01890,2026-04-14 00:00:00,Tracy Hayes,Rates,Swap,Chang-Peterson,Sell,30,711515.04,21345451.2,Booked,False,False,2026-04-14 11:57:00,,2026-04-16 00:00:00
T01891,2026-04-14 00:00:00,Sarah Silva,Rates,Bond,Chang-Peterson,Sell,12579,99.515,1251799.18,Booked,False,False,2026-04-14 12:03:00,,2026-04-15 00:00:00
T01892,2026-04-14 00:00:00,Raymond Williams,FX,FX Forward,Sullivan-Baxter,Sell,772593,0.8192,632908.19,Amended,True,False,2026-04-14 12:44:00,2026-04-14 17:29:00,2026-06-11 00:00:00
T01893,2026-04-14 00:00:00,Sarah Silva,Rates,Swap,Wright and Sons,Sell,32,453055.19,14497766.08,Booked,False,False,2026-04-14 13:18:00,,2026-04-16 00:00:00
T01894,2026-04-14 00:00:00,Kevin Gutierrez,Equities,Equity,Wright and Sons,Buy,3324,378.28,1257402.72,Booked,False,False,2026-04-14 13:26:00,,2026-04-15 00:00:00
T01895,2026-04-14 00:00:00,Raymond Williams,FX,FX Forward,Crawford-Garrett,Buy,2235896,1.4238,3183468.72,Booked,False,False,2026-04-14 13:30:00,,2026-06-11 00:00:00
T01896,2026-04-14 00:00:00,Tracy Hayes,Rates,Bond,Powell Clark and Lopez,Buy,43681,89.158,3894510.6,Booked,False,False,2026-04-14 13:49:00,,2026-04-15 00:00:00
T01897,2026-04-14 00:00:00,Kevin Gutierrez,Equities,Equity,Miranda and Sons,Sell,930,169.64,157765.2,Booked,False,False,2026-04-14 13:57:00,,2026-04-15 00:00:00
T01898,2026-04-14 00:00:00,Tracy Hayes,Rates,Swap,Larsen Ray and Young,Buy,38,685123.66,26034699.08,Booked,False,False,2026-04-14 14:16:00,,2026-04-16 00:00:00
T01899,2026-04-14 00:00:00,Courtney Wagner,Equities,Option,Powell Clark and Lopez,Sell,208,1047.05,217786.4,Booked,False,False,2026-04-14 14:40:00,,2026-04-15 00:00:00
T01900,2026-04-14 00:00:00,Heather Garrett,Commodities,Swap,Anthony-Baker,Sell,41,578469.23,23717238.43,Cancelled,True,True,2026-04-14 15:33:00,2026-04-14 18:04:00,2026-04-16 00:00:00
T01901,2026-04-14 00:00:00,Courtney Wagner,Equities,Equity,Larsen Ray and Young,Buy,7683,287.81,2211244.23,Booked,False,False,2026-04-14 15:44:00,,2026-04-15 00:00:00
T01902,2026-04-14 00:00:00,David Williams,Equities,Equity,Ellis Group,Buy,4602,57.48,264522.96,Booked,False,False,2026-04-14 16:31:00,,2026-04-15 00:00:00
T01903,2026-04-14 00:00:00,Sarah Silva,Rates,Swap,Mcconnell-Fisher,Sell,7,719218.76,5034531.32,Booked,False,False,2026-04-14 16:40:00,,2026-04-16 00:00:00
T01904,2026-04-14 00:00:00,Courtney Wagner,Equities,Equity,Mclaughlin PLC,Sell,2732,53.83,147063.56,Booked,False,False,2026-04-14 16:47:00,,2026-04-15 00:00:00
T01905,2026-04-15 00:00:00,Joshua Wilson,Commodities,Swap,Mitchell-Rodgers,Buy,7,808589.28,5660124.96,Booked,False,False,2026-04-15 09:15:00,,2026-04-17 00:00:00
T01906,2026-04-15 00:00:00,Raymond Williams,FX,FX Forward,Miranda and Sons,Sell,3325480,1.1434,3802353.83,Booked,False,False,2026-04-15 09:18:00,,2026-07-13 00:00:00
T01907,2026-04-15 00:00:00,Pamela Hahn,FX,FX Forward,Mcconnell-Fisher,Sell,1197786,1.1166,1337447.85,Booked,False,False,2026-04-15 10:29:00,,2026-07-13 00:00:00
T01908,2026-04-15 00:00:00,Tracy Hayes,Rates,Bond,Dominguez and Sons,Buy,19475,93.175,1814583.12,Booked,False,False,2026-04-15 10:31:00,,2026-04-16 00:00:00
T01909,2026-04-15 00:00:00,Pamela Hahn,FX,FX Forward,Anthony-Baker,Sell,2945476,0.9275,2731928.99,Amended,True,False,2026-04-15 10:34:00,2026-04-29 17:25:00,2026-07-13 00:00:00
T01910,2026-04-15 00:00:00,David Williams,Equities,Equity,Chang-Peterson,Buy,3010,367.06,1104850.6,Booked,False,False,2026-04-15 10:46:00,,2026-04-16 00:00:00
T01911,2026-04-15 00:00:00,Margaret Arellano,Commodities,Swap,Santiago Reyes and Lynch,Sell,11,789201.63,8681217.93,Booked,False,False,2026-04-15 10:53:00,,2026-04-17 00:00:00
T01912,2026-04-15 00:00:00,Tracy Hayes,Rates,Bond,Miranda and Sons,Buy,10296,103.982,1070598.67,Booked,False,False,2026-04-15 11:21:00,,2026-04-16 00:00:00
T01913,2026-04-15 00:00:00,Joshua Stevenson,Credit,Bond,Foster Jones and Reed,Buy,41291,90.714,3745671.77,Booked,False,False,2026-04-15 11:35:00,,2026-04-16 00:00:00
T01914,2026-04-15 00:00:00,Eddie Hernandez,Credit,Bond,Chang-Peterson,Buy,25027,90.921,2275479.87,Booked,False,False,2026-04-15 12:04:00,,2026-04-16 00:00:00
T01915,2026-04-15 00:00:00,Tracy Hayes,Rates,Bond,Powell Clark and Lopez,Buy,40732,99.745,4062813.34,Booked,False,False,2026-04-15 12:07:00,,2026-05-29 00:00:00
T01916,2026-04-15 00:00:00,Pamela Hahn,FX,FX Forward,Crawford-Garrett,Sell,3841208,1.2294,4722381.12,Booked,False,False,2026-04-15 12:10:00,,2026-07-13 00:00:00
T01917,2026-04-15 00:00:00,Joshua Wilson,Commodities,Swap,Crawford-Garrett,Buy,33,749924.94,24747523.02,Amended,True,False,2026-04-15 12:29:00,2026-04-16 08:33:00,2026-04-17 00:00:00
T01918,2026-04-15 00:00:00,Courtney Wagner,Equities,Equity,Mclaughlin PLC,Sell,7991,197.52,1578382.32,Booked,False,False,2026-04-15 12:37:00,,2026-04-16 00:00:00
T01919,2026-04-15 00:00:00,Joshua Stevenson,Credit,Bond,Mclaughlin PLC,Buy,21889,109.089,2387849.12,Booked,False,False,2026-04-15 12:38:00,,2026-04-16 00:00:00
T01920,2026-04-15 00:00:00,David Williams,Equities,Equity,Fernandez-Ferguson,Buy,3891,25.55,99415.05,Booked,False,False,2026-04-15 12:43:00,,2026-04-16 00:00:00
T01921,2026-04-15 00:00:00,Raymond Williams,FX,FX Forward,Foster Jones and Reed,Sell,871725,1.1976,1043977.86,Cancelled,True,True,2026-04-15 12:45:00,2026-04-17 14:06:00,2026-07-13 00:00:00
T01922,2026-04-15 00:00:00,Raymond Williams,FX,FX Forward,Larsen Ray and Young,Sell,7611572,1.0952,8336193.65,Cancelled,True,True,2026-04-15 13:04:00,2026-04-15 15:28:00,2026-07-13 00:00:00
T01923,2026-04-15 00:00:00,Tracy Hayes,Rates,Swap,Fernandez-Ferguson,Buy,11,704844.32,7753287.52,Amended,True,False,2026-04-15 13:18:00,2026-04-15 14:53:00,2026-04-17 00:00:00
T01924,2026-04-15 00:00:00,Sarah Silva,Rates,Bond,Foster Jones and Reed,Buy,66630,92.714,6177533.82,Cancelled,True,True,2026-04-15 13:48:00,2026-04-17 14:39:00,2026-04-16 00:00:00
T01925,2026-04-15 00:00:00,Pamela Hahn,FX,FX Forward,Wright and Sons,Sell,490421,1.3653,669571.79,Booked,False,False,2026-04-15 13:50:00,,2026-07-13 00:00:00
T01926,2026-04-15 00:00:00,David Williams,Equities,Equity,Bishop LLC,Sell,1519,235.18,357238.42,Booked,False,False,2026-04-15 14:06:00,,2026-04-16 00:00:00
T01927,2026-04-15 00:00:00,David Williams,Equities,Equity,Dominguez and Sons,Buy,6211,297.7,1849014.7,Booked,False,False,2026-04-15 14:40:00,,2026-04-16 00:00:00
T01928,2026-04-15 00:00:00,Sarah Silva,Rates,Bond,Crawford-Garrett,Sell,10906,93.288,1017398.93,Booked,False,False,2026-04-15 15:41:00,,2026-04-16 00:00:00
T01929,2026-04-15 00:00:00,Courtney Wagner,Equities,Equity,Mclaughlin PLC,Buy,12560,426.66,5358849.6,Booked,False,False,2026-04-15 16:29:00,,2026-04-16 00:00:00
T01930,2026-04-15 00:00:00,Natalie Castillo,Rates,Swap,Anthony-Baker,Sell,8,857248.48,6857987.84,Booked,False,False,2026-04-15 17:09:00,,2026-04-17 00:00:00
T01931,2026-04-15 00:00:00,Heather Garrett,Commodities,Option,Dominguez and Sons,Buy,55,1015.47,55850.85,Booked,False,False,2026-04-15 18:26:00,,2026-04-16 00:00:00
T01932,2026-04-15 00:00:00,Eddie Hernandez,Credit,Swap,Wright and Sons,Sell,14,560916.35,7852828.9,Booked,False,False,2026-04-15 18:59:00,,2026-04-17 00:00:00
T01933,2026-04-16 00:00:00,Tracy Hayes,Rates,Bond,Lam-Gonzalez,Buy,19880,103.127,2050164.76,Cancelled,True,True,2026-04-16 07:49:00,2026-04-16 13:36:00,2026-04-17 00:00:00
T01934,2026-04-16 00:00:00,Tracy Hayes,Rates,Bond,Anthony-Baker,Buy,57038,97.013,5533427.49,Booked,False,False,2026-04-16 10:45:00,,2026-04-17 00:00:00
T01935,2026-04-16 00:00:00,Kevin Gutierrez,Equities,Equity,Dominguez and Sons,Sell,2162,322.17,696531.54,Booked,False,False,2026-04-16 10:54:00,,2026-04-17 00:00:00
T01936,2026-04-16 00:00:00,Tracy Hayes,Rates,Swap,Lee PLC,Buy,5,499154.23,2495771.15,Booked,False,False,2026-04-16 10:58:00,,2026-04-20 00:00:00
T01937,2026-04-16 00:00:00,Joshua Stevenson,Credit,Bond,Larsen Ray and Young,Buy,34803,109.211,3800870.43,Booked,False,False,2026-04-16 10:59:00,,2026-04-17 00:00:00
T01938,2026-04-16 00:00:00,Kevin Gutierrez,Equities,Option,Foster Jones and Reed,Buy,679,576.01,391110.79,Booked,False,False,2026-04-16 11:21:00,,2026-04-17 00:00:00
T01939,2026-04-16 00:00:00,Tracy Hayes,Rates,Bond,Mcconnell-Fisher,Sell,43136,101.072,4359841.79,Booked,False,False,2026-04-16 11:27:00,,2026-04-17 00:00:00
T01940,2026-04-16 00:00:00,Courtney Wagner,Equities,Option,Bishop LLC,Sell,1144,631.07,721944.08,Booked,False,False,2026-04-16 11:30:00,,2026-04-17 00:00:00
T01941,2026-04-16 00:00:00,Heather Garrett,Commodities,Swap,Stanton-Wilkinson,Buy,27,503558.94,13596091.38,Amended,True,False,2026-04-16 12:17:00,2026-04-20 11:53:00,2026-04-20 00:00:00
T01942,2026-04-16 00:00:00,Margaret Arellano,Commodities,Swap,Larsen Ray and Young,Buy,17,456431.48,7759335.16,Booked,False,False,2026-04-16 12:54:00,,2026-04-20 00:00:00
T01943,2026-04-16 00:00:00,Courtney Wagner,Equities,Equity,Larsen Ray and Young,Sell,4915,273.51,1344301.65,Booked,False,False,2026-04-16 13:07:00,,2026-04-17 00:00:00
T01944,2026-04-16 00:00:00,Raymond Williams,FX,FX Forward,Foster Jones and Reed,Buy,2856086,1.4619,4175312.12,Booked,False,False,2026-04-16 13:21:00,,2026-05-15 00:00:00
T01945,2026-04-16 00:00:00,David Williams,Equities,Equity,Foster Jones and Reed,Buy,18327,153.72,2817226.44,Booked,False,False,2026-04-16 13:29:00,,2026-04-17 00:00:00
T01946,2026-04-16 00:00:00,Pamela Hahn,FX,FX Forward,Dominguez and Sons,Sell,1927337,0.9307,1793772.55,Booked,False,False,2026-04-16 13:43:00,,2026-05-15 00:00:00
T01947,2026-04-16 00:00:00,Courtney Wagner,Equities,Equity,Santiago Reyes and Lynch,Buy,5465,171.29,936099.85,Booked,False,False,2026-04-16 14:28:00,,2026-04-17 00:00:00
T01948,2026-04-16 00:00:00,Sarah Silva,Rates,Bond,Brown-Wiggins,Buy,40921,104.567,4278986.21,Cancelled,True,True,2026-04-16 15:17:00,2026-04-16 16:02:00,2026-04-17 00:00:00
T01949,2026-04-16 00:00:00,Pamela Hahn,FX,Option,Sullivan-Baxter,Sell,2140,527.17,1128143.8,Booked,False,False,2026-04-16 16:41:00,,2026-04-17 00:00:00
T01950,2026-04-17 00:00:00,Raymond Williams,FX,FX Forward,Larsen Ray and Young,Sell,3809282,1.3293,5063678.56,Booked,False,False,2026-04-17 08:45:00,,2026-07-15 00:00:00
T01951,2026-04-17 00:00:00,Raymond Williams,FX,Option,Mcconnell-Fisher,Buy,89,142.16,12652.24,Booked,False,False,2026-04-17 09:05:00,,2026-04-20 00:00:00
T01952,2026-04-17 00:00:00,Courtney Wagner,Equities,Equity,Dominguez and Sons,Buy,13786,82.69,1139964.34,Booked,False,False,2026-04-17 09:18:00,,2026-04-20 00:00:00
T01953,2026-04-17 00:00:00,David Williams,Equities,Option,Allen Morgan and Reed,Buy,206,790.13,162766.78,Amended,True,False,2026-04-17 09:35:00,2026-04-20 10:50:00,2026-04-20 00:00:00
T01954,2026-04-17 00:00:00,Sarah Silva,Rates,Swap,Lam-Gonzalez,Buy,11,485862.22,5344484.42,Booked,False,False,2026-04-17 10:14:00,,2026-04-21 00:00:00
T01955,2026-04-17 00:00:00,Courtney Wagner,Equities,Equity,Chang-Peterson,Buy,4792,332.15,1591662.8,Amended,True,False,2026-04-17 10:18:00,2026-04-20 12:39:00,2026-04-20 00:00:00
T01956,2026-04-17 00:00:00,Sarah Silva,Rates,Swap,Santiago Reyes and Lynch,Sell,7,993559.02,6954913.14,Booked,False,False,2026-04-17 10:30:00,,2026-04-21 00:00:00
T01957,2026-04-17 00:00:00,Margaret Arellano,Commodities,Swap,Crawford-Garrett,Sell,42,537683.75,22582717.5,Booked,False,False,2026-04-17 10:52:00,,2026-04-21 00:00:00
T01958,2026-04-17 00:00:00,Raymond Williams,FX,FX Forward,Chang-Peterson,Sell,557824,1.55,864627.2,Booked,False,False,2026-04-17 10:54:00,,2026-05-18 00:00:00
T01959,2026-04-17 00:00:00,Joshua Stevenson,Credit,Bond,Larsen Ray and Young,Buy,14474,109.907,1590793.92,Booked,False,False,2026-04-17 11:25:00,,2026-04-20 00:00:00
T01960,2026-04-17 00:00:00,Natalie Castillo,Rates,Bond,Stanton-Wilkinson,Sell,30679,103.9,3187548.1,Booked,False,False,2026-04-17 11:50:00,,2026-04-20 00:00:00
T01961,2026-04-17 00:00:00,Joshua Stevenson,Credit,Swap,Allen Morgan and Reed,Buy,33,407708.99,13454396.67,Booked,False,False,2026-04-17 11:52:00,,2026-04-21 00:00:00
T01962,2026-04-17 00:00:00,Courtney Wagner,Equities,Equity,Foster Jones and Reed,Buy,4471,466.61,2086213.31,Cancelled,True,True,2026-04-17 13:23:00,2026-04-21 15:48:00,2026-04-20 00:00:00
T01963,2026-04-17 00:00:00,Dylan Lopez,FX,FX Forward,Larsen Ray and Young,Buy,1436491,0.8239,1183524.93,Booked,False,False,2026-04-17 14:57:00,,2026-05-18 00:00:00
T01964,2026-04-17 00:00:00,Pamela Hahn,FX,FX Forward,Mclaughlin PLC,Buy,1840662,1.5298,2815844.73,Booked,False,False,2026-04-17 15:13:00,,2026-05-18 00:00:00
T01965,2026-04-17 00:00:00,Natalie Castillo,Rates,Bond,Santiago Reyes and Lynch,Buy,81935,102.605,8406940.68,Booked,False,False,2026-04-17 15:44:00,,2026-04-20 00:00:00
T01966,2026-04-17 00:00:00,Tracy Hayes,Rates,Swap,Chang-Peterson,Buy,2,983335.77,1966671.54,Booked,False,False,2026-04-17 15:56:00,,2026-04-21 00:00:00
T01967,2026-04-17 00:00:00,Tracy Hayes,Rates,Bond,Chang-Peterson,Sell,12416,89.492,1111132.67,Booked,False,False,2026-04-17 16:00:00,,2026-04-20 00:00:00
T01968,2026-04-17 00:00:00,Raymond Williams,FX,FX Forward,Wall PLC,Buy,6370253,1.3262,8448229.53,Booked,False,False,2026-04-17 16:09:00,,2026-07-15 00:00:00
T01969,2026-04-17 00:00:00,Pamela Hahn,FX,FX Forward,Crawford-Garrett,Buy,7124473,0.798,5685329.45,Booked,False,False,2026-04-17 18:03:00,,2026-07-15 00:00:00
T01970,2026-04-17 00:00:00,Sarah Silva,Rates,Bond,Chang-Peterson,Buy,20038,100.752,2018868.58,Amended,True,False,2026-04-17 18:21:00,2026-04-29 11:59:00,2026-04-20 00:00:00
T01971,2026-04-17 00:00:00,Courtney Wagner,Equities,Equity,Morales-Woodard,Buy,3265,221.37,722773.05,Amended,True,False,2026-04-17 20:20:00,2026-04-20 13:27:00,2026-04-20 00:00:00
T01972,2026-04-20 00:00:00,Courtney Wagner,Equities,Equity,Foster Jones and Reed,Buy,57755,204.9,11833999.5,Booked,False,False,2026-04-20 07:12:00,,2026-04-21 00:00:00
T01973,2026-04-20 00:00:00,Pamela Hahn,FX,FX Forward,Larsen Ray and Young,Sell,1392382,0.8321,1158601.06,Booked,False,False,2026-04-20 09:46:00,,2026-06-17 00:00:00
T01974,2026-04-20 00:00:00,Joshua Stevenson,Credit,Swap,Mcconnell-Fisher,Buy,4,873227.05,3492908.2,Booked,False,False,2026-04-20 10:02:00,,2026-04-22 00:00:00
T01975,2026-04-20 00:00:00,Kevin Gutierrez,Equities,Equity,Crawford-Garrett,Buy,8405,300.02,2521668.1,Amended,True,False,2026-04-20 11:43:00,2026-04-28 15:01:00,2026-04-21 00:00:00
T01976,2026-04-20 00:00:00,Natalie Castillo,Rates,Bond,Stanton-Wilkinson,Sell,35209,100.625,3542905.62,Amended,True,False,2026-04-20 11:49:00,2026-05-01 15:59:00,2026-04-21 00:00:00
T01977,2026-04-20 00:00:00,Courtney Wagner,Equities,Equity,Miranda and Sons,Sell,14034,59.32,832496.88,Booked,False,False,2026-04-20 11:57:00,,2026-04-21 00:00:00
T01978,2026-04-20 00:00:00,Raymond Williams,FX,FX Forward,Chang-Peterson,Buy,881418,1.2811,1129184.6,Booked,False,False,2026-04-20 12:03:00,,2026-06-17 00:00:00
T01979,2026-04-20 00:00:00,Sarah Silva,Rates,Swap,Wall PLC,Sell,30,565224.25,16956727.5,Booked,False,False,2026-04-20 12:25:00,,2026-04-22 00:00:00
T01980,2026-04-20 00:00:00,Sarah Silva,Rates,Bond,Chang-Peterson,Buy,2001,106.935,213976.94,Booked,False,False,2026-04-20 12:37:00,,2026-04-21 00:00:00
T01981,2026-04-20 00:00:00,Kevin Gutierrez,Equities,Equity,Chang-Peterson,Buy,2005,281.87,565149.35,Booked,False,False,2026-04-20 13:27:00,,2026-04-21 00:00:00
T01982,2026-04-20 00:00:00,Sarah Silva,Rates,Swap,Mclaughlin PLC,Sell,9,813968.79,7325719.11,Amended,True,False,2026-04-20 13:29:00,2026-04-20 14:14:00,2026-04-22 00:00:00
T01983,2026-04-20 00:00:00,Raymond Williams,FX,FX Forward,Miranda and Sons,Buy,1942597,1.1886,2308970.79,Booked,False,False,2026-04-20 14:18:00,,2026-05-19 00:00:00
T01984,2026-04-20 00:00:00,Edward Taylor,Credit,Bond,Wall PLC,Sell,19347,99.999,1934680.65,Booked,False,False,2026-04-20 14:28:00,,2026-04-21 00:00:00
T01985,2026-04-20 00:00:00,Raymond Williams,FX,FX Forward,Larsen Ray and Young,Sell,8937602,1.3415,11989793.08,Booked,False,False,2026-04-20 14:40:00,,2026-07-16 00:00:00
T01986,2026-04-20 00:00:00,Edward Taylor,Credit,Bond,Morales-Woodard,Buy,6415,111.54,715529.1,Booked,False,False,2026-04-20 14:52:00,,2026-04-21 00:00:00
T01987,2026-04-20 00:00:00,Tracy Hayes,Rates,Bond,Chang-Peterson,Buy,6782,101.117,685775.49,Booked,False,False,2026-04-20 14:57:00,,2026-04-21 00:00:00
T01988,2026-04-20 00:00:00,Tracy Hayes,Rates,Bond,Ellis Group,Sell,47560,97.343,4629633.08,Booked,False,False,2026-04-20 15:34:00,,2026-04-21 00:00:00
T01989,2026-04-20 00:00:00,Kevin Gutierrez,Equities,Equity,Mcconnell-Fisher,Buy,1182,282.59,334021.38,Booked,False,False,2026-04-20 15:52:00,,2026-04-21 00:00:00
T01990,2026-04-20 00:00:00,Tracy Hayes,Rates,Bond,Wright and Sons,Buy,14209,104.716,1487909.64,Booked,False,False,2026-04-20 17:14:00,,2026-04-21 00:00:00
T01991,2026-04-20 00:00:00,David Williams,Equities,Equity,Larsen Ray and Young,Sell,962,257.53,247743.86,Booked,False,False,2026-04-20 18:29:00,,2026-04-21 00:00:00
T01992,2026-04-21 00:00:00,Natalie Castillo,Rates,Swap,Crawford-Garrett,Buy,12,434978.08,5219736.96,Booked,False,False,2026-04-21 08:56:00,,2026-04-23 00:00:00
T01993,2026-04-21 00:00:00,Raymond Williams,FX,FX Forward,Foster Jones and Reed,Sell,962894,1.3116,1262931.77,Booked,False,False,2026-04-21 09:58:00,,2026-05-20 00:00:00
T01994,2026-04-21 00:00:00,Pamela Hahn,FX,FX Forward,Dominguez and Sons,Buy,2128553,0.9062,1928894.73,Booked,False,False,2026-04-21 10:48:00,,2026-07-17 00:00:00
T01995,2026-04-21 00:00:00,Kevin Gutierrez,Equities,Equity,Dominguez and Sons,Sell,3425,334.7,1146347.5,Booked,False,False,2026-04-21 10:57:00,,2026-04-22 00:00:00
T01996,2026-04-21 00:00:00,Pamela Hahn,FX,FX Forward,Larsen Ray and Young,Buy,1262063,1.0999,1388143.09,Amended,True,False,2026-04-21 11:14:00,2026-04-23 15:33:00,2026-06-18 00:00:00
T01997,2026-04-21 00:00:00,Dylan Lopez,FX,FX Forward,Bishop LLC,Sell,416756,0.882,367578.79,Booked,False,False,2026-04-21 11:26:00,,2026-06-18 00:00:00
T01998,2026-04-21 00:00:00,Courtney Wagner,Equities,Option,Anthony-Baker,Sell,466,388.85,181204.1,Booked,False,False,2026-04-21 11:37:00,,2026-04-22 00:00:00
T01999,2026-04-21 00:00:00,Sarah Silva,Rates,Swap,Mitchell-Rodgers,Buy,1,998633.75,998633.75,Cancelled,True,True,2026-04-21 11:46:00,2026-04-22 11:51:00,2026-04-23 00:00:00
T02000,2026-04-21 00:00:00,Tracy Hayes,Rates,Bond,Stanton-Wilkinson,Buy,7606,94.4,718006.4,Booked,False,False,2026-04-21 12:15:00,,2026-04-22 00:00:00
T02001,2026-04-21 00:00:00,Kevin Gutierrez,Equities,Option,Lee PLC,Sell,780,1057.11,824545.8,Booked,False,False,2026-04-21 12:21:00,,2026-04-22 00:00:00
T02002,2026-04-21 00:00:00,Raymond Williams,FX,Option,Lee PLC,Sell,642,64.83,41620.86,Booked,False,False,2026-04-21 12:24:00,,2026-04-22 00:00:00
T02003,2026-04-21 00:00:00,Margaret Arellano,Commodities,Swap,Larsen Ray and Young,Buy,10,612114.61,6121146.1,Cancelled,True,True,2026-04-21 12:43:00,2026-04-22 15:26:00,2026-04-23 00:00:00
T02004,2026-04-21 00:00:00,Joshua Stevenson,Credit,Bond,Brown-Wiggins,Sell,20221,110.525,2234926.02,Booked,False,False,2026-04-21 12:48:00,,2026-04-22 00:00:00
T02005,2026-04-21 00:00:00,Sarah Silva,Rates,Bond,Wall PLC,Sell,10079,98.308,990846.33,Booked,False,False,2026-04-21 12:50:00,,2026-04-22 00:00:00
T02006,2026-04-21 00:00:00,Tracy Hayes,Rates,Bond,Brown-Wiggins,Buy,20235,98.164,1986348.54,Booked,False,False,2026-04-21 13:06:00,,2026-04-22 00:00:00
T02007,2026-04-21 00:00:00,Eddie Hernandez,Credit,Bond,Fernandez-Ferguson,Buy,68061,89.132,6066413.05,Booked,False,False,2026-04-21 13:11:00,,2026-04-22 00:00:00
T02008,2026-04-21 00:00:00,Dylan Lopez,FX,FX Forward,Ellis Group,Buy,6122750,0.8664,5304750.6,Booked,False,False,2026-04-21 13:15:00,,2026-04-21 00:00:00
T02009,2026-04-21 00:00:00,Pamela Hahn,FX,FX Forward,Wall PLC,Buy,998872,1.3388,1337289.83,Booked,False,False,2026-04-21 14:08:00,,2026-05-20 00:00:00
T02010,2026-04-21 00:00:00,Joshua Wilson,Commodities,Option,Mitchell-Rodgers,Buy,1962,1135.36,2227576.32,Booked,False,False,2026-04-21 14:11:00,,2026-04-22 00:00:00
T02011,2026-04-21 00:00:00,Tracy Hayes,Rates,Swap,Santiago Reyes and Lynch,Buy,7,640648.46,4484539.22,Amended,True,False,2026-04-21 14:15:00,2026-04-21 17:10:00,2026-04-23 00:00:00
T02012,2026-04-21 00:00:00,Kevin Gutierrez,Equities,Option,Ellis Group,Sell,1233,1116.67,1376854.11,Booked,False,False,2026-04-21 14:44:00,,2026-04-21 00:00:00
T02013,2026-04-21 00:00:00,Dylan Lopez,FX,FX Forward,Mcconnell-Fisher,Buy,2230271,0.8841,1971782.59,Booked,False,False,2026-04-21 14:47:00,,2026-05-20 00:00:00
T02014,2026-04-21 00:00:00,Raymond Williams,FX,FX Forward,Crawford-Garrett,Sell,706595,1.2065,852506.87,Booked,False,False,2026-04-21 14:54:00,,2026-05-20 00:00:00
T02015,2026-04-21 00:00:00,Tracy Hayes,Rates,Bond,Powell Clark and Lopez,Buy,188557,97.253,18337733.92,Booked,False,False,2026-04-21 15:16:00,,2026-04-22 00:00:00
T02016,2026-04-21 00:00:00,Joshua Stevenson,Credit,Bond,Foster Jones and Reed,Sell,57830,108.215,6258073.45,Booked,False,False,2026-04-21 15:22:00,,2026-04-22 00:00:00
T02017,2026-04-21 00:00:00,Margaret Arellano,Commodities,Swap,Stanton-Wilkinson,Buy,26,376937.09,9800364.34,Booked,False,False,2026-04-21 15:38:00,,2026-04-23 00:00:00
T02018,2026-04-21 00:00:00,Tracy Hayes,Rates,Swap,Santiago Reyes and Lynch,Buy,9,727292.72,6545634.48,Booked,False,False,2026-04-21 16:07:00,,2026-04-23 00:00:00
T02019,2026-04-21 00:00:00,Courtney Wagner,Equities,Equity,Chang-Peterson,Buy,683,348.7,238162.1,Booked,False,False,2026-04-21 16:26:00,,2026-04-22 00:00:00
T02020,2026-04-21 00:00:00,Margaret Arellano,Commodities,Swap,Foster Jones and Reed,Sell,28,718506.8,20118190.4,Booked,False,False,2026-04-21 17:49:00,,2026-04-23 00:00:00
T02021,2026-04-21 00:00:00,Eddie Hernandez,Credit,Bond,Larsen Ray and Young,Buy,47622,106.679,5080267.34,Booked,False,False,2026-04-21 17:56:00,,2026-04-22 00:00:00
T02022,2026-04-21 00:00:00,Tracy Hayes,Rates,Bond,Wall PLC,Sell,12391,88.516,1096801.76,Booked,False,False,2026-04-21 18:40:00,,2026-04-22 00:00:00
T02023,2026-04-22 00:00:00,Joshua Stevenson,Credit,Swap,Chang-Peterson,Sell,19,543846.2,10333077.8,Booked,False,False,2026-04-22 07:35:00,,2026-04-24 00:00:00
T02024,2026-04-22 00:00:00,Pamela Hahn,FX,FX Forward,Foster Jones and Reed,Buy,1460350,1.0619,1550745.66,Booked,False,False,2026-04-22 07:41:00,,2026-07-20 00:00:00
T02025,2026-04-22 00:00:00,David Williams,Equities,Equity,Brown-Wiggins,Buy,21479,140.82,3024672.78,Booked,False,False,2026-04-22 08:27:00,,2026-04-23 00:00:00
T02026,2026-04-22 00:00:00,Raymond Williams,FX,FX Forward,Foster Jones and Reed,Sell,4561587,1.0162,4635484.71,Booked,False,False,2026-04-22 08:35:00,,2026-05-21 00:00:00
T02027,2026-04-22 00:00:00,Tracy Hayes,Rates,Swap,Santiago Reyes and Lynch,Sell,16,838523.95,13416383.2,Amended,True,False,2026-04-22 08:45:00,2026-04-23 16:55:00,2026-04-24 00:00:00
T02028,2026-04-22 00:00:00,Courtney Wagner,Equities,Equity,Mitchell-Rodgers,Buy,18012,452.3,8146827.6,Booked,False,False,2026-04-22 10:23:00,,2026-04-23 00:00:00
T02029,2026-04-22 00:00:00,Joshua Stevenson,Credit,Bond,Mclaughlin PLC,Sell,36956,101.309,3743975.4,Booked,False,False,2026-04-22 10:24:00,,2026-04-23 00:00:00
T02030,2026-04-22 00:00:00,Raymond Williams,FX,FX Forward,Powell Clark and Lopez,Sell,216017151,1.3614,294085749.37,Booked,False,False,2026-04-22 10:48:00,,2026-07-20 00:00:00
T02031,2026-04-22 00:00:00,Tracy Hayes,Rates,Bond,Larsen Ray and Young,Sell,10580,90.149,953776.42,Booked,False,False,2026-04-22 10:51:00,,2026-04-23 00:00:00
T02032,2026-04-22 00:00:00,Sarah Silva,Rates,Bond,Stanton-Wilkinson,Buy,151691,111.352,16891096.23,Booked,False,False,2026-04-22 11:01:00,,2026-04-23 00:00:00
T02033,2026-04-22 00:00:00,Tracy Hayes,Rates,Swap,Foster Jones and Reed,Buy,11,734943.14,8084374.54,Booked,False,False,2026-04-22 11:17:00,,2026-04-24 00:00:00
T02034,2026-04-22 00:00:00,Raymond Williams,FX,FX Forward,Santiago Reyes and Lynch,Sell,572828,1.048,600323.74,Booked,False,False,2026-04-22 11:26:00,,2026-07-20 00:00:00
T02035,2026-04-22 00:00:00,Courtney Wagner,Equities,Equity,Larsen Ray and Young,Sell,3061,205.42,628790.62,Cancelled,True,True,2026-04-22 11:27:00,2026-04-22 15:17:00,2026-04-23 00:00:00
T02036,2026-04-22 00:00:00,Courtney Wagner,Equities,Equity,Larsen Ray and Young,Sell,10557,162.58,1716357.06,Booked,False,False,2026-04-22 11:42:00,,2026-04-23 00:00:00
T02037,2026-04-22 00:00:00,Sarah Silva,Rates,Bond,Lam-Gonzalez,Buy,42730,105.968,4528012.64,Booked,False,False,2026-04-22 11:53:00,,2026-04-23 00:00:00
T02038,2026-04-22 00:00:00,Raymond Williams,FX,FX Forward,Chang-Peterson,Buy,1938776,1.5772,3057837.51,Booked,False,False,2026-04-22 12:08:00,,2026-07-20 00:00:00
T02039,2026-04-22 00:00:00,Courtney Wagner,Equities,Option,Mclaughlin PLC,Sell,2740,420.47,1152087.8,Booked,False,False,2026-04-22 12:09:00,,2026-04-23 00:00:00
T02040,2026-04-22 00:00:00,Tracy Hayes,Rates,Swap,Foster Jones and Reed,Sell,25,355294.54,8882363.5,Booked,False,False,2026-04-22 12:49:00,,2026-04-24 00:00:00
T02041,2026-04-22 00:00:00,Natalie Castillo,Rates,Bond,Anthony-Baker,Sell,32522,96.9,3151381.8,Amended,True,False,2026-04-22 12:52:00,2026-04-24 13:52:00,2026-04-23 00:00:00
T02042,2026-04-22 00:00:00,Joshua Stevenson,Credit,Bond,Larsen Ray and Young,Buy,11139,93.021,1036160.92,Booked,False,False,2026-04-22 13:13:00,,2026-04-23 00:00:00
T02043,2026-04-22 00:00:00,Joshua Wilson,Commodities,Option,Larsen Ray and Young,Sell,1412,970.06,1369724.72,Amended,True,False,2026-04-22 13:34:00,2026-04-22 17:02:00,2026-04-23 00:00:00
T02044,2026-04-22 00:00:00,Tracy Hayes,Rates,Bond,Crawford-Garrett,Buy,22090,98.45,2174760.5,Booked,False,False,2026-04-22 14:05:00,,2026-04-23 00:00:00
T02045,2026-04-22 00:00:00,Sarah Silva,Rates,Swap,Foster Jones and Reed,Sell,18,271399.31,4885187.58,Cancelled,True,True,2026-04-22 15:13:00,2026-04-22 15:58:00,2026-04-24 00:00:00
T02046,2026-04-22 00:00:00,Tracy Hayes,Rates,Swap,Powell Clark and Lopez,Sell,13,297192.1,3863497.3,Booked,False,False,2026-04-22 15:21:00,,2026-04-24 00:00:00
T02047,2026-04-22 00:00:00,Sarah Silva,Rates,Bond,Foster Jones and Reed,Buy,54722,94.351,5163075.42,Booked,False,False,2026-04-22 15:41:00,,2026-04-23 00:00:00
T02048,2026-04-22 00:00:00,Joshua Stevenson,Credit,Bond,Mitchell-Rodgers,Sell,30172,97.316,2936218.35,Booked,False,False,2026-04-22 16:29:00,,2026-04-23 00:00:00
T02049,2026-04-22 00:00:00,Sarah Silva,Rates,Bond,Morales-Woodard,Buy,17703,103.242,1827693.13,Booked,False,False,2026-04-22 16:56:00,,2026-04-23 00:00:00
T02050,2026-04-22 00:00:00,Natalie Castillo,Rates,Bond,Chang-Peterson,Buy,9587,89.365,856742.26,Booked,False,False,2026-04-22 17:01:00,,2026-04-23 00:00:00
T02051,2026-04-22 00:00:00,Joshua Wilson,Commodities,Swap,Larsen Ray and Young,Sell,96,682724.89,65541589.44,Booked,False,False,2026-04-22 18:21:00,,2026-04-24 00:00:00
T02052,2026-04-23 00:00:00,Dylan Lopez,FX,FX Forward,Larsen Ray and Young,Sell,2592491,0.9696,2513679.27,Booked,False,False,2026-04-23 07:22:00,,2026-06-22 00:00:00
T02053,2026-04-23 00:00:00,Tracy Hayes,Rates,Bond,Chang-Peterson,Buy,19263,94.959,1829195.22,Booked,False,False,2026-04-23 08:01:00,,2026-04-24 00:00:00
T02054,2026-04-23 00:00:00,Kevin Gutierrez,Equities,Equity,Wall PLC,Buy,2529,199.77,505218.33,Booked,False,False,2026-04-23 09:23:00,,2026-04-24 00:00:00
T02055,2026-04-23 00:00:00,Eddie Hernandez,Credit,Bond,Chang-Peterson,Sell,9520,99.987,951876.24,Booked,False,False,2026-04-23 10:36:00,,2026-04-24 00:00:00
T02056,2026-04-23 00:00:00,Pamela Hahn,FX,FX Forward,Chang-Peterson,Buy,4581057,1.225,5611794.82,Amended,True,False,2026-04-23 10:44:00,2026-04-24 19:22:00,2026-07-21 00:00:00
T02057,2026-04-23 00:00:00,Joshua Stevenson,Credit,Swap,Stanton-Wilkinson,Buy,8,967689.38,7741515.04,Booked,False,False,2026-04-23 10:50:00,,2026-04-27 00:00:00
T02058,2026-04-23 00:00:00,Tracy Hayes,Rates,Bond,Anthony-Baker,Buy,1569,102.434,160718.95,Booked,False,False,2026-04-23 12:01:00,,2026-04-24 00:00:00
T02059,2026-04-23 00:00:00,Margaret Arellano,Commodities,Option,Wright and Sons,Sell,3308,1153.05,3814289.4,Booked,False,False,2026-04-23 12:56:00,,2026-04-24 00:00:00
T02060,2026-04-23 00:00:00,Joshua Stevenson,Credit,Bond,Nguyen Group,Buy,21751,110.078,2394306.58,Booked,False,False,2026-04-23 13:19:00,,2026-04-24 00:00:00
T02061,2026-04-23 00:00:00,Pamela Hahn,FX,FX Forward,Fernandez-Ferguson,Sell,937398,1.4125,1324074.68,Booked,False,False,2026-04-23 13:20:00,,2026-07-21 00:00:00
T02062,2026-04-23 00:00:00,Dylan Lopez,FX,FX Forward,Mitchell-Rodgers,Sell,700547,1.5775,1105112.89,Booked,False,False,2026-04-23 13:29:00,,2026-06-22 00:00:00
T02063,2026-04-23 00:00:00,Sarah Silva,Rates,Swap,Chang-Peterson,Sell,16,679973.15,10879570.4,Booked,False,False,2026-04-23 13:32:00,,2026-04-27 00:00:00
T02064,2026-04-23 00:00:00,Kevin Gutierrez,Equities,Option,Mcconnell-Fisher,Buy,330,621.2,204996.0,Cancelled,True,True,2026-04-23 13:32:00,2026-04-23 14:17:00,2026-04-24 00:00:00
T02065,2026-04-23 00:00:00,Courtney Wagner,Equities,Equity,Foster Jones and Reed,Buy,1535,475.49,729877.15,Booked,False,False,2026-04-23 13:48:00,,2026-04-24 00:00:00
T02066,2026-04-23 00:00:00,Raymond Williams,FX,Option,Ellis Group,Sell,1001,1018.27,1019288.27,Booked,False,False,2026-04-23 14:37:00,,2026-04-24 00:00:00
T02067,2026-04-23 00:00:00,Courtney Wagner,Equities,Equity,Mcconnell-Fisher,Sell,3062,394.98,1209428.76,Booked,False,False,2026-04-23 14:54:00,,2026-04-24 00:00:00
T02068,2026-04-23 00:00:00,Courtney Wagner,Equities,Equity,Powell Clark and Lopez,Sell,282,124.58,35131.56,Booked,False,False,2026-04-23 15:07:00,,2026-04-24 00:00:00
T02069,2026-04-23 00:00:00,Dylan Lopez,FX,FX Forward,Anthony-Baker,Sell,701885,1.2703,891604.52,Booked,False,False,2026-04-23 15:19:00,,2026-07-21 00:00:00
T02070,2026-04-23 00:00:00,Tracy Hayes,Rates,Swap,Stanton-Wilkinson,Sell,3,335491.06,1006473.18,Booked,False,False,2026-04-23 15:35:00,,2026-04-27 00:00:00
T02071,2026-04-23 00:00:00,Natalie Castillo,Rates,Bond,Dominguez and Sons,Buy,40278,108.599,4374150.52,Amended,True,False,2026-04-23 16:09:00,2026-04-24 19:38:00,2026-04-24 00:00:00
T02072,2026-04-23 00:00:00,Kevin Gutierrez,Equities,Equity,Larsen Ray and Young,Buy,10565,351.45,3713069.25,Booked,False,False,2026-04-23 16:42:00,,2026-04-24 00:00:00
T02073,2026-04-23 00:00:00,Pamela Hahn,FX,FX Forward,Chang-Peterson,Sell,730360,1.2998,949321.93,Booked,False,False,2026-04-23 16:43:00,,2026-07-21 00:00:00
T02074,2026-04-23 00:00:00,Tracy Hayes,Rates,Bond,Chang-Peterson,Buy,8032,105.782,849641.02,Booked,False,False,2026-04-23 17:05:00,,2026-04-24 00:00:00
T02075,2026-04-23 00:00:00,Tracy Hayes,Rates,Bond,Stanton-Wilkinson,Sell,26428,88.491,2338640.15,Booked,False,False,2026-04-23 17:22:00,,2026-04-24 00:00:00
T02076,2026-04-24 00:00:00,Tracy Hayes,Rates,Bond,Wall PLC,Sell,77979,100.956,7872447.92,Booked,False,False,2026-04-24 08:46:00,,2026-04-27 00:00:00
T02077,2026-04-24 00:00:00,Dylan Lopez,FX,FX Forward,Mclaughlin PLC,Sell,4683588,1.4625,6849747.45,Booked,False,False,2026-04-24 08:51:00,,2026-06-23 00:00:00
T02078,2026-04-24 00:00:00,Courtney Wagner,Equities,Equity,Crawford-Garrett,Buy,15457,23.55,364012.35,Booked,False,False,2026-04-24 09:11:00,,2026-04-27 00:00:00
T02079,2026-04-24 00:00:00,Margaret Arellano,Commodities,Option,Larsen Ray and Young,Buy,8795,693.53,6099596.35,Booked,False,False,2026-04-24 09:20:00,,2026-06-04 00:00:00
T02080,2026-04-24 00:00:00,Natalie Castillo,Rates,Bond,Larsen Ray and Young,Buy,51336,111.846,5741726.26,Booked,False,False,2026-04-24 09:24:00,,2026-04-27 00:00:00
T02081,2026-04-24 00:00:00,Tracy Hayes,Rates,Bond,Crawford-Garrett,Sell,19068,96.191,1834169.99,Booked,False,False,2026-04-24 09:47:00,,2026-04-27 00:00:00
T02082,2026-04-24 00:00:00,Pamela Hahn,FX,Option,Foster Jones and Reed,Sell,696,162.87,113357.52,Booked,False,False,2026-04-24 10:33:00,,2026-04-27 00:00:00
T02083,2026-04-24 00:00:00,Tracy Hayes,Rates,Swap,Powell Clark and Lopez,Buy,25,375170.96,9379274.0,Booked,False,False,2026-04-24 10:59:00,,2026-04-28 00:00:00
T02084,2026-04-24 00:00:00,Edward Taylor,Credit,Swap,Dominguez and Sons,Buy,4,404186.24,1616744.96,Booked,False,False,2026-04-24 11:17:00,,2026-04-28 00:00:00
T02085,2026-04-24 00:00:00,Tracy Hayes,Rates,Swap,Chang-Peterson,Sell,12,900335.18,10804022.16,Booked,False,False,2026-04-24 11:26:00,,2026-04-28 00:00:00
T02086,2026-04-24 00:00:00,Joshua Stevenson,Credit,Bond,Lam-Gonzalez,Buy,17750,96.427,1711579.25,Booked,False,False,2026-04-24 11:32:00,,2026-04-27 00:00:00
T02087,2026-04-24 00:00:00,Joshua Stevenson,Credit,Swap,Ellis Group,Sell,19,412245.56,7832665.64,Booked,False,False,2026-04-24 11:35:00,,2026-04-28 00:00:00
T02088,2026-04-24 00:00:00,Sarah Silva,Rates,Bond,Ellis Group,Buy,43902,102.256,4489242.91,Booked,False,False,2026-04-24 11:37:00,,2026-04-27 00:00:00
T02089,2026-04-24 00:00:00,Tracy Hayes,Rates,Swap,Fernandez-Ferguson,Buy,5,410938.43,2054692.15,Booked,False,False,2026-04-24 11:41:00,,2026-04-28 00:00:00
T02090,2026-04-24 00:00:00,Natalie Castillo,Rates,Bond,Stanton-Wilkinson,Sell,46605,90.539,4219570.1,Booked,False,False,2026-04-24 11:53:00,,2026-04-27 00:00:00
T02091,2026-04-24 00:00:00,Sarah Silva,Rates,Bond,Bishop LLC,Sell,11816,104.785,1238139.56,Booked,False,False,2026-04-24 11:53:00,,2026-04-27 00:00:00
T02092,2026-04-24 00:00:00,Kevin Gutierrez,Equities,Equity,Chang-Peterson,Sell,15101,470.09,7098829.09,Booked,False,False,2026-04-24 11:57:00,,2026-04-27 00:00:00
T02093,2026-04-24 00:00:00,Tracy Hayes,Rates,Bond,Mclaughlin PLC,Sell,27360,107.478,2940598.08,Amended,True,False,2026-04-24 12:13:00,2026-04-24 19:38:00,2026-04-27 00:00:00
T02094,2026-04-24 00:00:00,Pamela Hahn,FX,FX Forward,Lee PLC,Sell,3901646,1.5705,6127535.04,Booked,False,False,2026-04-24 12:18:00,,2026-05-25 00:00:00
T02095,2026-04-24 00:00:00,Courtney Wagner,Equities,Equity,Allen Morgan and Reed,Buy,11333,379.18,4297246.94,Amended,True,False,2026-04-24 12:38:00,2026-04-30 19:17:00,2026-04-27 00:00:00
T02096,2026-04-24 00:00:00,Kevin Gutierrez,Equities,Option,Dominguez and Sons,Buy,1266,1011.57,1280647.62,Amended,True,False,2026-04-24 12:38:00,2026-04-24 16:34:00,2026-04-27 00:00:00
T02097,2026-04-24 00:00:00,Tracy Hayes,Rates,Bond,Stanton-Wilkinson,Sell,40841,108.399,4427123.56,Booked,False,False,2026-04-24 12:55:00,,2026-04-27 00:00:00
T02098,2026-04-24 00:00:00,Sarah Silva,Rates,Swap,Nguyen Group,Sell,7,544135.03,3808945.21,Booked,False,False,2026-04-24 13:23:00,,2026-04-28 00:00:00
T02099,2026-04-24 00:00:00,Margaret Arellano,Commodities,Swap,Miranda and Sons,Sell,7,289809.06,2028663.42,Booked,False,False,2026-04-24 14:19:00,,2026-04-28 00:00:00
T02100,2026-04-24 00:00:00,Sarah Silva,Rates,Bond,Crawford-Garrett,Buy,26164,106.405,2783980.42,Booked,False,False,2026-04-24 14:32:00,,2026-04-27 00:00:00
T02101,2026-04-24 00:00:00,Sarah Silva,Rates,Bond,Mcconnell-Fisher,Buy,40010,104.356,4175283.56,Booked,False,False,2026-04-24 15:32:00,,2026-04-27 00:00:00
T02102,2026-04-24 00:00:00,Kevin Gutierrez,Equities,Equity,Lee PLC,Sell,6031,156.97,946686.07,Booked,False,False,2026-04-24 15:36:00,,2026-04-27 00:00:00
T02103,2026-04-24 00:00:00,Kevin Gutierrez,Equities,Equity,Chang-Peterson,Buy,3146,305.84,962172.64,Booked,False,False,2026-04-24 16:07:00,,2026-04-27 00:00:00
T02104,2026-04-24 00:00:00,Raymond Williams,FX,FX Forward,Chang-Peterson,Buy,3149243,1.139,3586987.78,Booked,False,False,2026-04-24 16:49:00,,2026-07-22 00:00:00
T02105,2026-04-24 00:00:00,Dylan Lopez,FX,FX Forward,Crawford-Garrett,Buy,2339515,1.1598,2713369.5,Booked,False,False,2026-04-24 17:41:00,,2026-05-25 00:00:00
T02106,2026-04-24 00:00:00,Dylan Lopez,FX,Option,Lam-Gonzalez,Sell,919,1142.81,1050242.39,Booked,False,False,2026-04-24 18:04:00,,2026-04-27 00:00:00
T02107,2026-04-24 00:00:00,Margaret Arellano,Commodities,Swap,Nguyen Group,Sell,3,887277.19,2661831.57,Booked,False,False,2026-04-24 18:07:00,,2026-04-28 00:00:00
T02108,2026-04-27 00:00:00,Heather Garrett,Commodities,Option,Crawford-Garrett,Buy,1356,449.86,610010.16,Booked,False,False,2026-04-27 07:35:00,,2026-04-28 00:00:00
T02109,2026-04-27 00:00:00,Courtney Wagner,Equities,Equity,Nguyen Group,Buy,10862,453.11,4921680.82,Booked,False,False,2026-04-27 07:42:00,,2026-04-28 00:00:00
T02110,2026-04-27 00:00:00,Courtney Wagner,Equities,Equity,Chang-Peterson,Buy,6292,362.36,2279969.12,Amended,True,False,2026-04-27 07:42:00,2026-04-27 11:27:00,2026-04-28 00:00:00
T02111,2026-04-27 00:00:00,Eddie Hernandez,Credit,Bond,Santiago Reyes and Lynch,Sell,26807,103.173,2765758.61,Booked,False,False,2026-04-27 09:02:00,,2026-04-28 00:00:00
T02112,2026-04-27 00:00:00,Raymond Williams,FX,FX Forward,Foster Jones and Reed,Buy,1700290,0.8162,1387776.7,Booked,False,False,2026-04-27 09:13:00,,2026-06-24 00:00:00
T02113,2026-04-27 00:00:00,Joshua Stevenson,Credit,Bond,Chang-Peterson,Sell,141805,108.999,15456603.19,Booked,False,False,2026-04-27 09:43:00,,2026-04-28 00:00:00
T02114,2026-04-27 00:00:00,Pamela Hahn,FX,FX Forward,Bishop LLC,Sell,2522944,1.1784,2973037.21,Booked,False,False,2026-04-27 10:14:00,,2026-06-24 00:00:00
T02115,2026-04-27 00:00:00,Sarah Silva,Rates,Swap,Crawford-Garrett,Sell,4,845766.19,3383064.76,Booked,False,False,2026-04-27 11:00:00,,2026-04-29 00:00:00
T02116,2026-04-27 00:00:00,Kevin Gutierrez,Equities,Equity,Mclaughlin PLC,Sell,40042,332.21,13302352.82,Booked,False,False,2026-04-27 11:11:00,,2026-04-28 00:00:00
T02117,2026-04-27 00:00:00,Pamela Hahn,FX,FX Forward,Larsen Ray and Young,Buy,3346467,0.9064,3033237.69,Booked,False,False,2026-04-27 11:25:00,,2026-05-26 00:00:00
T02118,2026-04-27 00:00:00,Pamela Hahn,FX,FX Forward,Powell Clark and Lopez,Buy,2417814,1.4309,3459650.05,Booked,False,False,2026-04-27 11:49:00,,2026-07-23 00:00:00
T02119,2026-04-27 00:00:00,Raymond Williams,FX,Option,Lee PLC,Sell,440,1063.92,468124.8,Booked,False,False,2026-04-27 11:54:00,,2026-04-28 00:00:00
T02120,2026-04-27 00:00:00,Sarah Silva,Rates,Swap,Chang-Peterson,Buy,47,725086.31,34079056.57,Booked,False,False,2026-04-27 12:14:00,,2026-04-29 00:00:00
T02121,2026-04-27 00:00:00,Sarah Silva,Rates,Swap,Santiago Reyes and Lynch,Buy,9,774491.56,6970424.04,Booked,False,False,2026-04-27 12:17:00,,2026-04-29 00:00:00
T02122,2026-04-27 00:00:00,Pamela Hahn,FX,FX Forward,Crawford-Garrett,Sell,787749,1.2484,983425.85,Booked,False,False,2026-04-27 12:17:00,,2026-07-23 00:00:00
T02123,2026-04-27 00:00:00,Joshua Stevenson,Credit,Bond,Allen Morgan and Reed,Sell,8958,88.649,794117.74,Booked,False,False,2026-04-27 12:28:00,,2026-04-28 00:00:00
T02124,2026-04-27 00:00:00,Kevin Gutierrez,Equities,Option,Wall PLC,Buy,1796,108.0,193968.0,Booked,False,False,2026-04-27 12:46:00,,2026-04-28 00:00:00
T02125,2026-04-27 00:00:00,Natalie Castillo,Rates,Swap,Wall PLC,Sell,8,680801.16,5446409.28,Amended,True,False,2026-04-27 13:08:00,2026-04-28 18:08:00,2026-04-29 00:00:00
T02126,2026-04-27 00:00:00,Tracy Hayes,Rates,Bond,Crawford-Garrett,Sell,27863,103.245,2876715.44,Booked,False,False,2026-04-27 13:26:00,,2026-04-28 00:00:00
T02127,2026-04-27 00:00:00,David Williams,Equities,Option,Fernandez-Ferguson,Buy,1403,902.61,1266361.83,Booked,False,False,2026-04-27 13:44:00,,2026-04-28 00:00:00
T02128,2026-04-27 00:00:00,Pamela Hahn,FX,FX Forward,Chang-Peterson,Buy,1794817,1.5366,2757915.8,Booked,False,False,2026-04-27 13:55:00,,2026-05-26 00:00:00
T02129,2026-04-27 00:00:00,Eddie Hernandez,Credit,Bond,Santiago Reyes and Lynch,Sell,11652,106.82,1244666.64,Booked,False,False,2026-04-27 14:08:00,,2026-04-28 00:00:00
T02130,2026-04-27 00:00:00,Margaret Arellano,Commodities,Option,Larsen Ray and Young,Buy,1210,1089.4,1318174.0,Booked,False,False,2026-04-27 14:13:00,,2026-04-28 00:00:00
T02131,2026-04-27 00:00:00,Margaret Arellano,Commodities,Option,Powell Clark and Lopez,Buy,679,522.17,354553.43,Booked,False,False,2026-04-27 14:22:00,,2026-04-28 00:00:00
T02132,2026-04-27 00:00:00,Pamela Hahn,FX,FX Forward,Lam-Gonzalez,Buy,741274,1.1209,830894.03,Booked,False,False,2026-04-27 14:38:00,,2026-06-24 00:00:00
T02133,2026-04-27 00:00:00,Joshua Wilson,Commodities,Swap,Allen Morgan and Reed,Sell,10,454325.35,4543253.5,Booked,False,False,2026-04-27 14:50:00,,2026-04-29 00:00:00
T02134,2026-04-27 00:00:00,Sarah Silva,Rates,Bond,Larsen Ray and Young,Sell,64820,101.999,6611575.18,Booked,False,False,2026-04-27 14:56:00,,2026-04-28 00:00:00
T02135,2026-04-27 00:00:00,Joshua Stevenson,Credit,Swap,Wright and Sons,Buy,14,552115.29,7729614.06,Booked,False,False,2026-04-27 15:38:00,,2026-04-29 00:00:00
T02136,2026-04-27 00:00:00,Edward Taylor,Credit,Bond,Crawford-Garrett,Sell,56800,97.211,5521584.8,Booked,False,False,2026-04-27 15:58:00,,2026-04-28 00:00:00
T02137,2026-04-27 00:00:00,Tracy Hayes,Rates,Bond,Mcconnell-Fisher,Buy,13998,93.835,1313502.33,Booked,False,False,2026-04-27 17:04:00,,2026-04-28 00:00:00
T02138,2026-04-27 00:00:00,Sarah Silva,Rates,Swap,Chang-Peterson,Sell,29,914964.11,26533959.19,Booked,False,False,2026-04-27 17:15:00,,2026-04-29 00:00:00
T02139,2026-04-27 00:00:00,Sarah Silva,Rates,Bond,Ellis Group,Buy,15273,100.104,1528888.39,Booked,False,False,2026-04-27 17:33:00,,2026-04-28 00:00:00
T02140,2026-04-27 00:00:00,Tracy Hayes,Rates,Swap,Larsen Ray and Young,Sell,9,478436.34,4305927.06,Cancelled,True,True,2026-04-27 20:04:00,2026-04-27 20:49:00,2026-04-29 00:00:00
T02141,2026-04-28 00:00:00,Sarah Silva,Rates,Bond,Larsen Ray and Young,Sell,9131,94.447,862395.56,Booked,False,False,2026-04-28 08:15:00,,2026-04-29 00:00:00
T02142,2026-04-28 00:00:00,Raymond Williams,FX,FX Forward,Crawford-Garrett,Sell,2123089,1.0024,2128184.41,Booked,False,False,2026-04-28 08:29:00,,2026-07-24 00:00:00
T02143,2026-04-28 00:00:00,Dylan Lopez,FX,FX Forward,Dominguez and Sons,Buy,429392,1.0173,436820.48,Booked,False,False,2026-04-28 09:41:00,,2026-05-27 00:00:00
T02144,2026-04-28 00:00:00,Pamela Hahn,FX,FX Forward,Chang-Peterson,Sell,1023263,0.881,901494.7,Amended,True,False,2026-04-28 09:56:00,2026-04-29 14:33:00,2026-07-24 00:00:00
T02145,2026-04-28 00:00:00,Tracy Hayes,Rates,Swap,Wall PLC,Buy,3,305012.16,915036.48,Booked,False,False,2026-04-28 10:00:00,,2026-04-30 00:00:00
T02146,2026-04-28 00:00:00,Raymond Williams,FX,FX Forward,Mclaughlin PLC,Buy,4351966,1.4678,6387815.69,Booked,False,False,2026-04-28 10:11:00,,2026-08-06 00:00:00
T02147,2026-04-28 00:00:00,Sarah Silva,Rates,Bond,Crawford-Garrett,Buy,11737,97.223,1141106.35,Booked,False,False,2026-04-28 10:50:00,,2026-04-29 00:00:00
T02148,2026-04-28 00:00:00,Kevin Gutierrez,Equities,Equity,Stanton-Wilkinson,Sell,5638,290.69,1638910.22,Booked,False,False,2026-04-28 10:50:00,,2026-04-29 00:00:00
T02149,2026-04-28 00:00:00,Tracy Hayes,Rates,Bond,Fernandez-Ferguson,Buy,28048,100.964,2831838.27,Booked,False,False,2026-04-28 10:56:00,,2026-04-29 00:00:00
T02150,2026-04-28 00:00:00,Raymond Williams,FX,FX Forward,Crawford-Garrett,Buy,2674008,1.2038,3218970.83,Booked,False,False,2026-04-28 10:56:00,,2026-05-27 00:00:00
T02151,2026-04-28 00:00:00,Sarah Silva,Rates,Bond,Dominguez and Sons,Buy,47748,103.988,4965219.02,Amended,True,False,2026-04-28 11:08:00,2026-04-28 12:36:00,2026-04-29 00:00:00
T02152,2026-04-28 00:00:00,Sarah Silva,Rates,Bond,Chang-Peterson,Buy,12462,111.417,1388478.65,Booked,False,False,2026-04-28 11:30:00,,2026-04-29 00:00:00
T02153,2026-04-28 00:00:00,Tracy Hayes,Rates,Swap,Larsen Ray and Young,Buy,27,646872.39,17465554.53,Booked,False,False,2026-04-28 11:44:00,,2026-04-30 00:00:00
T02154,2026-04-28 00:00:00,Courtney Wagner,Equities,Equity,Chang-Peterson,Sell,2505,430.57,1078577.85,Amended,True,False,2026-04-28 11:53:00,2026-04-28 13:48:00,2026-04-29 00:00:00
T02155,2026-04-28 00:00:00,Pamela Hahn,FX,FX Forward,Powell Clark and Lopez,Sell,1744814,1.446,2523001.04,Booked,False,False,2026-04-28 11:56:00,,2026-06-25 00:00:00
T02156,2026-04-28 00:00:00,Courtney Wagner,Equities,Equity,Mcconnell-Fisher,Buy,2361,12.61,29772.21,Booked,False,False,2026-04-28 12:01:00,,2026-04-29 00:00:00
T02157,2026-04-28 00:00:00,Pamela Hahn,FX,Option,Mcconnell-Fisher,Sell,116,207.01,24013.16,Booked,False,False,2026-04-28 12:03:00,,2026-04-29 00:00:00
T02158,2026-04-28 00:00:00,Pamela Hahn,FX,FX Forward,Chang-Peterson,Buy,5495057,1.142,6275355.09,Booked,False,False,2026-04-28 12:06:00,,2026-05-27 00:00:00
T02159,2026-04-28 00:00:00,Natalie Castillo,Rates,Bond,Crawford-Garrett,Sell,4626,107.517,497373.64,Booked,False,False,2026-04-28 12:11:00,,2026-04-29 00:00:00
T02160,2026-04-28 00:00:00,Eddie Hernandez,Credit,Bond,Wall PLC,Buy,10382,93.35,969159.7,Booked,False,False,2026-04-28 12:13:00,,2026-04-29 00:00:00
T02161,2026-04-28 00:00:00,Edward Taylor,Credit,Swap,Stanton-Wilkinson,Buy,141,859882.48,121243429.68,Booked,False,False,2026-04-28 12:20:00,,2026-04-27 00:00:00
T02162,2026-04-28 00:00:00,Kevin Gutierrez,Equities,Equity,Foster Jones and Reed,Sell,5758,223.45,1286625.1,Booked,False,False,2026-04-28 12:25:00,,2026-04-29 00:00:00
T02163,2026-04-28 00:00:00,Raymond Williams,FX,FX Forward,Santiago Reyes and Lynch,Sell,1643558,1.3245,2176892.57,Booked,False,False,2026-04-28 12:43:00,,2026-07-24 00:00:00
T02164,2026-04-28 00:00:00,Kevin Gutierrez,Equities,Equity,Anthony-Baker,Sell,1562,336.17,525097.54,Booked,False,False,2026-04-28 12:50:00,,2026-04-29 00:00:00
T02165,2026-04-28 00:00:00,Tracy Hayes,Rates,Bond,Bishop LLC,Buy,22994,90.237,2074909.58,Booked,False,False,2026-04-28 13:16:00,,2026-04-29 00:00:00
T02166,2026-04-28 00:00:00,Natalie Castillo,Rates,Bond,Sullivan-Baxter,Sell,8909,99.653,887808.58,Booked,False,False,2026-04-28 13:25:00,,2026-04-29 00:00:00
T02167,2026-04-28 00:00:00,Kevin Gutierrez,Equities,Option,Chang-Peterson,Buy,1278,689.63,881347.14,Booked,False,False,2026-04-28 13:30:00,,2026-04-29 00:00:00
T02168,2026-04-28 00:00:00,Courtney Wagner,Equities,Option,Chang-Peterson,Buy,2350,1192.58,2802563.0,Booked,False,False,2026-04-28 13:32:00,,2026-04-29 00:00:00
T02169,2026-04-28 00:00:00,Tracy Hayes,Rates,Swap,Miranda and Sons,Sell,3,946631.86,2839895.58,Booked,False,False,2026-04-28 13:43:00,,2026-04-28 00:00:00
T02170,2026-04-28 00:00:00,Pamela Hahn,FX,FX Forward,Stanton-Wilkinson,Sell,2266317,1.1632,2636179.93,Booked,False,False,2026-04-28 14:01:00,,2026-07-24 00:00:00
T02171,2026-04-28 00:00:00,Courtney Wagner,Equities,Equity,Crawford-Garrett,Sell,5208,460.03,2395836.24,Booked,False,False,2026-04-28 14:26:00,,2026-04-29 00:00:00
T02172,2026-04-28 00:00:00,Tracy Hayes,Rates,Bond,Chang-Peterson,Buy,5151888,96.315,496204092.72,Booked,False,False,2026-04-28 14:27:00,,2026-04-29 00:00:00
T02173,2026-04-28 00:00:00,Natalie Castillo,Rates,Swap,Brown-Wiggins,Buy,53,502481.58,26631523.74,Amended,True,False,2026-04-28 14:52:00,2026-04-30 14:18:00,2026-04-30 00:00:00
T02174,2026-04-28 00:00:00,Margaret Arellano,Commodities,Swap,Wright and Sons,Buy,23,561338.36,12910782.28,Booked,False,False,2026-04-28 15:01:00,,2026-04-30 00:00:00
T02175,2026-04-28 00:00:00,Kevin Gutierrez,Equities,Equity,Stanton-Wilkinson,Buy,1396,290.47,405496.12,Booked,False,False,2026-04-28 15:02:00,,2026-04-29 00:00:00
T02176,2026-04-28 00:00:00,Sarah Silva,Rates,Bond,Chang-Peterson,Sell,25549,105.134,2686068.57,Booked,False,False,2026-04-28 15:33:00,,2026-05-27 00:00:00
T02177,2026-04-28 00:00:00,Joshua Stevenson,Credit,Bond,Crawford-Garrett,Buy,56403,111.021,6261917.46,Booked,False,False,2026-04-28 16:46:00,,2026-04-29 00:00:00
T02178,2026-04-28 00:00:00,Sarah Silva,Rates,Bond,Ellis Group,Buy,30311,101.714,3083053.05,Booked,False,False,2026-04-28 18:50:00,,2026-04-29 00:00:00
T02179,2026-04-29 00:00:00,Sarah Silva,Rates,Bond,Miranda and Sons,Buy,20932,96.937,2029085.28,Amended,True,False,2026-04-29 08:30:00,2026-05-01 11:37:00,2026-04-30 00:00:00
T02180,2026-04-29 00:00:00,Tracy Hayes,Rates,Bond,Chang-Peterson,Buy,38997,95.65,3730063.05,Booked,False,False,2026-04-29 09:48:00,,2026-04-30 00:00:00
T02181,2026-04-29 00:00:00,Edward Taylor,Credit,Swap,Anthony-Baker,Buy,15,943530.19,14152952.85,Booked,False,False,2026-04-29 10:21:00,,2026-05-01 00:00:00
T02182,2026-04-29 00:00:00,Sarah Silva,Rates,Bond,Wright and Sons,Sell,53810,88.764,4776390.84,Booked,False,False,2026-04-29 10:32:00,,2026-04-30 00:00:00
T02183,2026-04-29 00:00:00,Natalie Castillo,Rates,Bond,Larsen Ray and Young,Buy,19729,97.984,1933126.34,Booked,False,False,2026-04-29 10:36:00,,2026-04-30 00:00:00
T02184,2026-04-29 00:00:00,Raymond Williams,FX,FX Forward,Ellis Group,Sell,1341115,1.3615,1825928.07,Booked,False,False,2026-04-29 10:37:00,,2026-05-28 00:00:00
T02185,2026-04-29 00:00:00,Raymond Williams,FX,FX Forward,Mclaughlin PLC,Buy,1599339,1.395,2231077.91,Booked,False,False,2026-04-29 10:42:00,,2026-06-26 00:00:00
T02186,2026-04-29 00:00:00,Tracy Hayes,Rates,Swap,Anthony-Baker,Buy,42,283906.27,11924063.34,Amended,True,False,2026-04-29 10:54:00,2026-04-29 11:39:00,2026-05-01 00:00:00
T02187,2026-04-29 00:00:00,Dylan Lopez,FX,FX Forward,Crawford-Garrett,Sell,816444,1.5218,1242464.48,Booked,False,False,2026-04-29 11:01:00,,2026-07-27 00:00:00
T02188,2026-04-29 00:00:00,Kevin Gutierrez,Equities,Equity,Larsen Ray and Young,Sell,14838,302.45,4487753.1,Booked,False,False,2026-04-29 11:07:00,,2026-04-30 00:00:00
T02189,2026-04-29 00:00:00,Raymond Williams,FX,FX Forward,Chang-Peterson,Buy,2680214,0.9272,2485094.42,Booked,False,False,2026-04-29 11:18:00,,2026-07-27 00:00:00
T02190,2026-04-29 00:00:00,Natalie Castillo,Rates,Bond,Mclaughlin PLC,Sell,24987,97.751,2442504.24,Booked,False,False,2026-04-29 11:22:00,,2026-04-30 00:00:00
T02191,2026-04-29 00:00:00,Edward Taylor,Credit,Bond,Dominguez and Sons,Buy,24850,96.34,2394049.0,Booked,False,False,2026-04-29 11:44:00,,2026-04-30 00:00:00
T02192,2026-04-29 00:00:00,Joshua Wilson,Commodities,Swap,Crawford-Garrett,Buy,7,441194.42,3088360.94,Booked,False,False,2026-04-29 11:46:00,,2026-05-01 00:00:00
T02193,2026-04-29 00:00:00,Margaret Arellano,Commodities,Swap,Chang-Peterson,Buy,36,940544.5,33859602.0,Amended,True,False,2026-04-29 12:56:00,2026-04-29 18:31:00,2026-05-01 00:00:00
T02194,2026-04-29 00:00:00,Pamela Hahn,FX,FX Forward,Chang-Peterson,Buy,824537,1.1838,976086.9,Booked,False,False,2026-04-29 13:01:00,,2026-05-28 00:00:00
T02195,2026-04-29 00:00:00,Raymond Williams,FX,FX Forward,Foster Jones and Reed,Buy,4633111,0.7999,3706025.49,Booked,False,False,2026-04-29 13:02:00,,2026-05-28 00:00:00
T02196,2026-04-29 00:00:00,Eddie Hernandez,Credit,Bond,Morales-Woodard,Sell,33972,88.352,3001494.14,Booked,False,False,2026-04-29 13:18:00,,2026-04-30 00:00:00
T02197,2026-04-29 00:00:00,Tracy Hayes,Rates,Swap,Larsen Ray and Young,Buy,18,661042.16,11898758.88,Booked,False,False,2026-04-29 13:18:00,,2026-05-01 00:00:00
T02198,2026-04-29 00:00:00,Eddie Hernandez,Credit,Bond,Dominguez and Sons,Buy,21874,89.227,1951751.4,Booked,False,False,2026-04-29 13:22:00,,2026-04-30 00:00:00
T02199,2026-04-29 00:00:00,Sarah Silva,Rates,Bond,Lam-Gonzalez,Buy,10019,105.645,1058457.25,Booked,False,False,2026-04-29 13:25:00,,2026-04-30 00:00:00
T02200,2026-04-29 00:00:00,Pamela Hahn,FX,FX Forward,Stanton-Wilkinson,Buy,1372924,1.3913,1910149.16,Booked,False,False,2026-04-29 13:33:00,,2026-07-27 00:00:00
T02201,2026-04-29 00:00:00,Joshua Stevenson,Credit,Swap,Nguyen Group,Buy,2,769275.08,1538550.16,Booked,False,False,2026-04-29 13:36:00,,2026-05-01 00:00:00
T02202,2026-04-29 00:00:00,Eddie Hernandez,Credit,Bond,Allen Morgan and Reed,Buy,110108,88.736,9770543.49,Booked,False,False,2026-04-29 13:44:00,,2026-04-30 00:00:00
T02203,2026-04-29 00:00:00,Natalie Castillo,Rates,Bond,Chang-Peterson,Buy,53899,98.609,5314926.49,Booked,False,False,2026-04-29 14:06:00,,2026-04-30 00:00:00
T02204,2026-04-29 00:00:00,Pamela Hahn,FX,FX Forward,Mitchell-Rodgers,Sell,2445496,1.0885,2661922.4,Booked,False,False,2026-04-29 14:17:00,,2026-07-27 00:00:00
T02205,2026-04-29 00:00:00,Raymond Williams,FX,FX Forward,Santiago Reyes and Lynch,Buy,5267023,1.4552,7664571.87,Booked,False,False,2026-04-29 14:26:00,,2026-06-26 00:00:00
T02206,2026-04-29 00:00:00,Pamela Hahn,FX,FX Forward,Mclaughlin PLC,Sell,4797096,1.2931,6203124.84,Booked,False,False,2026-04-29 14:34:00,,2026-07-27 00:00:00
T02207,2026-04-29 00:00:00,Joshua Stevenson,Credit,Bond,Crawford-Garrett,Buy,10743,101.873,1094421.64,Booked,False,False,2026-04-29 14:43:00,,2026-04-30 00:00:00
T02208,2026-04-29 00:00:00,Sarah Silva,Rates,Bond,Mitchell-Rodgers,Sell,32326,106.229,3433958.65,Booked,False,False,2026-04-29 14:53:00,,2026-04-30 00:00:00
T02209,2026-04-29 00:00:00,Tracy Hayes,Rates,Swap,Miranda and Sons,Buy,43,518726.0,22305218.0,Booked,False,False,2026-04-29 15:07:00,,2026-05-01 00:00:00
T02210,2026-04-29 00:00:00,Joshua Stevenson,Credit,Bond,Foster Jones and Reed,Sell,26415,109.83,2901159.45,Booked,False,False,2026-04-29 15:21:00,,2026-04-30 00:00:00
T02211,2026-04-29 00:00:00,Sarah Silva,Rates,Swap,Larsen Ray and Young,Buy,25,315077.35,7876933.75,Booked,False,False,2026-04-29 15:26:00,,2026-05-01 00:00:00
T02212,2026-04-29 00:00:00,Kevin Gutierrez,Equities,Equity,Lee PLC,Sell,23093,52.48,1211920.64,Booked,False,False,2026-04-29 16:02:00,,2026-04-30 00:00:00
T02213,2026-04-29 00:00:00,Tracy Hayes,Rates,Swap,Larsen Ray and Young,Buy,51,777954.4,39675674.4,Booked,False,False,2026-04-29 17:00:00,,2026-05-01 00:00:00
T02214,2026-04-29 00:00:00,Pamela Hahn,FX,FX Forward,Bishop LLC,Buy,2872476,0.7964,2287639.89,Booked,False,False,2026-04-29 19:39:00,,2026-07-27 00:00:00
T02215,2026-04-29 00:00:00,Joshua Stevenson,Credit,Bond,Lee PLC,Buy,9596,92.161,884376.96,Booked,False,False,2026-04-29 19:43:00,,2026-04-30 00:00:00
T02216,2026-04-30 00:00:00,Heather Garrett,Commodities,Swap,Mcconnell-Fisher,Sell,11,883396.9,9717365.9,Booked,False,False,2026-04-30 07:21:00,,2026-05-04 00:00:00
T02217,2026-04-30 00:00:00,Tracy Hayes,Rates,Bond,Foster Jones and Reed,Buy,8630,102.228,882227.64,Booked,False,False,2026-04-30 07:49:00,,2026-05-01 00:00:00
T02218,2026-04-30 00:00:00,Eddie Hernandez,Credit,Bond,Larsen Ray and Young,Buy,7073,100.095,707971.94,Booked,False,False,2026-04-30 08:09:00,,2026-05-01 00:00:00
T02219,2026-04-30 00:00:00,Pamela Hahn,FX,FX Forward,Mcconnell-Fisher,Sell,3407022,1.0775,3671066.2,Booked,False,False,2026-04-30 09:24:00,,2026-06-29 00:00:00
T02220,2026-04-30 00:00:00,Courtney Wagner,Equities,Equity,Morales-Woodard,Buy,13359,389.75,5206670.25,Booked,False,False,2026-04-30 10:58:00,,2026-05-01 00:00:00
T02221,2026-04-30 00:00:00,Courtney Wagner,Equities,Equity,Anthony-Baker,Buy,11029,472.04,5206129.16,Booked,False,False,2026-04-30 10:58:00,,2026-05-01 00:00:00
T02222,2026-04-30 00:00:00,Sarah Silva,Rates,Bond,Lam-Gonzalez,Buy,11528,102.95,1186807.6,Amended,True,False,2026-04-30 10:59:00,2026-05-01 08:26:00,2026-05-01 00:00:00
T02223,2026-04-30 00:00:00,Raymond Williams,FX,FX Forward,Fernandez-Ferguson,Buy,2764910,1.3976,3864238.22,Amended,True,False,2026-04-30 11:24:00,2026-04-30 16:59:00,2026-05-29 00:00:00
T02224,2026-04-30 00:00:00,Pamela Hahn,FX,FX Forward,Larsen Ray and Young,Buy,6144721,1.4982,9206021.0,Booked,False,False,2026-04-30 12:07:00,,2026-06-29 00:00:00
T02225,2026-04-30 00:00:00,Tracy Hayes,Rates,Bond,Mclaughlin PLC,Sell,11572,92.75,1073303.0,Booked,False,False,2026-04-30 12:15:00,,2026-05-01 00:00:00
T02226,2026-04-30 00:00:00,Pamela Hahn,FX,FX Forward,Crawford-Garrett,Sell,1830829,1.4311,2620099.38,Booked,False,False,2026-04-30 12:29:00,,2026-06-29 00:00:00
T02227,2026-04-30 00:00:00,Sarah Silva,Rates,Bond,Miranda and Sons,Buy,135632,91.433,12401240.66,Booked,False,False,2026-04-30 12:53:00,,2026-05-01 00:00:00
T02228,2026-04-30 00:00:00,Joshua Stevenson,Credit,Bond,Mcconnell-Fisher,Buy,18953,91.086,1726352.96,Booked,False,False,2026-04-30 13:13:00,,2026-05-01 00:00:00
T02229,2026-04-30 00:00:00,Natalie Castillo,Rates,Bond,Wright and Sons,Sell,44114,93.62,4129952.68,Booked,False,False,2026-04-30 13:19:00,,2026-05-01 00:00:00
T02230,2026-04-30 00:00:00,Natalie Castillo,Rates,Swap,Crawford-Garrett,Buy,39,946906.5,36929353.5,Booked,False,False,2026-04-30 13:24:00,,2026-05-04 00:00:00
T02231,2026-04-30 00:00:00,Natalie Castillo,Rates,Bond,Dominguez and Sons,Sell,13708,105.074,1440354.39,Cancelled,True,True,2026-04-30 13:25:00,2026-04-30 14:10:00,2026-05-01 00:00:00
T02232,2026-04-30 00:00:00,Dylan Lopez,FX,FX Forward,Larsen Ray and Young,Sell,983140,1.082,1063757.48,Booked,False,False,2026-04-30 13:52:00,,2026-06-29 00:00:00
T02233,2026-04-30 00:00:00,Tracy Hayes,Rates,Bond,Sullivan-Baxter,Buy,5794,90.772,525932.97,Booked,False,False,2026-04-30 13:53:00,,2026-05-01 00:00:00
T02234,2026-04-30 00:00:00,Margaret Arellano,Commodities,Swap,Bishop LLC,Buy,16,387800.68,6204810.88,Booked,False,False,2026-04-30 14:01:00,,2026-05-04 00:00:00
T02235,2026-04-30 00:00:00,Sarah Silva,Rates,Bond,Chang-Peterson,Sell,9742,90.043,877198.91,Booked,False,False,2026-04-30 14:09:00,,2026-05-01 00:00:00
T02236,2026-04-30 00:00:00,Heather Garrett,Commodities,Swap,Stanton-Wilkinson,Sell,26,263641.04,6854667.04,Booked,False,False,2026-04-30 14:12:00,,2026-05-04 00:00:00
T02237,2026-04-30 00:00:00,Heather Garrett,Commodities,Swap,Chang-Peterson,Sell,17,863454.89,14678733.13,Booked,False,False,2026-04-30 14:15:00,,2026-05-04 00:00:00
T02238,2026-04-30 00:00:00,Tracy Hayes,Rates,Swap,Miranda and Sons,Buy,9,909821.6,8188394.4,Booked,False,False,2026-04-30 14:39:00,,2026-05-04 00:00:00
T02239,2026-04-30 00:00:00,Tracy Hayes,Rates,Swap,Crawford-Garrett,Sell,12,480395.74,5764748.88,Cancelled,True,True,2026-04-30 15:01:00,2026-05-01 16:55:00,2026-05-04 00:00:00
T02240,2026-04-30 00:00:00,Natalie Castillo,Rates,Swap,Foster Jones and Reed,Sell,7,795040.49,5565283.43,Booked,False,False,2026-04-30 15:45:00,,2026-05-04 00:00:00
T02241,2026-04-30 00:00:00,Courtney Wagner,Equities,Equity,Larsen Ray and Young,Sell,7178,322.16,2312464.48,Booked,False,False,2026-04-30 16:03:00,,2026-05-01 00:00:00
T02242,2026-04-30 00:00:00,Pamela Hahn,FX,FX Forward,Chang-Peterson,Buy,12540510,1.5523,19466633.67,Booked,False,False,2026-04-30 16:08:00,,2026-07-28 00:00:00
T02243,2026-04-30 00:00:00,Pamela Hahn,FX,FX Forward,Miranda and Sons,Sell,1698640,0.9288,1577696.83,Booked,False,False,2026-04-30 16:48:00,,2026-06-29 00:00:00
T02244,2026-04-30 00:00:00,Heather Garrett,Commodities,Swap,Stanton-Wilkinson,Sell,3,715654.12,2146962.36,Booked,False,False,2026-04-30 16:48:00,,2026-05-04 00:00:00
T02245,2026-04-30 00:00:00,Kevin Gutierrez,Equities,Option,Mclaughlin PLC,Buy,928,416.93,386911.04,Amended,True,False,2026-04-30 17:20:00,2026-04-30 18:30:00,2026-05-01 00:00:00
T02246,2026-05-01 00:00:00,Eddie Hernandez,Credit,Swap,Morales-Woodard,Buy,56,613054.32,34331041.92,Booked,False,False,2026-05-01 07:00:00,,2026-05-05 00:00:00
T02247,2026-05-01 00:00:00,Tracy Hayes,Rates,Bond,Chang-Peterson,Sell,51786,111.604,5779524.74,Booked,False,False,2026-05-01 08:10:00,,2026-05-04 00:00:00
T02248,2026-05-01 00:00:00,Eddie Hernandez,Credit,Bond,Mcconnell-Fisher,Sell,30182,108.837,3284918.33,Booked,False,False,2026-05-01 08:32:00,,2026-05-04 00:00:00
T02249,2026-05-01 00:00:00,David Williams,Equities,Equity,Mitchell-Rodgers,Buy,23448,446.55,10470704.4,Booked,False,False,2026-05-01 09:07:00,,2026-05-04 00:00:00
T02250,2026-05-01 00:00:00,Joshua Wilson,Commodities,Swap,Wright and Sons,Buy,7,557966.57,3905765.99,Booked,False,False,2026-05-01 10:47:00,,2026-05-05 00:00:00
T02251,2026-05-01 00:00:00,Sarah Silva,Rates,Bond,Mclaughlin PLC,Sell,5237,97.169,508874.05,Booked,False,False,2026-05-01 11:03:00,,2026-05-04 00:00:00
T02252,2026-05-01 00:00:00,Tracy Hayes,Rates,Bond,Foster Jones and Reed,Sell,16904,104.356,1764033.82,Booked,False,False,2026-05-01 11:05:00,,2026-05-04 00:00:00
T02253,2026-05-01 00:00:00,Sarah Silva,Rates,Swap,Chang-Peterson,Sell,24,824120.25,19778886.0,Booked,False,False,2026-05-01 11:45:00,,2026-05-05 00:00:00
T02254,2026-05-01 00:00:00,Raymond Williams,FX,FX Forward,Santiago Reyes and Lynch,Sell,1602966,1.1337,1817282.55,Amended,True,False,2026-05-01 11:46:00,2026-05-21 18:13:00,2026-07-29 00:00:00
T02255,2026-05-01 00:00:00,Margaret Arellano,Commodities,Swap,Lam-Gonzalez,Sell,34,667475.92,22694181.28,Booked,False,False,2026-05-01 12:39:00,,2026-05-05 00:00:00
T02256,2026-05-01 00:00:00,Sarah Silva,Rates,Bond,Ellis Group,Sell,100137,101.564,10170314.27,Booked,False,False,2026-05-01 12:41:00,,2026-05-04 00:00:00
T02257,2026-05-01 00:00:00,Pamela Hahn,FX,FX Forward,Powell Clark and Lopez,Sell,833005,1.048,872989.24,Booked,False,False,2026-05-01 12:52:00,,2026-07-29 00:00:00
T02258,2026-05-01 00:00:00,Tracy Hayes,Rates,Swap,Larsen Ray and Young,Buy,68,475736.74,32350098.32,Booked,False,False,2026-05-01 13:45:00,,2026-05-05 00:00:00
T02259,2026-05-01 00:00:00,Joshua Stevenson,Credit,Bond,Crawford-Garrett,Buy,29412,110.47,3249143.64,Booked,False,False,2026-05-01 13:56:00,,2026-05-04 00:00:00
T02260,2026-05-01 00:00:00,Sarah Silva,Rates,Swap,Sullivan-Baxter,Sell,5,520146.98,2600734.9,Booked,False,False,2026-05-01 13:57:00,,2026-05-05 00:00:00
T02261,2026-05-01 00:00:00,Sarah Silva,Rates,Bond,Brown-Wiggins,Buy,41469,103.898,4308546.16,Booked,False,False,2026-05-01 14:01:00,,2026-05-04 00:00:00
T02262,2026-05-01 00:00:00,Tracy Hayes,Rates,Swap,Fernandez-Ferguson,Buy,2,261968.81,523937.62,Booked,False,False,2026-05-01 14:06:00,,2026-05-05 00:00:00
T02263,2026-05-01 00:00:00,Raymond Williams,FX,Option,Mclaughlin PLC,Buy,6825,864.16,5897892.0,Booked,False,False,2026-05-01 14:38:00,,2026-05-04 00:00:00
T02264,2026-05-01 00:00:00,Sarah Silva,Rates,Bond,Anthony-Baker,Sell,34475,90.318,3113713.05,Booked,False,False,2026-05-01 15:11:00,,2026-05-04 00:00:00
T02265,2026-05-01 00:00:00,Natalie Castillo,Rates,Bond,Ellis Group,Buy,11402,96.478,1100042.16,Booked,False,False,2026-05-01 15:37:00,,2026-05-04 00:00:00
T02266,2026-05-01 00:00:00,Pamela Hahn,FX,FX Forward,Foster Jones and Reed,Buy,1308828,1.1245,1471777.09,Booked,False,False,2026-05-01 18:00:00,,2026-06-30 00:00:00
T02267,2026-05-01 00:00:00,Tracy Hayes,Rates,Swap,Wright and Sons,Sell,6,503541.9,3021251.4,Amended,True,False,2026-05-01 19:42:00,2026-05-05 14:39:00,2026-05-05 00:00:00
T02268,2026-05-04 00:00:00,Courtney Wagner,Equities,Equity,Larsen Ray and Young,Buy,67198,420.54,28259446.92,Booked,False,False,2026-05-04 09:49:00,,2026-05-05 00:00:00
T02269,2026-05-04 00:00:00,Tracy Hayes,Rates,Bond,Wright and Sons,Buy,4633,97.775,452991.58,Booked,False,False,2026-05-04 10:10:00,,2026-05-05 00:00:00
T02270,2026-05-04 00:00:00,Margaret Arellano,Commodities,Swap,Chang-Peterson,Buy,11,636628.39,7002912.29,Booked,False,False,2026-05-04 10:30:00,,2026-05-06 00:00:00
T02271,2026-05-04 00:00:00,Heather Garrett,Commodities,Option,Mitchell-Rodgers,Sell,870,276.1,240207.0,Booked,False,False,2026-05-04 10:33:00,,2026-05-05 00:00:00
T02272,2026-05-04 00:00:00,Pamela Hahn,FX,FX Forward,Dominguez and Sons,Buy,696981,1.1302,787727.93,Amended,True,False,2026-05-04 11:03:00,2026-05-04 13:17:00,2026-07-01 00:00:00
T02273,2026-05-04 00:00:00,Kevin Gutierrez,Equities,Equity,Chang-Peterson,Sell,7018,315.46,2213898.28,Booked,False,False,2026-05-04 11:30:00,,2026-05-05 00:00:00
T02274,2026-05-04 00:00:00,David Williams,Equities,Equity,Chang-Peterson,Sell,727378,158.25,115107568.5,Booked,False,False,2026-05-04 11:48:00,,2026-05-05 00:00:00
T02275,2026-05-04 00:00:00,Tracy Hayes,Rates,Swap,Mclaughlin PLC,Buy,18,363906.37,6550314.66,Booked,False,False,2026-05-04 12:03:00,,2026-05-06 00:00:00
T02276,2026-05-04 00:00:00,Heather Garrett,Commodities,Option,Stanton-Wilkinson,Sell,2573,1243.72,3200091.56,Booked,False,False,2026-05-04 12:21:00,,2026-05-05 00:00:00
T02277,2026-05-04 00:00:00,Pamela Hahn,FX,FX Forward,Dominguez and Sons,Sell,401367,0.8754,351356.67,Booked,False,False,2026-05-04 12:22:00,,2026-06-02 00:00:00
T02278,2026-05-04 00:00:00,Courtney Wagner,Equities,Option,Nguyen Group,Buy,400,565.98,226392.0,Booked,False,False,2026-05-04 12:23:00,,2026-05-05 00:00:00
T02279,2026-05-04 00:00:00,Kevin Gutierrez,Equities,Option,Ellis Group,Sell,235,882.51,207389.85,Booked,False,False,2026-05-04 12:28:00,,2026-05-05 00:00:00
T02280,2026-05-04 00:00:00,Raymond Williams,FX,FX Forward,Foster Jones and Reed,Sell,8667733,0.9235,8004651.43,Booked,False,False,2026-05-04 12:30:00,,2026-07-30 00:00:00
T02281,2026-05-04 00:00:00,Courtney Wagner,Equities,Option,Mitchell-Rodgers,Sell,798,46.06,36755.88,Booked,False,False,2026-05-04 12:48:00,,2026-05-05 00:00:00
T02282,2026-05-04 00:00:00,Sarah Silva,Rates,Bond,Bishop LLC,Sell,81613,111.257,9080017.54,Booked,False,False,2026-05-04 12:49:00,,2026-05-05 00:00:00
T02283,2026-05-04 00:00:00,Natalie Castillo,Rates,Swap,Dominguez and Sons,Buy,18,917777.56,16519996.08,Booked,False,False,2026-05-04 12:53:00,,2026-05-06 00:00:00
T02284,2026-05-04 00:00:00,Tracy Hayes,Rates,Bond,Ellis Group,Buy,51418,90.868,4672250.82,Booked,False,False,2026-05-04 12:58:00,,2026-05-05 00:00:00
T02285,2026-05-04 00:00:00,Tracy Hayes,Rates,Swap,Ellis Group,Sell,23,761841.8,17522361.4,Booked,False,False,2026-05-04 13:16:00,,2026-05-06 00:00:00
T02286,2026-05-04 00:00:00,Kevin Gutierrez,Equities,Option,Crawford-Garrett,Buy,2974,1217.77,3621647.98,Booked,False,False,2026-05-04 13:17:00,,2026-05-05 00:00:00
T02287,2026-05-04 00:00:00,Joshua Stevenson,Credit,Bond,Fernandez-Ferguson,Sell,125402,88.813,11137327.83,Booked,False,False,2026-05-04 13:21:00,,2026-07-01 00:00:00
T02288,2026-05-04 00:00:00,Sarah Silva,Rates,Swap,Foster Jones and Reed,Buy,19,309184.92,5874513.48,Booked,False,False,2026-05-04 13:25:00,,2026-05-06 00:00:00
T02289,2026-05-04 00:00:00,Tracy Hayes,Rates,Bond,Anthony-Baker,Buy,11185,98.949,1106744.56,Booked,False,False,2026-05-04 13:33:00,,2026-05-05 00:00:00
T02290,2026-05-04 00:00:00,Eddie Hernandez,Credit,Swap,Larsen Ray and Young,Buy,77,931652.55,71737246.35,Booked,False,False,2026-05-04 13:37:00,,2026-05-06 00:00:00
T02291,2026-05-04 00:00:00,Kevin Gutierrez,Equities,Equity,Ellis Group,Buy,4780,77.5,370450.0,Booked,False,False,2026-05-04 13:49:00,,2026-05-05 00:00:00
T02292,2026-05-04 00:00:00,Kevin Gutierrez,Equities,Equity,Crawford-Garrett,Buy,266,187.8,49954.8,Booked,False,False,2026-05-04 13:58:00,,2026-05-05 00:00:00
T02293,2026-05-04 00:00:00,Tracy Hayes,Rates,Bond,Nguyen Group,Buy,20272,90.792,1840535.42,Booked,False,False,2026-05-04 14:14:00,,2026-05-05 00:00:00
T02294,2026-05-04 00:00:00,Raymond Williams,FX,FX Forward,Chang-Peterson,Sell,734388,1.3514,992451.94,Booked,False,False,2026-05-04 14:28:00,,2026-07-01 00:00:00
T02295,2026-05-04 00:00:00,Pamela Hahn,FX,FX Forward,Chang-Peterson,Buy,1062528,1.5047,1598785.88,Booked,False,False,2026-05-04 15:09:00,,2026-07-01 00:00:00
T02296,2026-05-04 00:00:00,Sarah Silva,Rates,Swap,Fernandez-Ferguson,Sell,12,966800.82,11601609.84,Booked,False,False,2026-05-04 16:24:00,,2026-05-06 00:00:00
T02297,2026-05-04 00:00:00,Dylan Lopez,FX,Option,Larsen Ray and Young,Sell,836,760.28,635594.08,Booked,False,False,2026-05-04 16:32:00,,2026-05-05 00:00:00
T02298,2026-05-05 00:00:00,Courtney Wagner,Equities,Equity,Morales-Woodard,Sell,10475,457.4,4791265.0,Booked,False,False,2026-05-05 08:23:00,,2026-05-06 00:00:00
T02299,2026-05-05 00:00:00,Tracy Hayes,Rates,Swap,Powell Clark and Lopez,Sell,295,704684.5,207881927.5,Booked,False,False,2026-05-05 09:12:00,,2026-05-07 00:00:00
T02300,2026-05-05 00:00:00,Courtney Wagner,Equities,Option,Powell Clark and Lopez,Sell,998,299.41,298811.18,Booked,False,False,2026-05-05 09:20:00,,2026-05-06 00:00:00
T02301,2026-05-05 00:00:00,Sarah Silva,Rates,Bond,Mclaughlin PLC,Buy,307166,107.427,32997921.88,Booked,False,False,2026-05-05 09:33:00,,2026-05-06 00:00:00
T02302,2026-05-05 00:00:00,Raymond Williams,FX,FX Forward,Crawford-Garrett,Buy,5104006,0.8486,4331259.49,Booked,False,False,2026-05-05 10:16:00,,2026-07-31 00:00:00
T02303,2026-05-05 00:00:00,Courtney Wagner,Equities,Option,Stanton-Wilkinson,Sell,463,340.47,157637.61,Booked,False,False,2026-05-05 10:48:00,,2026-05-06 00:00:00
T02304,2026-05-05 00:00:00,Sarah Silva,Rates,Swap,Dominguez and Sons,Buy,13,342286.42,4449723.46,Amended,True,False,2026-05-05 11:01:00,2026-05-05 12:48:00,2026-05-07 00:00:00
T02305,2026-05-05 00:00:00,Raymond Williams,FX,FX Forward,Chang-Peterson,Buy,2097269,1.2186,2555732.0,Booked,False,False,2026-05-05 11:08:00,,2026-06-03 00:00:00
T02306,2026-05-05 00:00:00,Pamela Hahn,FX,Option,Nguyen Group,Buy,1037,112.93,117108.41,Booked,False,False,2026-05-05 11:13:00,,2026-05-06 00:00:00
T02307,2026-05-05 00:00:00,Margaret Arellano,Commodities,Option,Mcconnell-Fisher,Buy,1786,1020.88,1823291.68,Booked,False,False,2026-05-05 11:14:00,,2026-05-06 00:00:00
T02308,2026-05-05 00:00:00,Kevin Gutierrez,Equities,Option,Chang-Peterson,Buy,1571,579.9,911022.9,Booked,False,False,2026-05-05 11:45:00,,2026-05-06 00:00:00
T02309,2026-05-05 00:00:00,Dylan Lopez,FX,Option,Morales-Woodard,Sell,322,861.84,277512.48,Booked,False,False,2026-05-05 11:46:00,,2026-05-06 00:00:00
T02310,2026-05-05 00:00:00,Kevin Gutierrez,Equities,Option,Chang-Peterson,Buy,1153,432.47,498637.91,Booked,False,False,2026-05-05 11:46:00,,2026-05-06 00:00:00
T02311,2026-05-05 00:00:00,Tracy Hayes,Rates,Swap,Crawford-Garrett,Sell,17,704046.55,11968791.35,Booked,False,False,2026-05-05 11:50:00,,2026-05-07 00:00:00
T02312,2026-05-05 00:00:00,Pamela Hahn,FX,FX Forward,Brown-Wiggins,Buy,1332718,1.5398,2052119.18,Booked,False,False,2026-05-05 12:00:00,,2026-07-02 00:00:00
T02313,2026-05-05 00:00:00,Joshua Stevenson,Credit,Bond,Chang-Peterson,Sell,22463,105.332,2366072.72,Booked,False,False,2026-05-05 12:29:00,,2026-05-06 00:00:00
T02314,2026-05-05 00:00:00,Natalie Castillo,Rates,Swap,Stanton-Wilkinson,Buy,32,382093.92,12227005.44,Booked,False,False,2026-05-05 12:34:00,,2026-05-07 00:00:00
T02315,2026-05-05 00:00:00,Raymond Williams,FX,FX Forward,Wright and Sons,Sell,1398163,1.0282,1437591.2,Booked,False,False,2026-05-05 12:45:00,,2026-07-02 00:00:00
T02316,2026-05-05 00:00:00,Pamela Hahn,FX,FX Forward,Santiago Reyes and Lynch,Sell,5707056,0.8735,4985113.42,Booked,False,False,2026-05-05 13:33:00,,2026-07-31 00:00:00
T02317,2026-05-05 00:00:00,Sarah Silva,Rates,Bond,Foster Jones and Reed,Sell,20274,97.208,1970794.99,Booked,False,False,2026-05-05 13:33:00,,2026-05-06 00:00:00
T02318,2026-05-05 00:00:00,Raymond Williams,FX,FX Forward,Chang-Peterson,Sell,439193,1.5571,683867.42,Booked,False,False,2026-05-05 13:34:00,,2026-07-02 00:00:00
T02319,2026-05-05 00:00:00,Tracy Hayes,Rates,Swap,Nguyen Group,Buy,106,316282.1,33525902.6,Booked,False,False,2026-05-05 13:37:00,,2026-05-07 00:00:00
T02320,2026-05-05 00:00:00,Courtney Wagner,Equities,Option,Ellis Group,Buy,1909,467.79,893011.11,Booked,False,False,2026-05-05 13:42:00,,2026-05-06 00:00:00
T02321,2026-05-05 00:00:00,Margaret Arellano,Commodities,Swap,Foster Jones and Reed,Buy,17,762920.12,12969642.04,Amended,True,False,2026-05-05 13:49:00,2026-05-06 09:52:00,2026-05-07 00:00:00
T02322,2026-05-05 00:00:00,Sarah Silva,Rates,Bond,Foster Jones and Reed,Sell,173304,100.242,17372339.57,Amended,True,False,2026-05-05 14:05:00,2026-05-05 18:34:00,2026-05-06 00:00:00
T02323,2026-05-05 00:00:00,Pamela Hahn,FX,FX Forward,Mitchell-Rodgers,Buy,3716094,0.9803,3642886.95,Booked,False,False,2026-05-05 14:08:00,,2026-07-31 00:00:00
T02324,2026-05-05 00:00:00,Raymond Williams,FX,FX Forward,Fernandez-Ferguson,Buy,1378781,0.9383,1293710.21,Booked,False,False,2026-05-05 14:50:00,,2026-07-31 00:00:00
T02325,2026-05-05 00:00:00,Pamela Hahn,FX,FX Forward,Wall PLC,Buy,394733,1.0927,431324.75,Booked,False,False,2026-05-05 14:55:00,,2026-07-31 00:00:00
T02326,2026-05-05 00:00:00,Raymond Williams,FX,FX Forward,Mitchell-Rodgers,Sell,1158019,1.4751,1708193.83,Booked,False,False,2026-05-05 15:22:00,,2026-07-31 00:00:00
T02327,2026-05-05 00:00:00,Tracy Hayes,Rates,Swap,Anthony-Baker,Sell,17,981353.76,16683013.92,Booked,False,False,2026-05-05 15:46:00,,2026-05-07 00:00:00
T02328,2026-05-05 00:00:00,Tracy Hayes,Rates,Bond,Chang-Peterson,Sell,45304,105.153,4763851.51,Booked,False,False,2026-05-05 15:53:00,,2026-05-06 00:00:00
T02329,2026-05-05 00:00:00,Eddie Hernandez,Credit,Bond,Chang-Peterson,Sell,230372,92.939,21410543.31,Booked,False,False,2026-05-05 16:16:00,,2026-05-06 00:00:00
T02330,2026-05-05 00:00:00,Raymond Williams,FX,FX Forward,Morales-Woodard,Buy,4151275,1.3507,5607127.14,Booked,False,False,2026-05-05 17:34:00,,2026-07-31 00:00:00
T02331,2026-05-06 00:00:00,Courtney Wagner,Equities,Equity,Brown-Wiggins,Sell,3588,123.78,444122.64,Booked,False,False,2026-05-06 08:25:00,,2026-05-07 00:00:00
T02332,2026-05-06 00:00:00,Pamela Hahn,FX,FX Forward,Crawford-Garrett,Sell,4320352,1.4552,6286976.23,Booked,False,False,2026-05-06 08:42:00,,2026-08-03 00:00:00
T02333,2026-05-06 00:00:00,Pamela Hahn,FX,FX Forward,Chang-Peterson,Buy,2721165,1.0257,2791098.94,Booked,False,False,2026-05-06 09:31:00,,2026-08-03 00:00:00
T02334,2026-05-06 00:00:00,Raymond Williams,FX,FX Forward,Anthony-Baker,Buy,5647390,1.2901,7285697.84,Amended,True,False,2026-05-06 10:15:00,2026-05-07 11:57:00,2026-06-04 00:00:00
T02335,2026-05-06 00:00:00,Dylan Lopez,FX,FX Forward,Lee PLC,Buy,1683794,1.2559,2114676.88,Cancelled,True,True,2026-05-06 11:01:00,2026-05-08 14:40:00,2026-06-04 00:00:00
T02336,2026-05-06 00:00:00,Joshua Stevenson,Credit,Bond,Foster Jones and Reed,Buy,30749,99.657,3064353.09,Booked,False,False,2026-05-06 11:03:00,,2026-05-07 00:00:00
T02337,2026-05-06 00:00:00,Joshua Stevenson,Credit,Bond,Larsen Ray and Young,Sell,12769,93.12,1189049.28,Booked,False,False,2026-05-06 11:12:00,,2026-05-07 00:00:00
T02338,2026-05-06 00:00:00,Tracy Hayes,Rates,Bond,Stanton-Wilkinson,Buy,5774,98.048,566129.15,Booked,False,False,2026-05-06 11:31:00,,2026-05-07 00:00:00
T02339,2026-05-06 00:00:00,Kevin Gutierrez,Equities,Equity,Mitchell-Rodgers,Buy,1233,142.54,175751.82,Booked,False,False,2026-05-06 11:52:00,,2026-05-07 00:00:00
T02340,2026-05-06 00:00:00,Joshua Stevenson,Credit,Bond,Nguyen Group,Buy,45111,92.876,4189729.24,Booked,False,False,2026-05-06 12:09:00,,2026-05-07 00:00:00
T02341,2026-05-06 00:00:00,Sarah Silva,Rates,Swap,Wright and Sons,Buy,19,556100.07,10565901.33,Booked,False,False,2026-05-06 12:10:00,,2026-05-08 00:00:00
T02342,2026-05-06 00:00:00,Tracy Hayes,Rates,Swap,Chang-Peterson,Buy,15,376061.81,5640927.15,Booked,False,False,2026-05-06 12:36:00,,2026-05-08 00:00:00
T02343,2026-05-06 00:00:00,Sarah Silva,Rates,Swap,Morales-Woodard,Buy,16,788537.88,12616606.08,Booked,False,False,2026-05-06 12:41:00,,2026-05-08 00:00:00
T02344,2026-05-06 00:00:00,Pamela Hahn,FX,FX Forward,Chang-Peterson,Buy,3224662,1.1647,3755763.83,Booked,False,False,2026-05-06 12:55:00,,2026-06-04 00:00:00
T02345,2026-05-06 00:00:00,Pamela Hahn,FX,Option,Bishop LLC,Buy,397,1204.36,478130.92,Booked,False,False,2026-05-06 13:43:00,,2026-05-07 00:00:00
T02346,2026-05-06 00:00:00,Sarah Silva,Rates,Swap,Stanton-Wilkinson,Sell,19,407014.01,7733266.19,Booked,False,False,2026-05-06 14:02:00,,2026-05-08 00:00:00
T02347,2026-05-06 00:00:00,Raymond Williams,FX,Option,Larsen Ray and Young,Buy,859,757.84,650984.56,Booked,False,False,2026-05-06 14:09:00,,2026-05-07 00:00:00
T02348,2026-05-06 00:00:00,Natalie Castillo,Rates,Bond,Foster Jones and Reed,Buy,89249,108.856,9715289.14,Booked,False,False,2026-05-06 14:12:00,,2026-05-07 00:00:00
T02349,2026-05-06 00:00:00,Pamela Hahn,FX,FX Forward,Ellis Group,Buy,4983022,1.0284,5124539.82,Booked,False,False,2026-05-06 14:19:00,,2026-08-03 00:00:00
T02350,2026-05-06 00:00:00,Courtney Wagner,Equities,Equity,Mclaughlin PLC,Sell,320,342.88,109721.6,Booked,False,False,2026-05-06 14:21:00,,2026-05-07 00:00:00
T02351,2026-05-06 00:00:00,Courtney Wagner,Equities,Option,Chang-Peterson,Sell,3136,253.21,794066.56,Booked,False,False,2026-05-06 14:21:00,,2026-05-07 00:00:00
T02352,2026-05-06 00:00:00,Raymond Williams,FX,FX Forward,Wall PLC,Buy,7335821,1.1834,8681210.57,Booked,False,False,2026-05-06 15:08:00,,2026-06-04 00:00:00
T02353,2026-05-06 00:00:00,Tracy Hayes,Rates,Swap,Chang-Peterson,Buy,15,727087.47,10906312.05,Booked,False,False,2026-05-06 16:17:00,,2026-05-08 00:00:00
T02354,2026-05-06 00:00:00,Sarah Silva,Rates,Bond,Foster Jones and Reed,Sell,53780,96.669,5198858.82,Booked,False,False,2026-05-06 17:13:00,,2026-05-07 00:00:00
T02355,2026-05-07 00:00:00,Joshua Stevenson,Credit,Bond,Chang-Peterson,Sell,9536,92.884,885741.82,Booked,False,False,2026-05-07 07:00:00,,2026-05-08 00:00:00
T02356,2026-05-07 00:00:00,Margaret Arellano,Commodities,Option,Chang-Peterson,Sell,238,474.26,112873.88,Booked,False,False,2026-05-07 07:00:00,,2026-05-08 00:00:00
T02357,2026-05-07 00:00:00,Tracy Hayes,Rates,Swap,Chang-Peterson,Sell,87,421044.69,36630888.03,Booked,False,False,2026-05-07 07:07:00,,2026-05-11 00:00:00
T02358,2026-05-07 00:00:00,Joshua Stevenson,Credit,Swap,Nguyen Group,Sell,28,342105.07,9578941.96,Booked,False,False,2026-05-07 07:45:00,,2026-05-11 00:00:00
T02359,2026-05-07 00:00:00,Courtney Wagner,Equities,Equity,Larsen Ray and Young,Buy,3378,35.25,119074.5,Booked,False,False,2026-05-07 08:27:00,,2026-05-08 00:00:00
T02360,2026-05-07 00:00:00,David Williams,Equities,Equity,Chang-Peterson,Sell,1554,46.46,72198.84,Booked,False,False,2026-05-07 09:03:00,,2026-05-08 00:00:00
T02361,2026-05-07 00:00:00,Tracy Hayes,Rates,Swap,Chang-Peterson,Buy,38,682835.05,25947731.9,Booked,False,False,2026-05-07 09:32:00,,2026-05-11 00:00:00
T02362,2026-05-07 00:00:00,Pamela Hahn,FX,FX Forward,Miranda and Sons,Buy,2301170,0.9728,2238578.18,Booked,False,False,2026-05-07 10:00:00,,2026-08-04 00:00:00
T02363,2026-05-07 00:00:00,Pamela Hahn,FX,FX Forward,Chang-Peterson,Buy,322818,0.9486,306225.15,Booked,False,False,2026-05-07 10:51:00,,2026-08-04 00:00:00
T02364,2026-05-07 00:00:00,Courtney Wagner,Equities,Option,Crawford-Garrett,Buy,506,742.03,375467.18,Booked,False,False,2026-05-07 10:56:00,,2026-05-08 00:00:00
T02365,2026-05-07 00:00:00,Sarah Silva,Rates,Swap,Mclaughlin PLC,Buy,19,301347.29,5725598.51,Booked,False,False,2026-05-07 11:01:00,,2026-05-11 00:00:00
T02366,2026-05-07 00:00:00,Margaret Arellano,Commodities,Swap,Chang-Peterson,Sell,46,373989.94,17203537.24,Amended,True,False,2026-05-07 11:13:00,2026-05-08 15:47:00,2026-05-11 00:00:00
T02367,2026-05-07 00:00:00,Courtney Wagner,Equities,Equity,Allen Morgan and Reed,Buy,10656,196.45,2093371.2,Amended,True,False,2026-05-07 11:35:00,2026-05-08 23:00:00,2026-05-08 00:00:00
T02368,2026-05-07 00:00:00,Pamela Hahn,FX,FX Forward,Chang-Peterson,Sell,2590923,1.453,3764611.12,Amended,True,False,2026-05-07 11:41:00,2026-05-11 18:56:00,2026-07-06 00:00:00
T02369,2026-05-07 00:00:00,Pamela Hahn,FX,FX Forward,Mclaughlin PLC,Buy,1009506,0.8358,843745.11,Booked,False,False,2026-05-07 11:44:00,,2026-06-05 00:00:00
T02370,2026-05-07 00:00:00,Kevin Gutierrez,Equities,Equity,Wall PLC,Sell,1944,271.67,528126.48,Booked,False,False,2026-05-07 11:46:00,,2026-05-08 00:00:00
T02371,2026-05-07 00:00:00,Sarah Silva,Rates,Bond,Chang-Peterson,Buy,47074,99.312,4675013.09,Booked,False,False,2026-05-07 11:53:00,,2026-05-08 00:00:00
T02372,2026-05-07 00:00:00,Pamela Hahn,FX,FX Forward,Larsen Ray and Young,Buy,7595379,1.4624,11107482.25,Booked,False,False,2026-05-07 12:33:00,,2026-07-06 00:00:00
T02373,2026-05-07 00:00:00,Eddie Hernandez,Credit,Swap,Foster Jones and Reed,Buy,23,524767.91,12069661.93,Booked,False,False,2026-05-07 13:18:00,,2026-05-11 00:00:00
T02374,2026-05-07 00:00:00,Edward Taylor,Credit,Bond,Stanton-Wilkinson,Buy,49546,95.787,4745862.7,Booked,False,False,2026-05-07 13:40:00,,2026-05-08 00:00:00
T02375,2026-05-07 00:00:00,Kevin Gutierrez,Equities,Option,Dominguez and Sons,Buy,1517,1000.19,1517288.23,Booked,False,False,2026-05-07 13:42:00,,2026-05-08 00:00:00
T02376,2026-05-07 00:00:00,Edward Taylor,Credit,Swap,Foster Jones and Reed,Buy,13,641491.98,8339395.74,Booked,False,False,2026-05-07 13:44:00,,2026-05-11 00:00:00
T02377,2026-05-07 00:00:00,Joshua Wilson,Commodities,Option,Chang-Peterson,Buy,132,1177.28,155400.96,Booked,False,False,2026-05-07 13:59:00,,2026-05-08 00:00:00
T02378,2026-05-07 00:00:00,Natalie Castillo,Rates,Swap,Chang-Peterson,Sell,107,706884.8,75636673.6,Booked,False,False,2026-05-07 14:17:00,,2026-05-11 00:00:00
T02379,2026-05-07 00:00:00,Sarah Silva,Rates,Swap,Bishop LLC,Sell,25,287451.78,7186294.5,Amended,True,False,2026-05-07 14:29:00,2026-05-08 11:02:00,2026-05-11 00:00:00
T02380,2026-05-07 00:00:00,Pamela Hahn,FX,FX Forward,Dominguez and Sons,Buy,1393883,0.899,1253100.82,Amended,True,False,2026-05-07 14:34:00,2026-05-07 19:34:00,2026-06-05 00:00:00
T02381,2026-05-07 00:00:00,Sarah Silva,Rates,Swap,Larsen Ray and Young,Buy,5,858592.34,4292961.7,Booked,False,False,2026-05-07 14:55:00,,2026-05-11 00:00:00
T02382,2026-05-07 00:00:00,Margaret Arellano,Commodities,Swap,Santiago Reyes and Lynch,Buy,3,672506.3,2017518.9,Booked,False,False,2026-05-07 15:01:00,,2026-05-11 00:00:00
T02383,2026-05-07 00:00:00,Sarah Silva,Rates,Bond,Lee PLC,Sell,38652,105.601,4081689.85,Booked,False,False,2026-05-07 15:08:00,,2026-05-08 00:00:00
T02384,2026-05-07 00:00:00,Tracy Hayes,Rates,Bond,Foster Jones and Reed,Sell,11810,108.649,1283144.69,Amended,True,False,2026-05-07 15:24:00,2026-05-07 16:09:00,2026-05-08 00:00:00
T02385,2026-05-07 00:00:00,Tracy Hayes,Rates,Swap,Brown-Wiggins,Buy,13,982137.44,12767786.72,Booked,False,False,2026-05-07 15:29:00,,2026-05-11 00:00:00
T02386,2026-05-07 00:00:00,Kevin Gutierrez,Equities,Equity,Dominguez and Sons,Sell,689,61.75,42545.75,Booked,False,False,2026-05-07 15:59:00,,2026-05-08 00:00:00
T02387,2026-05-07 00:00:00,Courtney Wagner,Equities,Option,Anthony-Baker,Buy,866,515.2,446163.2,Booked,False,False,2026-05-07 16:01:00,,2026-05-08 00:00:00
T02388,2026-05-07 00:00:00,Pamela Hahn,FX,FX Forward,Santiago Reyes and Lynch,Buy,407240,1.6093,655371.33,Booked,False,False,2026-05-07 16:07:00,,2026-08-04 00:00:00
T02389,2026-05-07 00:00:00,Pamela Hahn,FX,FX Forward,Allen Morgan and Reed,Sell,1186392,1.2707,1507548.31,Booked,False,False,2026-05-07 16:36:00,,2026-06-05 00:00:00
T02390,2026-05-07 00:00:00,Pamela Hahn,FX,FX Forward,Bishop LLC,Sell,5097731,1.1596,5911328.87,Booked,False,False,2026-05-07 16:44:00,,2026-07-06 00:00:00
T02391,2026-05-07 00:00:00,Natalie Castillo,Rates,Bond,Brown-Wiggins,Buy,45441,97.083,4411548.6,Amended,True,False,2026-05-07 16:57:00,2026-05-11 13:05:00,2026-05-08 00:00:00
T02392,2026-05-07 00:00:00,Heather Garrett,Commodities,Swap,Larsen Ray and Young,Buy,63,482023.64,30367489.32,Booked,False,False,2026-05-07 18:41:00,,2026-05-11 00:00:00
T02393,2026-05-07 00:00:00,Pamela Hahn,FX,FX Forward,Miranda and Sons,Buy,2235831,1.5456,3455700.39,Amended,True,False,2026-05-07 19:18:00,2026-05-08 14:05:00,2026-07-06 00:00:00
T02394,2026-05-08 00:00:00,Dylan Lopez,FX,FX Forward,Mclaughlin PLC,Buy,2449453,1.2587,3083126.49,Booked,False,False,2026-05-08 08:06:00,,2026-06-08 00:00:00
T02395,2026-05-08 00:00:00,Raymond Williams,FX,FX Forward,Anthony-Baker,Buy,2669790,1.2391,3308136.79,Booked,False,False,2026-05-08 08:45:00,,2026-07-07 00:00:00
T02396,2026-05-08 00:00:00,Sarah Silva,Rates,Bond,Stanton-Wilkinson,Sell,40060,93.109,3729946.54,Booked,False,False,2026-05-08 08:48:00,,2026-05-11 00:00:00
T02397,2026-05-08 00:00:00,Raymond Williams,FX,FX Forward,Allen Morgan and Reed,Buy,1593891,1.5449,2462402.21,Booked,False,False,2026-05-08 08:58:00,,2026-06-08 00:00:00
T02398,2026-05-08 00:00:00,Kevin Gutierrez,Equities,Equity,Foster Jones and Reed,Buy,4168,348.27,1451589.36,Booked,False,False,2026-05-08 09:13:00,,2026-05-11 00:00:00
T02399,2026-05-08 00:00:00,David Williams,Equities,Equity,Ellis Group,Sell,5932,444.38,2636062.16,Booked,False,False,2026-05-08 09:30:00,,2026-05-11 00:00:00
T02400,2026-05-08 00:00:00,Sarah Silva,Rates,Swap,Wall PLC,Sell,37,882710.83,32660300.71,Booked,False,False,2026-05-08 09:48:00,,2026-05-12 00:00:00
T02401,2026-05-08 00:00:00,Raymond Williams,FX,Option,Larsen Ray and Young,Sell,1186,1198.79,1421764.94,Booked,False,False,2026-05-08 10:09:00,,2026-05-11 00:00:00
T02402,2026-05-08 00:00:00,Tracy Hayes,Rates,Swap,Nguyen Group,Sell,21,435277.57,9140828.97,Booked,False,False,2026-05-08 10:25:00,,2026-05-12 00:00:00
T02403,2026-05-08 00:00:00,Courtney Wagner,Equities,Equity,Bishop LLC,Sell,6403,342.95,2195908.85,Booked,False,False,2026-05-08 10:30:00,,2026-05-11 00:00:00
T02404,2026-05-08 00:00:00,Pamela Hahn,FX,Option,Ellis Group,Sell,383,171.86,65822.38,Booked,False,False,2026-05-08 11:21:00,,2026-05-11 00:00:00
T02405,2026-05-08 00:00:00,Raymond Williams,FX,FX Forward,Mclaughlin PLC,Buy,2197735,1.5353,3374182.55,Booked,False,False,2026-05-08 11:37:00,,2026-06-08 00:00:00
T02406,2026-05-08 00:00:00,Natalie Castillo,Rates,Bond,Stanton-Wilkinson,Buy,77824,96.88,7539589.12,Booked,False,False,2026-05-08 11:40:00,,2026-05-11 00:00:00
T02407,2026-05-08 00:00:00,Kevin Gutierrez,Equities,Equity,Foster Jones and Reed,Buy,1158,298.87,346091.46,Amended,True,False,2026-05-08 11:58:00,2026-05-08 16:58:00,2026-05-11 00:00:00
T02408,2026-05-08 00:00:00,Kevin Gutierrez,Equities,Equity,Larsen Ray and Young,Sell,21031,401.63,8446680.53,Booked,False,False,2026-05-08 12:28:00,,2026-05-11 00:00:00
T02409,2026-05-08 00:00:00,Natalie Castillo,Rates,Swap,Allen Morgan and Reed,Sell,61,657537.16,40109766.76,Booked,False,False,2026-05-08 12:41:00,,2026-05-12 00:00:00
T02410,2026-05-08 00:00:00,Edward Taylor,Credit,Bond,Crawford-Garrett,Sell,32794,102.3,3354826.2,Amended,True,False,2026-05-08 13:00:00,2026-05-11 13:36:00,2026-05-11 00:00:00
T02411,2026-05-08 00:00:00,Sarah Silva,Rates,Swap,Dominguez and Sons,Buy,4,756802.76,3027211.04,Booked,False,False,2026-05-08 13:28:00,,2026-05-12 00:00:00
T02412,2026-05-08 00:00:00,Tracy Hayes,Rates,Swap,Mitchell-Rodgers,Buy,16,809317.02,12949072.32,Booked,False,False,2026-05-08 14:05:00,,2026-05-12 00:00:00
T02413,2026-05-08 00:00:00,Edward Taylor,Credit,Bond,Stanton-Wilkinson,Sell,92798,93.187,8647567.23,Booked,False,False,2026-05-08 15:22:00,,2026-05-11 00:00:00
T02414,2026-05-08 00:00:00,Courtney Wagner,Equities,Equity,Larsen Ray and Young,Buy,6142,320.1,1966054.2,Booked,False,False,2026-05-08 15:36:00,,2026-05-11 00:00:00
T02415,2026-05-08 00:00:00,Pamela Hahn,FX,FX Forward,Sullivan-Baxter,Sell,1219241,1.0513,1281788.06,Booked,False,False,2026-05-08 16:20:00,,2026-08-05 00:00:00
T02416,2026-05-08 00:00:00,Eddie Hernandez,Credit,Swap,Stanton-Wilkinson,Sell,18,421052.1,7578937.8,Amended,True,False,2026-05-08 17:23:00,2026-05-12 17:18:00,2026-05-12 00:00:00
T02417,2026-05-08 00:00:00,Pamela Hahn,FX,FX Forward,Larsen Ray and Young,Buy,772316,1.0236,790542.66,Booked,False,False,2026-05-08 18:50:00,,2026-08-05 00:00:00
T02418,2026-05-11 00:00:00,Tracy Hayes,Rates,Swap,Mitchell-Rodgers,Buy,3,459431.07,1378293.21,Amended,True,False,2026-05-11 07:00:00,2026-05-11 16:29:00,2026-05-13 00:00:00
T02419,2026-05-11 00:00:00,Tracy Hayes,Rates,Bond,Miranda and Sons,Sell,18726,102.913,1927148.84,Booked,False,False,2026-05-11 07:00:00,,2026-05-12 00:00:00
T02420,2026-05-11 00:00:00,Pamela Hahn,FX,FX Forward,Morales-Woodard,Sell,3448552,1.278,4407249.46,Booked,False,False,2026-05-11 08:17:00,,2026-08-06 00:00:00
T02421,2026-05-11 00:00:00,Pamela Hahn,FX,FX Forward,Ellis Group,Sell,709037,1.2026,852687.9,Booked,False,False,2026-05-11 10:07:00,,2026-07-08 00:00:00
T02422,2026-05-11 00:00:00,Raymond Williams,FX,Option,Bishop LLC,Sell,1920,725.81,1393555.2,Amended,True,False,2026-05-11 10:30:00,2026-05-11 14:30:00,2026-05-12 00:00:00
T02423,2026-05-11 00:00:00,Tracy Hayes,Rates,Swap,Chang-Peterson,Buy,7,660855.8,4625990.6,Booked,False,False,2026-05-11 10:45:00,,2026-05-13 00:00:00
T02424,2026-05-11 00:00:00,Courtney Wagner,Equities,Equity,Anthony-Baker,Buy,3925,235.91,925946.75,Booked,False,False,2026-05-11 10:54:00,,2026-05-12 00:00:00
T02425,2026-05-11 00:00:00,Dylan Lopez,FX,Option,Foster Jones and Reed,Buy,1309,455.63,596419.67,Booked,False,False,2026-05-11 11:04:00,,2026-05-12 00:00:00
T02426,2026-05-11 00:00:00,Joshua Stevenson,Credit,Swap,Crawford-Garrett,Buy,58,883998.14,51271892.12,Amended,True,False,2026-05-11 11:11:00,2026-05-11 18:30:00,2026-05-13 00:00:00
T02427,2026-05-11 00:00:00,Kevin Gutierrez,Equities,Equity,Wall PLC,Buy,921,341.82,314816.22,Amended,True,False,2026-05-11 11:15:00,2026-05-11 12:00:00,2026-05-12 00:00:00
T02428,2026-05-11 00:00:00,Pamela Hahn,FX,FX Forward,Larsen Ray and Young,Sell,569392,1.389,790885.49,Booked,False,False,2026-05-11 11:20:00,,2026-06-09 00:00:00
T02429,2026-05-11 00:00:00,Heather Garrett,Commodities,Swap,Chang-Peterson,Buy,1,254387.27,254387.27,Booked,False,False,2026-05-11 11:20:00,,2026-05-13 00:00:00
T02430,2026-05-11 00:00:00,Pamela Hahn,FX,FX Forward,Chang-Peterson,Buy,1420104,0.9954,1413571.52,Booked,False,False,2026-05-11 11:32:00,,2026-07-08 00:00:00
T02431,2026-05-11 00:00:00,Tracy Hayes,Rates,Bond,Foster Jones and Reed,Sell,50991,108.769,5546240.08,Booked,False,False,2026-05-11 11:42:00,,2026-05-12 00:00:00
T02432,2026-05-11 00:00:00,Pamela Hahn,FX,FX Forward,Anthony-Baker,Sell,665631,1.4358,955712.99,Booked,False,False,2026-05-11 11:47:00,,2026-06-09 00:00:00
T02433,2026-05-11 00:00:00,Raymond Williams,FX,Option,Crawford-Garrett,Buy,3504,203.94,714605.76,Booked,False,False,2026-05-11 11:48:00,,2026-05-12 00:00:00
T02434,2026-05-11 00:00:00,Joshua Stevenson,Credit,Bond,Santiago Reyes and Lynch,Buy,43253,93.444,4041733.33,Booked,False,False,2026-05-11 12:29:00,,2026-05-12 00:00:00
T02435,2026-05-11 00:00:00,Eddie Hernandez,Credit,Bond,Anthony-Baker,Buy,15772,89.274,1408029.53,Booked,False,False,2026-05-11 12:33:00,,2026-05-12 00:00:00
T02436,2026-05-11 00:00:00,Tracy Hayes,Rates,Swap,Ellis Group,Buy,9,280899.26,2528093.34,Booked,False,False,2026-05-11 12:49:00,,2026-05-13 00:00:00
T02437,2026-05-11 00:00:00,Pamela Hahn,FX,FX Forward,Sullivan-Baxter,Buy,2222443,1.4713,3269880.39,Cancelled,True,True,2026-05-11 12:54:00,2026-05-20 14:55:00,2026-06-09 00:00:00
T02438,2026-05-11 00:00:00,Raymond Williams,FX,FX Forward,Dominguez and Sons,Buy,4689560,1.4781,6931638.64,Booked,False,False,2026-05-11 12:59:00,,2026-08-06 00:00:00
T02439,2026-05-11 00:00:00,Kevin Gutierrez,Equities,Option,Mcconnell-Fisher,Buy,775,290.31,224990.25,Booked,False,False,2026-05-11 13:06:00,,2026-05-12 00:00:00
T02440,2026-05-11 00:00:00,Joshua Wilson,Commodities,Swap,Miranda and Sons,Sell,7,922322.93,6456260.51,Booked,False,False,2026-05-11 13:06:00,,2026-05-13 00:00:00
T02441,2026-05-11 00:00:00,Kevin Gutierrez,Equities,Equity,Stanton-Wilkinson,Buy,4649,177.89,827010.61,Booked,False,False,2026-05-11 13:16:00,,2026-05-12 00:00:00
T02442,2026-05-11 00:00:00,Eddie Hernandez,Credit,Bond,Morales-Woodard,Buy,198545,103.64,20577203.8,Cancelled,True,True,2026-05-11 13:28:00,2026-05-12 17:49:00,2026-05-12 00:00:00
T02443,2026-05-11 00:00:00,Pamela Hahn,FX,FX Forward,Crawford-Garrett,Buy,558484542,1.0783,602213881.64,Booked,False,False,2026-05-11 14:16:00,,2026-07-08 00:00:00
T02444,2026-05-11 00:00:00,Courtney Wagner,Equities,Equity,Chang-Peterson,Buy,5691,423.24,2408658.84,Booked,False,False,2026-05-11 14:17:00,,2026-05-12 00:00:00
T02445,2026-05-11 00:00:00,Tracy Hayes,Rates,Bond,Bishop LLC,Sell,17389,91.397,1589302.43,Booked,False,False,2026-05-11 14:32:00,,2026-05-12 00:00:00
T02446,2026-05-11 00:00:00,Tracy Hayes,Rates,Bond,Fernandez-Ferguson,Buy,9073,106.449,965811.78,Amended,True,False,2026-05-11 14:32:00,2026-05-12 13:49:00,2026-05-12 00:00:00
T02447,2026-05-11 00:00:00,Courtney Wagner,Equities,Equity,Larsen Ray and Young,Buy,10350,221.92,2296872.0,Booked,False,False,2026-05-11 14:34:00,,2026-05-12 00:00:00
T02448,2026-05-11 00:00:00,Tracy Hayes,Rates,Bond,Anthony-Baker,Buy,8234,96.362,793444.71,Booked,False,False,2026-05-11 14:54:00,,2026-05-12 00:00:00
T02449,2026-05-11 00:00:00,Tracy Hayes,Rates,Bond,Chang-Peterson,Sell,33779,93.041,3142831.94,Booked,False,False,2026-05-11 15:03:00,,2026-05-12 00:00:00
T02450,2026-05-11 00:00:00,Raymond Williams,FX,FX Forward,Wall PLC,Buy,1846001,1.3652,2520160.57,Booked,False,False,2026-05-11 15:23:00,,2026-07-08 00:00:00
T02451,2026-05-11 00:00:00,Heather Garrett,Commodities,Swap,Larsen Ray and Young,Buy,5,893634.54,4468172.7,Booked,False,False,2026-05-11 15:49:00,,2026-05-13 00:00:00
T02452,2026-05-11 00:00:00,Kevin Gutierrez,Equities,Equity,Stanton-Wilkinson,Sell,1537,400.19,615092.03,Cancelled,True,True,2026-05-11 16:28:00,2026-05-11 17:13:00,2026-05-12 00:00:00
T02453,2026-05-11 00:00:00,Heather Garrett,Commodities,Swap,Ellis Group,Sell,16,294668.49,4714695.84,Booked,False,False,2026-05-11 16:52:00,,2026-05-13 00:00:00
T02454,2026-05-12 00:00:00,Courtney Wagner,Equities,Equity,Chang-Peterson,Sell,7655,402.88,3084046.4,Booked,False,False,2026-05-12 07:53:00,,2026-05-13 00:00:00
T02455,2026-05-12 00:00:00,Sarah Silva,Rates,Swap,Santiago Reyes and Lynch,Buy,6,891968.55,5351811.3,Booked,False,False,2026-05-12 08:22:00,,2026-05-14 00:00:00
T02456,2026-05-12 00:00:00,Courtney Wagner,Equities,Equity,Foster Jones and Reed,Sell,7038,283.12,1992598.56,Booked,False,False,2026-05-12 09:01:00,,2026-05-13 00:00:00
T02457,2026-05-12 00:00:00,Courtney Wagner,Equities,Equity,Chang-Peterson,Sell,17164,385.65,6619296.6,Booked,False,False,2026-05-12 09:18:00,,2026-05-13 00:00:00
T02458,2026-05-12 00:00:00,Tracy Hayes,Rates,Swap,Chang-Peterson,Sell,7,444400.62,3110804.34,Booked,False,False,2026-05-12 09:24:00,,2026-05-14 00:00:00
T02459,2026-05-12 00:00:00,David Williams,Equities,Equity,Mitchell-Rodgers,Sell,6951,474.97,3301516.47,Booked,False,False,2026-05-12 10:30:00,,2026-05-13 00:00:00
T02460,2026-05-12 00:00:00,Pamela Hahn,FX,FX Forward,Anthony-Baker,Buy,1194619,1.1525,1376798.4,Cancelled,True,True,2026-05-12 10:30:00,2026-05-12 12:19:00,2026-07-09 00:00:00
T02461,2026-05-12 00:00:00,Tracy Hayes,Rates,Swap,Fernandez-Ferguson,Sell,38,602642.62,22900419.56,Booked,False,False,2026-05-12 10:45:00,,2026-05-14 00:00:00
T02462,2026-05-12 00:00:00,Natalie Castillo,Rates,Swap,Bishop LLC,Sell,12,421112.81,5053353.72,Booked,False,False,2026-05-12 11:06:00,,2026-05-14 00:00:00
T02463,2026-05-12 00:00:00,Kevin Gutierrez,Equities,Equity,Mclaughlin PLC,Sell,2051,23.42,48034.42,Booked,False,False,2026-05-12 11:14:00,,2026-05-13 00:00:00
T02464,2026-05-12 00:00:00,Tracy Hayes,Rates,Bond,Crawford-Garrett,Buy,6603,95.209,628665.03,Booked,False,False,2026-05-12 12:09:00,,2026-05-13 00:00:00
T02465,2026-05-12 00:00:00,Margaret Arellano,Commodities,Swap,Crawford-Garrett,Buy,11,775340.33,8528743.63,Booked,False,False,2026-05-12 12:21:00,,2026-05-14 00:00:00
T02466,2026-05-12 00:00:00,Courtney Wagner,Equities,Equity,Crawford-Garrett,Buy,6560,295.0,1935200.0,Booked,False,False,2026-05-12 12:34:00,,2026-05-13 00:00:00
T02467,2026-05-12 00:00:00,Eddie Hernandez,Credit,Swap,Wall PLC,Buy,10,703756.06,7037560.6,Booked,False,False,2026-05-12 12:38:00,,2026-05-14 00:00:00
T02468,2026-05-12 00:00:00,Sarah Silva,Rates,Bond,Powell Clark and Lopez,Sell,98594,95.547,9420360.92,Booked,False,False,2026-05-12 12:52:00,,2026-05-13 00:00:00
T02469,2026-05-12 00:00:00,Raymond Williams,FX,FX Forward,Dominguez and Sons,Buy,4918946,0.9535,4690215.01,Booked,False,False,2026-05-12 12:59:00,,2026-08-07 00:00:00
T02470,2026-05-12 00:00:00,Joshua Stevenson,Credit,Bond,Anthony-Baker,Buy,55654,111.858,6225345.13,Booked,False,False,2026-05-12 13:01:00,,2026-05-13 00:00:00
T02471,2026-05-12 00:00:00,Sarah Silva,Rates,Swap,Wright and Sons,Sell,8,461771.16,3694169.28,Booked,False,False,2026-05-12 13:36:00,,2026-05-14 00:00:00
T02472,2026-05-12 00:00:00,Raymond Williams,FX,FX Forward,Lee PLC,Buy,1373666,1.1962,1643179.27,Amended,True,False,2026-05-12 13:36:00,2026-05-12 13:45:00,2026-08-07 00:00:00
T02473,2026-05-12 00:00:00,Natalie Castillo,Rates,Bond,Foster Jones and Reed,Buy,180774,109.709,19832534.77,Booked,False,False,2026-05-12 13:48:00,,2026-05-13 00:00:00
T02474,2026-05-12 00:00:00,Sarah Silva,Rates,Bond,Ellis Group,Sell,98217,100.943,9914318.63,Booked,False,False,2026-05-12 13:58:00,,2026-05-13 00:00:00
T02475,2026-05-12 00:00:00,Tracy Hayes,Rates,Swap,Santiago Reyes and Lynch,Sell,15,729300.9,10939513.5,Booked,False,False,2026-05-12 14:39:00,,2026-05-14 00:00:00
T02476,2026-05-12 00:00:00,Pamela Hahn,FX,Option,Fernandez-Ferguson,Buy,3167,568.52,1800502.84,Booked,False,False,2026-05-12 14:47:00,,2026-05-13 00:00:00
T02477,2026-05-12 00:00:00,Natalie Castillo,Rates,Bond,Wright and Sons,Buy,85398,100.797,8607862.21,Booked,False,False,2026-05-12 14:49:00,,2026-05-13 00:00:00
T02478,2026-05-12 00:00:00,Eddie Hernandez,Credit,Bond,Santiago Reyes and Lynch,Buy,13473,89.725,1208864.92,Booked,False,False,2026-05-12 15:03:00,,2026-05-13 00:00:00
T02479,2026-05-12 00:00:00,Natalie Castillo,Rates,Bond,Anthony-Baker,Sell,38235,93.035,3557193.22,Booked,False,False,2026-05-12 15:38:00,,2026-05-13 00:00:00
T02480,2026-05-12 00:00:00,Heather Garrett,Commodities,Option,Ellis Group,Buy,565,313.65,177212.25,Booked,False,False,2026-05-12 15:40:00,,2026-05-13 00:00:00
T02481,2026-05-12 00:00:00,Joshua Stevenson,Credit,Bond,Wall PLC,Buy,7763,106.989,830555.61,Booked,False,False,2026-05-12 16:54:00,,2026-05-13 00:00:00
T02482,2026-05-13 00:00:00,Sarah Silva,Rates,Bond,Chang-Peterson,Buy,32344,99.902,3231230.29,Booked,False,False,2026-05-13 07:00:00,,2026-05-14 00:00:00
T02483,2026-05-13 00:00:00,Courtney Wagner,Equities,Equity,Lam-Gonzalez,Buy,5004,390.77,1955413.08,Cancelled,True,True,2026-05-13 08:27:00,2026-05-13 15:11:00,2026-05-14 00:00:00
T02484,2026-05-13 00:00:00,Joshua Stevenson,Credit,Swap,Chang-Peterson,Buy,3,432744.92,1298234.76,Booked,False,False,2026-05-13 08:45:00,,2026-05-15 00:00:00
T02485,2026-05-13 00:00:00,Tracy Hayes,Rates,Bond,Bishop LLC,Buy,13279,94.91,1260309.89,Booked,False,False,2026-05-13 09:50:00,,2026-05-14 00:00:00
T02486,2026-05-13 00:00:00,Tracy Hayes,Rates,Bond,Morales-Woodard,Buy,54332,98.954,5376368.73,Booked,False,False,2026-05-13 09:58:00,,2026-05-14 00:00:00
T02487,2026-05-13 00:00:00,Margaret Arellano,Commodities,Option,Chang-Peterson,Sell,2277,223.93,509888.61,Booked,False,False,2026-05-13 11:16:00,,2026-05-14 00:00:00
T02488,2026-05-13 00:00:00,Courtney Wagner,Equities,Option,Crawford-Garrett,Buy,2041,72.05,147054.05,Amended,True,False,2026-05-13 11:36:00,2026-05-18 09:45:00,2026-05-14 00:00:00
T02489,2026-05-13 00:00:00,Kevin Gutierrez,Equities,Equity,Fernandez-Ferguson,Buy,6851,185.91,1273669.41,Booked,False,False,2026-05-13 11:43:00,,2026-05-14 00:00:00
T02490,2026-05-13 00:00:00,Tracy Hayes,Rates,Bond,Lee PLC,Sell,64206,101.961,6546507.97,Booked,False,False,2026-05-13 11:48:00,,2026-05-14 00:00:00
T02491,2026-05-13 00:00:00,Joshua Stevenson,Credit,Bond,Mclaughlin PLC,Sell,45898,102.336,4697017.73,Booked,False,False,2026-05-13 12:18:00,,2026-05-14 00:00:00
T02492,2026-05-13 00:00:00,Tracy Hayes,Rates,Bond,Lam-Gonzalez,Sell,23911,106.622,2549438.64,Booked,False,False,2026-05-13 12:28:00,,2026-05-14 00:00:00
T02493,2026-05-13 00:00:00,Tracy Hayes,Rates,Bond,Chang-Peterson,Buy,122926,92.513,11372253.04,Booked,False,False,2026-05-13 12:31:00,,2026-05-14 00:00:00
T02494,2026-05-13 00:00:00,Margaret Arellano,Commodities,Swap,Foster Jones and Reed,Buy,33,570780.44,18835754.52,Booked,False,False,2026-05-13 12:43:00,,2026-05-15 00:00:00
T02495,2026-05-13 00:00:00,Pamela Hahn,FX,FX Forward,Miranda and Sons,Sell,1363501,1.0499,1431539.7,Booked,False,False,2026-05-13 12:45:00,,2026-06-11 00:00:00
T02496,2026-05-13 00:00:00,Natalie Castillo,Rates,Bond,Foster Jones and Reed,Sell,49598,93.638,4644257.52,Booked,False,False,2026-05-13 13:27:00,,2026-05-14 00:00:00
T02497,2026-05-13 00:00:00,Edward Taylor,Credit,Bond,Ellis Group,Sell,84543,102.909,8700235.59,Booked,False,False,2026-05-13 13:45:00,,2026-05-14 00:00:00
T02498,2026-05-13 00:00:00,Raymond Williams,FX,FX Forward,Chang-Peterson,Buy,2824072,1.4441,4078242.38,Booked,False,False,2026-05-13 14:22:00,,2026-07-10 00:00:00
T02499,2026-05-13 00:00:00,Pamela Hahn,FX,FX Forward,Chang-Peterson,Buy,19042016,1.3912,26491252.66,Amended,True,False,2026-05-13 14:24:00,2026-05-14 11:53:00,2026-07-10 00:00:00
T02500,2026-05-13 00:00:00,Kevin Gutierrez,Equities,Equity,Dominguez and Sons,Sell,16077,77.15,1240340.55,Booked,False,False,2026-05-13 14:47:00,,2026-05-14 00:00:00
T02501,2026-05-13 00:00:00,David Williams,Equities,Option,Mcconnell-Fisher,Buy,419,147.57,61831.83,Booked,False,False,2026-05-13 14:48:00,,2026-05-14 00:00:00
T02502,2026-05-13 00:00:00,Pamela Hahn,FX,FX Forward,Bishop LLC,Buy,772653,1.3439,1038368.37,Booked,False,False,2026-05-13 15:07:00,,2026-06-11 00:00:00
T02503,2026-05-13 00:00:00,Pamela Hahn,FX,FX Forward,Dominguez and Sons,Buy,5734777,0.8413,4824667.89,Booked,False,False,2026-05-13 15:11:00,,2026-08-10 00:00:00
T02504,2026-05-13 00:00:00,Joshua Stevenson,Credit,Swap,Larsen Ray and Young,Buy,12,250700.75,3008409.0,Booked,False,False,2026-05-13 15:32:00,,2026-05-15 00:00:00
T02505,2026-05-13 00:00:00,Tracy Hayes,Rates,Swap,Dominguez and Sons,Sell,10,330857.2,3308572.0,Booked,False,False,2026-05-13 16:21:00,,2026-05-15 00:00:00
T02506,2026-05-13 00:00:00,Joshua Wilson,Commodities,Option,Nguyen Group,Buy,65,1013.59,65883.35,Booked,False,False,2026-05-13 16:24:00,,2026-05-14 00:00:00
T02507,2026-05-13 00:00:00,Tracy Hayes,Rates,Swap,Miranda and Sons,Sell,6,686862.43,4121174.58,Booked,False,False,2026-05-13 17:40:00,,2026-05-15 00:00:00
T02508,2026-05-13 00:00:00,Pamela Hahn,FX,FX Forward,Crawford-Garrett,Buy,4096481,1.1683,4785918.75,Booked,False,False,2026-05-13 17:49:00,,2026-06-11 00:00:00
T02509,2026-05-14 00:00:00,Courtney Wagner,Equities,Equity,Larsen Ray and Young,Buy,3174,391.79,1243541.46,Booked,False,False,2026-05-14 09:00:00,,2026-05-15 00:00:00
T02510,2026-05-14 00:00:00,Heather Garrett,Commodities,Option,Mcconnell-Fisher,Sell,2121,744.46,1578999.66,Booked,False,False,2026-05-14 09:08:00,,2026-05-15 00:00:00
T02511,2026-05-14 00:00:00,Kevin Gutierrez,Equities,Equity,Mclaughlin PLC,Sell,1276,167.99,214355.24,Booked,False,False,2026-05-14 10:06:00,,2026-05-15 00:00:00
T02512,2026-05-14 00:00:00,Raymond Williams,FX,Option,Stanton-Wilkinson,Buy,945,829.37,783754.65,Booked,False,False,2026-05-14 10:26:00,,2026-05-15 00:00:00
T02513,2026-05-14 00:00:00,Courtney Wagner,Equities,Equity,Wall PLC,Sell,8621,303.49,2616387.29,Booked,False,False,2026-05-14 10:56:00,,2026-05-15 00:00:00
T02514,2026-05-14 00:00:00,Sarah Silva,Rates,Bond,Lee PLC,Sell,17513,106.486,1864889.32,Booked,False,False,2026-05-14 11:06:00,,2026-05-15 00:00:00
T02515,2026-05-14 00:00:00,Tracy Hayes,Rates,Bond,Chang-Peterson,Sell,12929,94.517,1222010.29,Cancelled,True,True,2026-05-14 11:09:00,2026-05-15 16:38:00,2026-05-15 00:00:00
T02516,2026-05-14 00:00:00,Heather Garrett,Commodities,Swap,Mclaughlin PLC,Buy,8,943495.81,7547966.48,Amended,True,False,2026-05-14 11:26:00,2026-06-02 14:10:00,2026-05-18 00:00:00
T02517,2026-05-14 00:00:00,Pamela Hahn,FX,FX Forward,Wall PLC,Sell,356673,1.3367,476764.8,Booked,False,False,2026-05-14 11:38:00,,2026-07-13 00:00:00
T02518,2026-05-14 00:00:00,Natalie Castillo,Rates,Bond,Larsen Ray and Young,Buy,36444,103.701,3779279.24,Amended,True,False,2026-05-14 12:27:00,2026-05-29 14:31:00,2026-05-15 00:00:00
T02519,2026-05-14 00:00:00,Dylan Lopez,FX,Option,Santiago Reyes and Lynch,Buy,279,149.81,41796.99,Booked,False,False,2026-05-14 12:38:00,,2026-05-15 00:00:00
T02520,2026-05-14 00:00:00,Courtney Wagner,Equities,Equity,Larsen Ray and Young,Sell,20627,392.78,8101873.06,Booked,False,False,2026-05-14 12:49:00,,2026-05-15 00:00:00
T02521,2026-05-14 00:00:00,Tracy Hayes,Rates,Swap,Anthony-Baker,Sell,21,791231.1,16615853.1,Booked,False,False,2026-05-14 12:55:00,,2026-05-18 00:00:00
T02522,2026-05-14 00:00:00,Courtney Wagner,Equities,Equity,Chang-Peterson,Sell,1252,402.25,503617.0,Booked,False,False,2026-05-14 13:04:00,,2026-05-15 00:00:00
T02523,2026-05-14 00:00:00,Sarah Silva,Rates,Bond,Stanton-Wilkinson,Buy,16032,105.274,1687752.77,Booked,False,False,2026-05-14 13:54:00,,2026-05-15 00:00:00
T02524,2026-05-14 00:00:00,Kevin Gutierrez,Equities,Option,Chang-Peterson,Sell,1680,594.52,998793.6,Booked,False,False,2026-05-14 14:14:00,,2026-05-15 00:00:00
T02525,2026-05-14 00:00:00,Dylan Lopez,FX,FX Forward,Foster Jones and Reed,Buy,549468,1.0671,586337.3,Amended,True,False,2026-05-14 14:33:00,2026-05-14 15:31:00,2026-07-13 00:00:00
T02526,2026-05-14 00:00:00,Raymond Williams,FX,Option,Powell Clark and Lopez,Buy,909,451.72,410613.48,Booked,False,False,2026-05-14 14:49:00,,2026-05-15 00:00:00
T02527,2026-05-14 00:00:00,Heather Garrett,Commodities,Option,Brown-Wiggins,Sell,1464,85.72,125494.08,Booked,False,False,2026-05-14 14:49:00,,2026-05-15 00:00:00
T02528,2026-05-14 00:00:00,Joshua Stevenson,Credit,Swap,Stanton-Wilkinson,Sell,13,908680.59,11812847.67,Booked,False,False,2026-05-14 15:26:00,,2026-05-18 00:00:00
T02529,2026-05-14 00:00:00,Courtney Wagner,Equities,Equity,Larsen Ray and Young,Sell,6119,110.31,674986.89,Booked,False,False,2026-05-14 16:52:00,,2026-05-15 00:00:00
T02530,2026-05-14 00:00:00,Eddie Hernandez,Credit,Bond,Fernandez-Ferguson,Buy,5805,91.868,533293.74,Booked,False,False,2026-05-14 17:13:00,,2026-05-15 00:00:00
T02531,2026-05-14 00:00:00,Tracy Hayes,Rates,Bond,Mclaughlin PLC,Buy,20367,92.395,1881808.96,Booked,False,False,2026-05-14 17:36:00,,2026-05-15 00:00:00
T02532,2026-05-14 00:00:00,Raymond Williams,FX,FX Forward,Bishop LLC,Sell,1308377,1.1119,1454784.39,Booked,False,False,2026-05-14 17:58:00,,2026-07-13 00:00:00
T02533,2026-05-15 00:00:00,Sarah Silva,Rates,Swap,Morales-Woodard,Sell,5,523647.36,2618236.8,Booked,False,False,2026-05-15 08:10:00,,2026-05-19 00:00:00
T02534,2026-05-15 00:00:00,Kevin Gutierrez,Equities,Option,Larsen Ray and Young,Sell,616,1171.19,721453.04,Booked,False,False,2026-05-15 09:54:00,,2026-05-18 00:00:00
T02535,2026-05-15 00:00:00,Courtney Wagner,Equities,Equity,Chang-Peterson,Buy,4339,203.02,880903.78,Cancelled,True,True,2026-05-15 09:58:00,2026-05-19 15:25:00,2026-05-18 00:00:00
T02536,2026-05-15 00:00:00,Sarah Silva,Rates,Bond,Crawford-Garrett,Sell,31722,92.292,2927686.82,Booked,False,False,2026-05-15 10:03:00,,2026-05-18 00:00:00
T02537,2026-05-15 00:00:00,Edward Taylor,Credit,Bond,Chang-Peterson,Sell,5477,104.966,574898.78,Booked,False,False,2026-05-15 10:07:00,,2026-05-18 00:00:00
T02538,2026-05-15 00:00:00,Pamela Hahn,FX,FX Forward,Wall PLC,Buy,531545,1.3048,693559.92,Booked,False,False,2026-05-15 10:22:00,,2026-07-14 00:00:00
T02539,2026-05-15 00:00:00,Tracy Hayes,Rates,Swap,Chang-Peterson,Buy,51,990472.71,50514108.21,Booked,False,False,2026-05-15 10:33:00,,2026-05-19 00:00:00
T02540,2026-05-15 00:00:00,Courtney Wagner,Equities,Equity,Chang-Peterson,Buy,3943,340.43,1342315.49,Booked,False,False,2026-05-15 10:44:00,,2026-05-18 00:00:00
T02541,2026-05-15 00:00:00,Kevin Gutierrez,Equities,Equity,Stanton-Wilkinson,Sell,4424,234.97,1039507.28,Booked,False,False,2026-05-15 11:23:00,,2026-05-18 00:00:00
T02542,2026-05-15 00:00:00,Courtney Wagner,Equities,Equity,Chang-Peterson,Buy,7950,163.46,1299507.0,Amended,True,False,2026-05-15 12:07:00,2026-05-19 17:58:00,2026-05-18 00:00:00
T02543,2026-05-15 00:00:00,Courtney Wagner,Equities,Equity,Dominguez and Sons,Sell,1360,52.76,71753.6,Amended,True,False,2026-05-15 12:13:00,2026-05-15 12:58:00,2026-05-18 00:00:00
T02544,2026-05-15 00:00:00,Raymond Williams,FX,FX Forward,Lee PLC,Sell,659824,0.8998,593709.64,Amended,True,False,2026-05-15 12:16:00,2026-05-15 18:03:00,2026-06-15 00:00:00
T02545,2026-05-15 00:00:00,Pamela Hahn,FX,FX Forward,Stanton-Wilkinson,Sell,4670635,1.3429,6272195.74,Booked,False,False,2026-05-15 12:18:00,,2026-07-14 00:00:00
T02546,2026-05-15 00:00:00,Margaret Arellano,Commodities,Swap,Brown-Wiggins,Buy,45,442153.34,19896900.3,Booked,False,False,2026-05-15 12:28:00,,2026-05-19 00:00:00
T02547,2026-05-15 00:00:00,Kevin Gutierrez,Equities,Equity,Wall PLC,Sell,1747,188.59,329466.73,Booked,False,False,2026-05-15 12:33:00,,2026-05-18 00:00:00
T02548,2026-05-15 00:00:00,Pamela Hahn,FX,FX Forward,Stanton-Wilkinson,Buy,1980536,1.2133,2402984.33,Booked,False,False,2026-05-15 12:51:00,,2026-06-15 00:00:00
T02549,2026-05-15 00:00:00,Edward Taylor,Credit,Swap,Chang-Peterson,Sell,2,810736.47,1621472.94,Booked,False,False,2026-05-15 13:31:00,,2026-05-19 00:00:00
T02550,2026-05-15 00:00:00,Courtney Wagner,Equities,Equity,Mcconnell-Fisher,Buy,1157,12.07,13964.99,Booked,False,False,2026-05-15 13:46:00,,2026-05-18 00:00:00
T02551,2026-05-15 00:00:00,Courtney Wagner,Equities,Equity,Chang-Peterson,Buy,13367,329.92,4410040.64,Booked,False,False,2026-05-15 13:48:00,,2026-05-18 00:00:00
T02552,2026-05-15 00:00:00,Tracy Hayes,Rates,Swap,Mclaughlin PLC,Sell,3,719375.82,2158127.46,Booked,False,False,2026-05-15 13:50:00,,2026-05-19 00:00:00
T02553,2026-05-15 00:00:00,Dylan Lopez,FX,FX Forward,Anthony-Baker,Sell,2212793,1.2732,2817328.05,Booked,False,False,2026-05-15 14:02:00,,2026-06-15 00:00:00
T02554,2026-05-15 00:00:00,Edward Taylor,Credit,Bond,Powell Clark and Lopez,Buy,6121,94.932,581078.77,Booked,False,False,2026-05-15 14:10:00,,2026-05-18 00:00:00
T02555,2026-05-15 00:00:00,Sarah Silva,Rates,Bond,Ellis Group,Buy,42305,104.237,4409746.28,Booked,False,False,2026-05-15 14:13:00,,2026-05-18 00:00:00
T02556,2026-05-15 00:00:00,Natalie Castillo,Rates,Bond,Fernandez-Ferguson,Buy,11239,111.333,1251271.59,Booked,False,False,2026-05-15 14:28:00,,2026-05-18 00:00:00
T02557,2026-05-15 00:00:00,Tracy Hayes,Rates,Bond,Powell Clark and Lopez,Buy,31358,99.934,3133730.37,Cancelled,True,True,2026-05-15 14:30:00,2026-05-19 13:19:00,2026-05-18 00:00:00
T02558,2026-05-15 00:00:00,Sarah Silva,Rates,Swap,Crawford-Garrett,Buy,32,694408.23,22221063.36,Booked,False,False,2026-05-15 14:31:00,,2026-05-19 00:00:00
T02559,2026-05-15 00:00:00,Tracy Hayes,Rates,Swap,Anthony-Baker,Buy,14,758052.5,10612735.0,Booked,False,False,2026-05-15 14:38:00,,2026-05-19 00:00:00
T02560,2026-05-15 00:00:00,Heather Garrett,Commodities,Option,Chang-Peterson,Buy,1050,519.02,544971.0,Booked,False,False,2026-05-15 14:44:00,,2026-05-18 00:00:00
T02561,2026-05-15 00:00:00,Joshua Stevenson,Credit,Swap,Bishop LLC,Buy,42,436871.36,18348597.12,Amended,True,False,2026-05-15 14:46:00,2026-05-18 17:36:00,2026-05-19 00:00:00
T02562,2026-05-15 00:00:00,Sarah Silva,Rates,Bond,Nguyen Group,Sell,27236,92.446,2517859.26,Booked,False,False,2026-05-15 15:09:00,,2026-05-18 00:00:00
T02563,2026-05-15 00:00:00,Joshua Stevenson,Credit,Bond,Powell Clark and Lopez,Sell,26749,91.452,2446249.55,Booked,False,False,2026-05-15 15:12:00,,2026-05-18 00:00:00
T02564,2026-05-15 00:00:00,Tracy Hayes,Rates,Swap,Chang-Peterson,Buy,19,404146.1,7678775.9,Booked,False,False,2026-05-15 15:15:00,,2026-05-19 00:00:00
T02565,2026-05-15 00:00:00,Joshua Stevenson,Credit,Bond,Ellis Group,Sell,11549,101.257,1169417.09,Booked,False,False,2026-05-15 15:16:00,,2026-05-18 00:00:00
T02566,2026-05-15 00:00:00,Joshua Stevenson,Credit,Bond,Bishop LLC,Buy,17120,104.285,1785359.2,Booked,False,False,2026-05-15 15:23:00,,2026-05-18 00:00:00
T02567,2026-05-15 00:00:00,Courtney Wagner,Equities,Equity,Anthony-Baker,Sell,9506,462.23,4393958.38,Booked,False,False,2026-05-15 15:30:00,,2026-05-18 00:00:00
T02568,2026-05-15 00:00:00,Pamela Hahn,FX,FX Forward,Chang-Peterson,Sell,2316837,1.208,2798739.1,Booked,False,False,2026-05-15 15:49:00,,2026-08-12 00:00:00
T02569,2026-05-15 00:00:00,Heather Garrett,Commodities,Swap,Mcconnell-Fisher,Sell,16,961740.57,15387849.12,Amended,True,False,2026-05-15 15:55:00,2026-05-20 11:21:00,2026-05-19 00:00:00
T02570,2026-05-15 00:00:00,Sarah Silva,Rates,Bond,Stanton-Wilkinson,Sell,5397,103.9,560748.3,Booked,False,False,2026-05-15 16:10:00,,2026-05-18 00:00:00
T02571,2026-05-15 00:00:00,Margaret Arellano,Commodities,Swap,Mitchell-Rodgers,Sell,42,506497.6,21272899.2,Booked,False,False,2026-05-15 16:32:00,,2026-05-19 00:00:00
T02572,2026-05-15 00:00:00,Raymond Williams,FX,FX Forward,Wall PLC,Buy,4763538,1.1073,5274665.63,Booked,False,False,2026-05-15 16:36:00,,2026-06-15 00:00:00
T02573,2026-05-15 00:00:00,Joshua Stevenson,Credit,Bond,Wall PLC,Buy,22448,103.894,2332212.51,Booked,False,False,2026-05-15 16:37:00,,2026-05-18 00:00:00
T02574,2026-05-15 00:00:00,Raymond Williams,FX,FX Forward,Larsen Ray and Young,Sell,1243566,0.8157,1014376.79,Booked,False,False,2026-05-15 17:05:00,,2026-08-12 00:00:00
T02575,2026-05-15 00:00:00,Tracy Hayes,Rates,Swap,Wright and Sons,Buy,7,925662.13,6479634.91,Booked,False,False,2026-05-15 18:40:00,,2026-05-19 00:00:00
T02576,2026-05-15 00:00:00,Tracy Hayes,Rates,Swap,Stanton-Wilkinson,Buy,1,519957.73,519957.73,Booked,False,False,2026-05-15 21:16:00,,2026-05-19 00:00:00
T02577,2026-05-18 00:00:00,Sarah Silva,Rates,Bond,Anthony-Baker,Buy,35096,88.94,3121438.24,Booked,False,False,2026-05-18 07:22:00,,2026-05-19 00:00:00
T02578,2026-05-18 00:00:00,Dylan Lopez,FX,FX Forward,Nguyen Group,Sell,866517,1.4185,1229154.36,Amended,True,False,2026-05-18 08:15:00,2026-05-19 16:17:00,2026-06-16 00:00:00
T02579,2026-05-18 00:00:00,Courtney Wagner,Equities,Equity,Miranda and Sons,Buy,4915,425.96,2093593.4,Booked,False,False,2026-05-18 09:43:00,,2026-05-19 00:00:00
T02580,2026-05-18 00:00:00,Sarah Silva,Rates,Bond,Chang-Peterson,Buy,46591,99.309,4626905.62,Amended,True,False,2026-05-18 09:54:00,2026-05-19 07:40:00,2026-05-19 00:00:00
T02581,2026-05-18 00:00:00,Raymond Williams,FX,FX Forward,Larsen Ray and Young,Sell,1215735,0.997,1212087.8,Booked,False,False,2026-05-18 10:04:00,,2026-07-15 00:00:00
T02582,2026-05-18 00:00:00,Natalie Castillo,Rates,Swap,Mcconnell-Fisher,Buy,20,515873.77,10317475.4,Booked,False,False,2026-05-18 10:10:00,,2026-05-20 00:00:00
T02583,2026-05-18 00:00:00,Tracy Hayes,Rates,Swap,Brown-Wiggins,Buy,1,986473.27,986473.27,Booked,False,False,2026-05-18 10:29:00,,2026-05-20 00:00:00
T02584,2026-05-18 00:00:00,Raymond Williams,FX,FX Forward,Fernandez-Ferguson,Sell,633226,0.9803,620751.45,Booked,False,False,2026-05-18 11:13:00,,2026-07-15 00:00:00
T02585,2026-05-18 00:00:00,Natalie Castillo,Rates,Bond,Wright and Sons,Buy,65076,108.137,7037123.41,Booked,False,False,2026-05-18 11:13:00,,2026-05-19 00:00:00
T02586,2026-05-18 00:00:00,Kevin Gutierrez,Equities,Equity,Larsen Ray and Young,Sell,6318,224.3,1417127.4,Booked,False,False,2026-05-18 11:14:00,,2026-05-19 00:00:00
T02587,2026-05-18 00:00:00,Sarah Silva,Rates,Swap,Larsen Ray and Young,Buy,6,352715.33,2116291.98,Booked,False,False,2026-05-18 11:33:00,,2026-05-20 00:00:00
T02588,2026-05-18 00:00:00,Edward Taylor,Credit,Bond,Chang-Peterson,Sell,24041,96.07,2309618.87,Booked,False,False,2026-05-18 11:47:00,,2026-05-19 00:00:00
T02589,2026-05-18 00:00:00,Joshua Wilson,Commodities,Swap,Crawford-Garrett,Buy,6,895911.8,5375470.8,Booked,False,False,2026-05-18 12:18:00,,2026-05-20 00:00:00
T02590,2026-05-18 00:00:00,Courtney Wagner,Equities,Option,Foster Jones and Reed,Buy,969,310.79,301155.51,Booked,False,False,2026-05-18 12:43:00,,2026-05-19 00:00:00
T02591,2026-05-18 00:00:00,Pamela Hahn,FX,FX Forward,Larsen Ray and Young,Buy,1183851,1.3341,1579375.62,Booked,False,False,2026-05-18 13:01:00,,2026-07-15 00:00:00
T02592,2026-05-18 00:00:00,Pamela Hahn,FX,FX Forward,Ellis Group,Buy,1962683,1.4755,2895938.77,Booked,False,False,2026-05-18 13:24:00,,2026-06-16 00:00:00
T02593,2026-05-18 00:00:00,Raymond Williams,FX,FX Forward,Brown-Wiggins,Sell,2206384,0.9391,2072015.21,Booked,False,False,2026-05-18 13:50:00,,2026-08-13 00:00:00
T02594,2026-05-18 00:00:00,Pamela Hahn,FX,FX Forward,Crawford-Garrett,Sell,441922,1.6027,708268.39,Booked,False,False,2026-05-18 13:52:00,,2026-07-15 00:00:00
T02595,2026-05-18 00:00:00,Tracy Hayes,Rates,Bond,Nguyen Group,Sell,13827,100.33,1387262.91,Booked,False,False,2026-05-18 14:11:00,,2026-05-19 00:00:00
T02596,2026-05-18 00:00:00,Pamela Hahn,FX,FX Forward,Chang-Peterson,Buy,5601691,1.487,8329714.52,Booked,False,False,2026-05-18 14:14:00,,2026-06-16 00:00:00
T02597,2026-05-18 00:00:00,Tracy Hayes,Rates,Bond,Morales-Woodard,Buy,34406,97.567,3356890.2,Booked,False,False,2026-05-18 14:20:00,,2026-05-19 00:00:00
T02598,2026-05-18 00:00:00,Tracy Hayes,Rates,Bond,Fernandez-Ferguson,Buy,21861,93.151,2036374.01,Booked,False,False,2026-05-18 14:37:00,,2026-05-19 00:00:00
T02599,2026-05-18 00:00:00,Sarah Silva,Rates,Swap,Chang-Peterson,Sell,11,739857.43,8138431.73,Booked,False,False,2026-05-18 16:12:00,,2026-05-20 00:00:00
T02600,2026-05-18 00:00:00,Courtney Wagner,Equities,Equity,Larsen Ray and Young,Buy,4332,188.83,818011.56,Booked,False,False,2026-05-18 16:19:00,,2026-05-19 00:00:00
T02601,2026-05-18 00:00:00,Tracy Hayes,Rates,Swap,Chang-Peterson,Sell,24,985804.73,23659313.52,Booked,False,False,2026-05-18 16:32:00,,2026-05-20 00:00:00
T02602,2026-05-18 00:00:00,Tracy Hayes,Rates,Bond,Morales-Woodard,Buy,10422,93.757,977135.45,Booked,False,False,2026-05-18 16:47:00,,2026-05-19 00:00:00
T02603,2026-05-18 00:00:00,Sarah Silva,Rates,Bond,Larsen Ray and Young,Sell,18502,99.208,1835546.42,Booked,False,False,2026-05-18 18:24:00,,2026-05-19 00:00:00
T02604,2026-05-18 00:00:00,Tracy Hayes,Rates,Bond,Dominguez and Sons,Sell,23841,108.609,2589347.17,Booked,False,False,2026-05-18 21:23:00,,2026-05-19 00:00:00
T02605,2026-05-19 00:00:00,Courtney Wagner,Equities,Equity,Wright and Sons,Sell,1287,21.95,28249.65,Booked,False,False,2026-05-19 09:13:00,,2026-05-20 00:00:00
T02606,2026-05-19 00:00:00,Sarah Silva,Rates,Swap,Crawford-Garrett,Buy,36,531240.05,19124641.8,Booked,False,False,2026-05-19 09:16:00,,2026-05-21 00:00:00
T02607,2026-05-19 00:00:00,Courtney Wagner,Equities,Equity,Anthony-Baker,Sell,954,27.01,25767.54,Booked,False,False,2026-05-19 09:46:00,,2026-05-20 00:00:00
T02608,2026-05-19 00:00:00,Eddie Hernandez,Credit,Bond,Mclaughlin PLC,Sell,7048,102.163,720044.82,Booked,False,False,2026-05-19 09:54:00,,2026-05-20 00:00:00
T02609,2026-05-19 00:00:00,Eddie Hernandez,Credit,Bond,Wall PLC,Buy,29035,95.445,2771245.58,Booked,False,False,2026-05-19 10:45:00,,2026-05-20 00:00:00
T02610,2026-05-19 00:00:00,Kevin Gutierrez,Equities,Equity,Sullivan-Baxter,Buy,9864,63.34,624785.76,Booked,False,False,2026-05-19 11:28:00,,2026-05-20 00:00:00
T02611,2026-05-19 00:00:00,Sarah Silva,Rates,Swap,Wright and Sons,Buy,6,855013.53,5130081.18,Booked,False,False,2026-05-19 12:19:00,,2026-05-21 00:00:00
T02612,2026-05-19 00:00:00,Pamela Hahn,FX,FX Forward,Allen Morgan and Reed,Buy,1294255,1.4126,1828264.61,Booked,False,False,2026-05-19 12:24:00,,2026-06-17 00:00:00
T02613,2026-05-19 00:00:00,Courtney Wagner,Equities,Option,Wall PLC,Buy,543,1165.37,632795.91,Booked,False,False,2026-05-19 12:33:00,,2026-05-20 00:00:00
T02614,2026-05-19 00:00:00,Pamela Hahn,FX,FX Forward,Nguyen Group,Buy,1073071,1.1443,1227915.15,Booked,False,False,2026-05-19 12:50:00,,2026-07-16 00:00:00
T02615,2026-05-19 00:00:00,Sarah Silva,Rates,Swap,Sullivan-Baxter,Sell,13,773753.81,10058799.53,Booked,False,False,2026-05-19 12:52:00,,2026-05-21 00:00:00
T02616,2026-05-19 00:00:00,Margaret Arellano,Commodities,Swap,Ellis Group,Sell,4,609753.74,2439014.96,Amended,True,False,2026-05-19 13:24:00,2026-05-25 17:36:00,2026-05-21 00:00:00
T02617,2026-05-19 00:00:00,Sarah Silva,Rates,Bond,Foster Jones and Reed,Sell,8508,104.071,885436.07,Booked,False,False,2026-05-19 13:38:00,,2026-05-20 00:00:00
T02618,2026-05-19 00:00:00,Dylan Lopez,FX,FX Forward,Anthony-Baker,Buy,5886158,1.1096,6531280.92,Booked,False,False,2026-05-19 13:41:00,,2026-08-14 00:00:00
T02619,2026-05-19 00:00:00,Pamela Hahn,FX,FX Forward,Larsen Ray and Young,Sell,442435,1.255,555255.92,Booked,False,False,2026-05-19 13:45:00,,2026-08-14 00:00:00
T02620,2026-05-19 00:00:00,Sarah Silva,Rates,Bond,Chang-Peterson,Buy,141408,100.694,14238937.15,Booked,False,False,2026-05-19 13:49:00,,2026-05-20 00:00:00
T02621,2026-05-19 00:00:00,Tracy Hayes,Rates,Bond,Dominguez and Sons,Sell,21228,94.175,1999146.9,Booked,False,False,2026-05-19 14:12:00,,2026-05-20 00:00:00
T02622,2026-05-19 00:00:00,Courtney Wagner,Equities,Option,Chang-Peterson,Buy,857,968.72,830193.04,Amended,True,False,2026-05-19 14:46:00,2026-05-19 19:18:00,2026-05-20 00:00:00
T02623,2026-05-19 00:00:00,Tracy Hayes,Rates,Swap,Powell Clark and Lopez,Sell,11,640404.06,7044444.66,Booked,False,False,2026-05-19 14:48:00,,2026-05-21 00:00:00
T02624,2026-05-19 00:00:00,Raymond Williams,FX,FX Forward,Mitchell-Rodgers,Buy,701857,1.5373,1078964.77,Booked,False,False,2026-05-19 14:55:00,,2026-07-16 00:00:00
T02625,2026-05-19 00:00:00,Joshua Stevenson,Credit,Bond,Chang-Peterson,Buy,10424,108.239,1128283.34,Booked,False,False,2026-05-19 15:12:00,,2026-05-20 00:00:00
T02626,2026-05-19 00:00:00,Raymond Williams,FX,Option,Crawford-Garrett,Buy,603,543.34,327634.02,Booked,False,False,2026-05-19 15:32:00,,2026-05-20 00:00:00
T02627,2026-05-19 00:00:00,Courtney Wagner,Equities,Equity,Allen Morgan and Reed,Buy,1994,38.25,76270.5,Booked,False,False,2026-05-19 15:34:00,,2026-05-20 00:00:00
T02628,2026-05-19 00:00:00,Pamela Hahn,FX,FX Forward,Mclaughlin PLC,Buy,4899581,0.8505,4167093.64,Amended,True,False,2026-05-19 15:50:00,2026-05-20 12:59:00,2026-07-16 00:00:00
T02629,2026-05-19 00:00:00,Kevin Gutierrez,Equities,Option,Chang-Peterson,Sell,3529,516.04,1821105.16,Booked,False,False,2026-05-19 16:00:00,,2026-05-20 00:00:00
T02630,2026-05-19 00:00:00,Natalie Castillo,Rates,Bond,Wall PLC,Sell,10329,96.69,998711.01,Booked,False,False,2026-05-19 16:02:00,,2026-05-20 00:00:00
T02631,2026-05-19 00:00:00,Sarah Silva,Rates,Bond,Brown-Wiggins,Buy,10601,111.693,1184057.49,Booked,False,False,2026-05-19 16:05:00,,2026-05-20 00:00:00
T02632,2026-05-19 00:00:00,Margaret Arellano,Commodities,Option,Larsen Ray and Young,Buy,465,1087.31,505599.15,Booked,False,False,2026-05-19 16:15:00,,2026-05-20 00:00:00
T02633,2026-05-19 00:00:00,Sarah Silva,Rates,Swap,Mitchell-Rodgers,Buy,31,636662.06,19736523.86,Booked,False,False,2026-05-19 16:21:00,,2026-05-21 00:00:00
T02634,2026-05-19 00:00:00,Raymond Williams,FX,FX Forward,Chang-Peterson,Buy,6429811,0.9227,5932786.61,Booked,False,False,2026-05-19 16:27:00,,2026-08-14 00:00:00
T02635,2026-05-19 00:00:00,Heather Garrett,Commodities,Swap,Anthony-Baker,Buy,35,905483.39,31691918.65,Booked,False,False,2026-05-19 16:30:00,,2026-05-21 00:00:00
T02636,2026-05-19 00:00:00,Natalie Castillo,Rates,Bond,Chang-Peterson,Sell,54953,98.814,5430125.74,Booked,False,False,2026-05-19 17:49:00,,2026-05-20 00:00:00
T02637,2026-05-20 00:00:00,Raymond Williams,FX,Option,Chang-Peterson,Sell,875,1068.11,934596.25,Booked,False,False,2026-05-20 08:04:00,,2026-05-21 00:00:00
T02638,2026-05-20 00:00:00,Joshua Stevenson,Credit,Bond,Anthony-Baker,Sell,10191,111.414,1135420.07,Booked,False,False,2026-05-20 09:17:00,,2026-05-21 00:00:00
T02639,2026-05-20 00:00:00,Joshua Stevenson,Credit,Swap,Powell Clark and Lopez,Sell,12,800120.26,9601443.12,Booked,False,False,2026-05-20 09:23:00,,2026-05-22 00:00:00
T02640,2026-05-20 00:00:00,Tracy Hayes,Rates,Bond,Crawford-Garrett,Sell,13127,104.377,1370156.88,Amended,True,False,2026-05-20 10:20:00,2026-05-21 10:43:00,2026-05-21 00:00:00
T02641,2026-05-20 00:00:00,Pamela Hahn,FX,FX Forward,Allen Morgan and Reed,Sell,3985945,0.9239,3682614.59,Booked,False,False,2026-05-20 11:11:00,,2026-08-17 00:00:00
T02642,2026-05-20 00:00:00,Courtney Wagner,Equities,Equity,Powell Clark and Lopez,Sell,5899,290.08,1711181.92,Booked,False,False,2026-05-20 11:14:00,,2026-05-21 00:00:00
T02643,2026-05-20 00:00:00,Joshua Stevenson,Credit,Swap,Bishop LLC,Buy,13,303174.81,3941272.53,Booked,False,False,2026-05-20 11:27:00,,2026-05-22 00:00:00
T02644,2026-05-20 00:00:00,Dylan Lopez,FX,FX Forward,Bishop LLC,Sell,107893,1.2806,138167.78,Booked,False,False,2026-05-20 11:31:00,,2026-07-17 00:00:00
T02645,2026-05-20 00:00:00,Courtney Wagner,Equities,Equity,Anthony-Baker,Sell,7035,220.7,1552624.5,Booked,False,False,2026-05-20 11:33:00,,2026-05-21 00:00:00
T02646,2026-05-20 00:00:00,Raymond Williams,FX,FX Forward,Mcconnell-Fisher,Buy,442351,1.0192,450844.14,Booked,False,False,2026-05-20 11:49:00,,2026-07-17 00:00:00
T02647,2026-05-20 00:00:00,Dylan Lopez,FX,FX Forward,Santiago Reyes and Lynch,Buy,5650191,1.5579,8802432.56,Booked,False,False,2026-05-20 11:50:00,,2026-06-18 00:00:00
T02648,2026-05-20 00:00:00,Joshua Stevenson,Credit,Swap,Crawford-Garrett,Sell,4,444790.99,1779163.96,Booked,False,False,2026-05-20 11:53:00,,2026-05-22 00:00:00
T02649,2026-05-20 00:00:00,Tracy Hayes,Rates,Bond,Stanton-Wilkinson,Buy,7138,98.935,706198.03,Cancelled,True,True,2026-05-20 11:58:00,2026-05-21 08:33:00,2026-05-21 00:00:00
T02650,2026-05-20 00:00:00,Pamela Hahn,FX,FX Forward,Larsen Ray and Young,Sell,1679998,1.4791,2484885.04,Booked,False,False,2026-05-20 12:06:00,,2026-06-18 00:00:00
T02651,2026-05-20 00:00:00,Pamela Hahn,FX,FX Forward,Stanton-Wilkinson,Buy,919102,1.2744,1171303.59,Booked,False,False,2026-05-20 12:09:00,,2026-08-17 00:00:00
T02652,2026-05-20 00:00:00,Courtney Wagner,Equities,Option,Mclaughlin PLC,Sell,356,280.94,100014.64,Booked,False,False,2026-05-20 12:19:00,,2026-05-21 00:00:00
T02653,2026-05-20 00:00:00,Edward Taylor,Credit,Bond,Dominguez and Sons,Buy,71341,95.956,6845597.0,Booked,False,False,2026-05-20 12:37:00,,2026-05-21 00:00:00
T02654,2026-05-20 00:00:00,Tracy Hayes,Rates,Bond,Powell Clark and Lopez,Sell,28809,95.053,2738381.88,Booked,False,False,2026-05-20 13:00:00,,2026-05-21 00:00:00
T02655,2026-05-20 00:00:00,Courtney Wagner,Equities,Equity,Fernandez-Ferguson,Sell,13943,233.81,3260012.83,Booked,False,False,2026-05-20 13:06:00,,2026-05-21 00:00:00
T02656,2026-05-20 00:00:00,Margaret Arellano,Commodities,Swap,Santiago Reyes and Lynch,Buy,26,297811.53,7743099.78,Booked,False,False,2026-05-20 13:06:00,,2026-05-22 00:00:00
T02657,2026-05-20 00:00:00,Courtney Wagner,Equities,Equity,Anthony-Baker,Sell,3892,68.16,265278.72,Booked,False,False,2026-05-20 13:07:00,,2026-05-21 00:00:00
T02658,2026-05-20 00:00:00,Courtney Wagner,Equities,Equity,Anthony-Baker,Sell,1639,362.68,594432.52,Booked,False,False,2026-05-20 13:18:00,,2026-05-21 00:00:00
T02659,2026-05-20 00:00:00,Margaret Arellano,Commodities,Swap,Wright and Sons,Sell,26,617548.22,16056253.72,Booked,False,False,2026-05-20 13:34:00,,2026-05-22 00:00:00
T02660,2026-05-20 00:00:00,Sarah Silva,Rates,Bond,Powell Clark and Lopez,Buy,8508,93.122,792281.98,Booked,False,False,2026-05-20 13:47:00,,2026-05-21 00:00:00
T02661,2026-05-20 00:00:00,Sarah Silva,Rates,Swap,Chang-Peterson,Buy,6,815491.83,4892950.98,Booked,False,False,2026-05-20 14:05:00,,2026-05-22 00:00:00
T02662,2026-05-20 00:00:00,Pamela Hahn,FX,FX Forward,Larsen Ray and Young,Sell,4132628,1.5779,6520873.72,Booked,False,False,2026-05-20 14:10:00,,2026-07-17 00:00:00
T02663,2026-05-20 00:00:00,Margaret Arellano,Commodities,Swap,Larsen Ray and Young,Buy,13,828807.58,10774498.54,Booked,False,False,2026-05-20 14:20:00,,2026-05-22 00:00:00
T02664,2026-05-20 00:00:00,Margaret Arellano,Commodities,Swap,Foster Jones and Reed,Buy,26,634571.84,16498867.84,Booked,False,False,2026-05-20 14:22:00,,2026-05-22 00:00:00
T02665,2026-05-20 00:00:00,Tracy Hayes,Rates,Bond,Anthony-Baker,Sell,761116,109.178,83097122.65,Booked,False,False,2026-05-20 14:28:00,,2026-05-21 00:00:00
T02666,2026-05-20 00:00:00,Tracy Hayes,Rates,Bond,Larsen Ray and Young,Buy,4531,111.701,506117.23,Booked,False,False,2026-05-20 14:42:00,,2026-05-21 00:00:00
T02667,2026-05-20 00:00:00,Edward Taylor,Credit,Bond,Anthony-Baker,Buy,55000,106.812,5874660.0,Booked,False,False,2026-05-20 16:01:00,,2026-05-21 00:00:00
T02668,2026-05-20 00:00:00,Heather Garrett,Commodities,Option,Nguyen Group,Buy,2429,315.79,767053.91,Cancelled,True,True,2026-05-20 16:21:00,2026-05-20 17:06:00,2026-05-21 00:00:00
T02669,2026-05-20 00:00:00,Eddie Hernandez,Credit,Swap,Foster Jones and Reed,Sell,35,764249.68,26748738.8,Booked,False,False,2026-05-20 16:25:00,,2026-05-22 00:00:00
T02670,2026-05-20 00:00:00,Joshua Stevenson,Credit,Bond,Crawford-Garrett,Sell,11542,92.944,1072759.65,Amended,True,False,2026-05-20 16:32:00,2026-05-21 16:43:00,2026-05-21 00:00:00
T02671,2026-05-20 00:00:00,Tracy Hayes,Rates,Bond,Chang-Peterson,Buy,8183,92.522,757107.53,Booked,False,False,2026-05-20 18:24:00,,2026-05-21 00:00:00
T02672,2026-05-20 00:00:00,Pamela Hahn,FX,FX Forward,Mcconnell-Fisher,Sell,4840992,1.5892,7693304.49,Booked,False,False,2026-05-20 18:51:00,,2026-07-17 00:00:00
T02673,2026-05-20 00:00:00,Raymond Williams,FX,FX Forward,Dominguez and Sons,Sell,2546627,1.4093,3588961.43,Booked,False,False,2026-05-20 19:57:00,,2026-06-18 00:00:00
T02674,2026-05-21 00:00:00,Kevin Gutierrez,Equities,Option,Allen Morgan and Reed,Buy,2020,600.53,1213070.6,Booked,False,False,2026-05-21 07:00:00,,2026-07-10 00:00:00
T02675,2026-05-21 00:00:00,David Williams,Equities,Equity,Bishop LLC,Sell,880,26.55,23364.0,Booked,False,False,2026-05-21 08:28:00,,2026-05-22 00:00:00
T02676,2026-05-21 00:00:00,David Williams,Equities,Equity,Nguyen Group,Sell,17331,252.55,4376944.05,Booked,False,False,2026-05-21 08:47:00,,2026-05-22 00:00:00
T02677,2026-05-21 00:00:00,Raymond Williams,FX,Option,Chang-Peterson,Sell,571,464.61,265292.31,Booked,False,False,2026-05-21 09:51:00,,2026-05-22 00:00:00
T02678,2026-05-21 00:00:00,Courtney Wagner,Equities,Equity,Chang-Peterson,Sell,10280,98.02,1007645.6,Booked,False,False,2026-05-21 10:03:00,,2026-05-22 00:00:00
T02679,2026-05-21 00:00:00,Tracy Hayes,Rates,Swap,Stanton-Wilkinson,Sell,25,272968.6,6824215.0,Booked,False,False,2026-05-21 10:20:00,,2026-05-25 00:00:00
T02680,2026-05-21 00:00:00,Edward Taylor,Credit,Bond,Foster Jones and Reed,Sell,5598,91.817,513991.57,Booked,False,False,2026-05-21 10:37:00,,2026-05-22 00:00:00
T02681,2026-05-21 00:00:00,Joshua Wilson,Commodities,Option,Sullivan-Baxter,Buy,713,512.5,365412.5,Booked,False,False,2026-05-21 10:37:00,,2026-05-22 00:00:00
T02682,2026-05-21 00:00:00,Tracy Hayes,Rates,Swap,Chang-Peterson,Buy,18,745785.66,13424141.88,Booked,False,False,2026-05-21 10:40:00,,2026-05-25 00:00:00
T02683,2026-05-21 00:00:00,Courtney Wagner,Equities,Equity,Chang-Peterson,Buy,18127,179.81,3259415.87,Booked,False,False,2026-05-21 10:59:00,,2026-05-22 00:00:00
T02684,2026-05-21 00:00:00,Eddie Hernandez,Credit,Bond,Miranda and Sons,Sell,13537,109.626,1484007.16,Booked,False,False,2026-05-21 11:29:00,,2026-05-22 00:00:00
T02685,2026-05-21 00:00:00,Pamela Hahn,FX,Option,Santiago Reyes and Lynch,Sell,569,841.1,478585.9,Booked,False,False,2026-05-21 11:33:00,,2026-05-22 00:00:00
T02686,2026-05-21 00:00:00,Eddie Hernandez,Credit,Bond,Chang-Peterson,Buy,18960,104.006,1971953.76,Booked,False,False,2026-05-21 11:36:00,,2026-05-22 00:00:00
T02687,2026-05-21 00:00:00,Tracy Hayes,Rates,Swap,Lam-Gonzalez,Buy,9,471538.97,4243850.73,Booked,False,False,2026-05-21 11:41:00,,2026-05-25 00:00:00
T02688,2026-05-21 00:00:00,Pamela Hahn,FX,FX Forward,Chang-Peterson,Sell,918186,1.2243,1124135.12,Booked,False,False,2026-05-21 12:08:00,,2026-07-20 00:00:00
T02689,2026-05-21 00:00:00,Tracy Hayes,Rates,Swap,Chang-Peterson,Buy,7,392378.21,2746647.47,Booked,False,False,2026-05-21 12:29:00,,2026-05-25 00:00:00
T02690,2026-05-21 00:00:00,Tracy Hayes,Rates,Swap,Santiago Reyes and Lynch,Sell,72,259114.89,18656272.08,Booked,False,False,2026-05-21 12:30:00,,2026-05-25 00:00:00
T02691,2026-05-21 00:00:00,Pamela Hahn,FX,Option,Chang-Peterson,Sell,448,859.29,384961.92,Booked,False,False,2026-05-21 13:10:00,,2026-05-22 00:00:00
T02692,2026-05-21 00:00:00,Natalie Castillo,Rates,Swap,Foster Jones and Reed,Sell,37,393860.54,14572839.98,Amended,True,False,2026-05-21 13:20:00,2026-05-21 18:12:00,2026-05-25 00:00:00
T02693,2026-05-21 00:00:00,Tracy Hayes,Rates,Bond,Crawford-Garrett,Buy,28572,106.927,3055118.24,Booked,False,False,2026-05-21 13:25:00,,2026-05-22 00:00:00
T02694,2026-05-21 00:00:00,Kevin Gutierrez,Equities,Equity,Miranda and Sons,Buy,5275,103.11,543905.25,Booked,False,False,2026-05-21 13:27:00,,2026-05-22 00:00:00
T02695,2026-05-21 00:00:00,Dylan Lopez,FX,FX Forward,Sullivan-Baxter,Sell,6809138,1.4266,9713916.27,Cancelled,True,True,2026-05-21 13:55:00,2026-05-21 14:40:00,2026-07-20 00:00:00
T02696,2026-05-21 00:00:00,Pamela Hahn,FX,Option,Larsen Ray and Young,Sell,570,444.16,253171.2,Booked,False,False,2026-05-21 13:56:00,,2026-05-22 00:00:00
T02697,2026-05-21 00:00:00,Pamela Hahn,FX,Option,Foster Jones and Reed,Sell,160,938.89,150222.4,Booked,False,False,2026-05-21 14:15:00,,2026-05-22 00:00:00
T02698,2026-05-21 00:00:00,Tracy Hayes,Rates,Bond,Lee PLC,Sell,27238,102.127,2781735.23,Amended,True,False,2026-05-21 14:17:00,2026-05-21 14:32:00,2026-05-22 00:00:00
T02699,2026-05-21 00:00:00,Margaret Arellano,Commodities,Option,Larsen Ray and Young,Sell,555,291.21,161621.55,Booked,False,False,2026-05-21 14:25:00,,2026-05-22 00:00:00
T02700,2026-05-21 00:00:00,Eddie Hernandez,Credit,Swap,Wall PLC,Sell,13,609678.89,7925825.57,Booked,False,False,2026-05-21 14:25:00,,2026-05-25 00:00:00
T02701,2026-05-21 00:00:00,Margaret Arellano,Commodities,Swap,Crawford-Garrett,Buy,27,699716.69,18892350.63,Booked,False,False,2026-05-21 14:42:00,,2026-05-25 00:00:00
T02702,2026-05-21 00:00:00,Kevin Gutierrez,Equities,Equity,Larsen Ray and Young,Buy,5365,51.37,275600.05,Booked,False,False,2026-05-21 14:58:00,,2026-05-22 00:00:00
T02703,2026-05-21 00:00:00,Tracy Hayes,Rates,Bond,Chang-Peterson,Sell,12663,102.388,1296539.24,Booked,False,False,2026-05-21 15:05:00,,2026-05-22 00:00:00
T02704,2026-05-21 00:00:00,Courtney Wagner,Equities,Equity,Foster Jones and Reed,Sell,1150,127.04,146096.0,Booked,False,False,2026-05-21 15:12:00,,2026-05-22 00:00:00
T02705,2026-05-21 00:00:00,Raymond Williams,FX,FX Forward,Miranda and Sons,Sell,2580091,1.5854,4090476.27,Booked,False,False,2026-05-21 15:18:00,,2026-08-18 00:00:00
T02706,2026-05-21 00:00:00,Pamela Hahn,FX,FX Forward,Chang-Peterson,Buy,2221941,1.4833,3295805.09,Booked,False,False,2026-05-21 15:26:00,,2026-07-20 00:00:00
T02707,2026-05-21 00:00:00,Pamela Hahn,FX,FX Forward,Miranda and Sons,Sell,1709367,1.5758,2693620.52,Booked,False,False,2026-05-21 15:37:00,,2026-06-19 00:00:00
T02708,2026-05-21 00:00:00,Eddie Hernandez,Credit,Bond,Morales-Woodard,Sell,41777,90.147,3766071.22,Booked,False,False,2026-05-21 15:56:00,,2026-05-22 00:00:00
T02709,2026-05-21 00:00:00,Dylan Lopez,FX,FX Forward,Larsen Ray and Young,Buy,6196672,1.2212,7567375.85,Booked,False,False,2026-05-21 18:46:00,,2026-08-18 00:00:00
T02710,2026-05-21 00:00:00,Sarah Silva,Rates,Bond,Mcconnell-Fisher,Buy,26313,94.808,2494682.9,Booked,False,False,2026-05-21 19:01:00,,2026-05-22 00:00:00
T02711,2026-05-22 00:00:00,Joshua Stevenson,Credit,Bond,Foster Jones and Reed,Buy,43033,108.588,4672867.4,Booked,False,False,2026-05-22 08:13:00,,2026-05-25 00:00:00
T02712,2026-05-22 00:00:00,Eddie Hernandez,Credit,Swap,Larsen Ray and Young,Sell,8,806239.46,6449915.68,Booked,False,False,2026-05-22 09:11:00,,2026-05-26 00:00:00
T02713,2026-05-22 00:00:00,Tracy Hayes,Rates,Swap,Chang-Peterson,Sell,17,826252.71,14046296.07,Booked,False,False,2026-05-22 09:36:00,,2026-05-26 00:00:00
T02714,2026-05-22 00:00:00,Tracy Hayes,Rates,Bond,Santiago Reyes and Lynch,Buy,20886,105.88,2211409.68,Booked,False,False,2026-05-22 10:06:00,,2026-05-25 00:00:00
T02715,2026-05-22 00:00:00,Sarah Silva,Rates,Bond,Anthony-Baker,Sell,34547,101.505,3506693.24,Amended,True,False,2026-05-22 10:28:00,2026-06-09 16:10:00,2026-05-25 00:00:00
T02716,2026-05-22 00:00:00,Kevin Gutierrez,Equities,Option,Stanton-Wilkinson,Buy,1138,382.31,435068.78,Booked,False,False,2026-05-22 10:29:00,,2026-05-25 00:00:00
T02717,2026-05-22 00:00:00,Raymond Williams,FX,FX Forward,Crawford-Garrett,Sell,3691145,0.8966,3309480.61,Booked,False,False,2026-05-22 10:38:00,,2026-08-19 00:00:00
T02718,2026-05-22 00:00:00,Joshua Stevenson,Credit,Bond,Ellis Group,Sell,3940,96.511,380253.34,Booked,False,False,2026-05-22 10:39:00,,2026-05-25 00:00:00
T02719,2026-05-22 00:00:00,Tracy Hayes,Rates,Bond,Crawford-Garrett,Buy,38119,104.291,3975468.63,Booked,False,False,2026-05-22 10:55:00,,2026-05-25 00:00:00
T02720,2026-05-22 00:00:00,Raymond Williams,FX,FX Forward,Chang-Peterson,Sell,896135,1.0264,919792.96,Amended,True,False,2026-05-22 11:20:00,2026-05-22 13:18:00,2026-06-22 00:00:00
T02721,2026-05-22 00:00:00,Sarah Silva,Rates,Bond,Larsen Ray and Young,Buy,13589,93.745,1273900.81,Amended,True,False,2026-05-22 11:31:00,2026-05-22 17:08:00,2026-05-25 00:00:00
T02722,2026-05-22 00:00:00,Raymond Williams,FX,Option,Chang-Peterson,Sell,819,951.62,779376.78,Booked,False,False,2026-05-22 11:58:00,,2026-05-25 00:00:00
T02723,2026-05-22 00:00:00,Sarah Silva,Rates,Swap,Nguyen Group,Buy,7,260066.75,1820467.25,Booked,False,False,2026-05-22 12:03:00,,2026-05-26 00:00:00
T02724,2026-05-22 00:00:00,Margaret Arellano,Commodities,Swap,Bishop LLC,Sell,20,889801.07,17796021.4,Booked,False,False,2026-05-22 12:27:00,,2026-05-26 00:00:00
T02725,2026-05-22 00:00:00,Raymond Williams,FX,Option,Larsen Ray and Young,Buy,196,642.82,125992.72,Booked,False,False,2026-05-22 12:40:00,,2026-05-25 00:00:00
T02726,2026-05-22 00:00:00,Tracy Hayes,Rates,Bond,Lam-Gonzalez,Buy,43454,100.54,4368865.16,Booked,False,False,2026-05-22 12:46:00,,2026-05-25 00:00:00
T02727,2026-05-22 00:00:00,Edward Taylor,Credit,Bond,Larsen Ray and Young,Sell,6782,89.398,606297.24,Booked,False,False,2026-05-22 13:00:00,,2026-05-25 00:00:00
T02728,2026-05-22 00:00:00,Pamela Hahn,FX,FX Forward,Crawford-Garrett,Sell,1646372,0.8979,1478277.42,Amended,True,False,2026-05-22 13:04:00,2026-05-22 23:00:00,2026-06-22 00:00:00
T02729,2026-05-22 00:00:00,Tracy Hayes,Rates,Bond,Mcconnell-Fisher,Sell,15327,92.271,1414237.62,Booked,False,False,2026-05-22 13:05:00,,2026-05-25 00:00:00
T02730,2026-05-22 00:00:00,Courtney Wagner,Equities,Equity,Santiago Reyes and Lynch,Buy,8839,149.15,1318336.85,Booked,False,False,2026-05-22 13:05:00,,2026-05-25 00:00:00
T02731,2026-05-22 00:00:00,Sarah Silva,Rates,Swap,Wall PLC,Sell,20,972653.25,19453065.0,Booked,False,False,2026-05-22 13:15:00,,2026-05-26 00:00:00
T02732,2026-05-22 00:00:00,Tracy Hayes,Rates,Bond,Powell Clark and Lopez,Buy,35846,88.073,3157064.76,Booked,False,False,2026-05-22 13:54:00,,2026-05-25 00:00:00
T02733,2026-05-22 00:00:00,Tracy Hayes,Rates,Swap,Mclaughlin PLC,Buy,31,379741.16,11771975.96,Booked,False,False,2026-05-22 14:10:00,,2026-05-26 00:00:00
T02734,2026-05-22 00:00:00,Heather Garrett,Commodities,Swap,Ellis Group,Buy,7,892706.62,6248946.34,Booked,False,False,2026-05-22 14:40:00,,2026-05-26 00:00:00
T02735,2026-05-22 00:00:00,Natalie Castillo,Rates,Bond,Foster Jones and Reed,Sell,4136,105.547,436542.39,Amended,True,False,2026-05-22 14:44:00,2026-05-22 15:29:00,2026-05-25 00:00:00
T02736,2026-05-22 00:00:00,Sarah Silva,Rates,Swap,Powell Clark and Lopez,Buy,26,432254.67,11238621.42,Booked,False,False,2026-05-22 14:44:00,,2026-05-26 00:00:00
T02737,2026-05-22 00:00:00,Tracy Hayes,Rates,Swap,Foster Jones and Reed,Buy,4,752235.59,3008942.36,Booked,False,False,2026-05-22 17:00:00,,2026-05-26 00:00:00
T02738,2026-05-22 00:00:00,Sarah Silva,Rates,Swap,Larsen Ray and Young,Sell,40,343839.63,13753585.2,Booked,False,False,2026-05-22 17:35:00,,2026-05-26 00:00:00
T02739,2026-05-22 00:00:00,Sarah Silva,Rates,Swap,Lee PLC,Sell,24,736752.81,17682067.44,Booked,False,False,2026-05-22 18:59:00,,2026-05-26 00:00:00
T02740,2026-05-25 00:00:00,Margaret Arellano,Commodities,Option,Wright and Sons,Sell,521,827.78,431273.38,Booked,False,False,2026-05-25 09:06:00,,2026-05-26 00:00:00
T02741,2026-05-25 00:00:00,Sarah Silva,Rates,Bond,Foster Jones and Reed,Buy,24501,106.869,2618397.37,Booked,False,False,2026-05-25 09:19:00,,2026-05-26 00:00:00
T02742,2026-05-25 00:00:00,Raymond Williams,FX,FX Forward,Lee PLC,Buy,971804,0.9182,892310.43,Booked,False,False,2026-05-25 09:28:00,,2026-08-20 00:00:00
T02743,2026-05-25 00:00:00,Tracy Hayes,Rates,Swap,Fernandez-Ferguson,Sell,20,425144.07,8502881.4,Booked,False,False,2026-05-25 09:44:00,,2026-05-27 00:00:00
T02744,2026-05-25 00:00:00,Sarah Silva,Rates,Bond,Miranda and Sons,Sell,263978,109.058,28788912.72,Booked,False,False,2026-05-25 09:48:00,,2026-05-26 00:00:00
T02745,2026-05-25 00:00:00,Joshua Stevenson,Credit,Bond,Crawford-Garrett,Sell,30121,109.483,3297737.44,Booked,False,False,2026-05-25 10:06:00,,2026-05-26 00:00:00
T02746,2026-05-25 00:00:00,Pamela Hahn,FX,FX Forward,Ellis Group,Buy,4571807,1.5541,7105045.26,Booked,False,False,2026-05-25 10:55:00,,2026-07-22 00:00:00
T02747,2026-05-25 00:00:00,Kevin Gutierrez,Equities,Option,Chang-Peterson,Sell,1101,924.9,1018314.9,Booked,False,False,2026-05-25 11:03:00,,2026-05-26 00:00:00
T02748,2026-05-25 00:00:00,Tracy Hayes,Rates,Bond,Wall PLC,Sell,45098,99.985,4509123.53,Booked,False,False,2026-05-25 11:04:00,,2026-05-26 00:00:00
T02749,2026-05-25 00:00:00,Kevin Gutierrez,Equities,Option,Anthony-Baker,Sell,221,532.72,117731.12,Booked,False,False,2026-05-25 11:06:00,,2026-05-26 00:00:00
T02750,2026-05-25 00:00:00,Tracy Hayes,Rates,Swap,Crawford-Garrett,Buy,9,877590.88,7898317.92,Booked,False,False,2026-05-25 11:38:00,,2026-05-27 00:00:00
T02751,2026-05-25 00:00:00,Tracy Hayes,Rates,Bond,Larsen Ray and Young,Sell,83079,97.834,8127950.89,Booked,False,False,2026-05-25 11:40:00,,2026-05-26 00:00:00
T02752,2026-05-25 00:00:00,Dylan Lopez,FX,Option,Mclaughlin PLC,Sell,2276,579.41,1318737.16,Amended,True,False,2026-05-25 12:18:00,2026-05-25 15:28:00,2026-05-26 00:00:00
T02753,2026-05-25 00:00:00,Tracy Hayes,Rates,Swap,Ellis Group,Sell,9,511865.56,4606790.04,Booked,False,False,2026-05-25 12:47:00,,2026-05-27 00:00:00
T02754,2026-05-25 00:00:00,Dylan Lopez,FX,FX Forward,Dominguez and Sons,Buy,2155993,1.0375,2236842.74,Booked,False,False,2026-05-25 12:58:00,,2026-08-20 00:00:00
T02755,2026-05-25 00:00:00,Dylan Lopez,FX,FX Forward,Chang-Peterson,Buy,4446555,0.9919,4410537.9,Cancelled,True,True,2026-05-25 13:14:00,2026-05-25 13:59:00,2026-08-20 00:00:00
T02756,2026-05-25 00:00:00,Tracy Hayes,Rates,Swap,Chang-Peterson,Buy,18,464491.16,8360840.88,Booked,False,False,2026-05-25 13:14:00,,2026-05-27 00:00:00
T02757,2026-05-25 00:00:00,Raymond Williams,FX,FX Forward,Larsen Ray and Young,Sell,625692,1.3959,873403.46,Booked,False,False,2026-05-25 13:26:00,,2026-08-20 00:00:00
T02758,2026-05-25 00:00:00,Kevin Gutierrez,Equities,Option,Santiago Reyes and Lynch,Sell,1082,973.87,1053727.34,Booked,False,False,2026-05-25 13:39:00,,2026-05-26 00:00:00
T02759,2026-05-25 00:00:00,Kevin Gutierrez,Equities,Equity,Chang-Peterson,Buy,4892,408.83,1999996.36,Booked,False,False,2026-05-25 13:58:00,,2026-05-26 00:00:00
T02760,2026-05-25 00:00:00,Sarah Silva,Rates,Bond,Stanton-Wilkinson,Sell,19530,107.098,2091623.94,Booked,False,False,2026-05-25 14:06:00,,2026-05-26 00:00:00
T02761,2026-05-25 00:00:00,Tracy Hayes,Rates,Bond,Nguyen Group,Buy,24195,97.123,2349890.99,Booked,False,False,2026-05-25 14:06:00,,2026-05-26 00:00:00
T02762,2026-05-25 00:00:00,Courtney Wagner,Equities,Equity,Chang-Peterson,Buy,2773,80.84,224169.32,Booked,False,False,2026-05-25 14:48:00,,2026-05-26 00:00:00
T02763,2026-05-25 00:00:00,Joshua Stevenson,Credit,Bond,Mcconnell-Fisher,Buy,117970,110.185,12998524.45,Amended,True,False,2026-05-25 15:55:00,2026-05-25 16:40:00,2026-05-26 00:00:00
T02764,2026-05-25 00:00:00,Kevin Gutierrez,Equities,Option,Dominguez and Sons,Buy,187,55.29,10339.23,Booked,False,False,2026-05-25 16:32:00,,2026-05-26 00:00:00
T02765,2026-05-25 00:00:00,Pamela Hahn,FX,FX Forward,Wright and Sons,Sell,1610599,1.0895,1754747.61,Booked,False,False,2026-05-25 16:35:00,,2026-08-20 00:00:00
T02766,2026-05-25 00:00:00,Pamela Hahn,FX,FX Forward,Crawford-Garrett,Buy,2557612,1.3727,3510833.99,Booked,False,False,2026-05-25 17:24:00,,2026-07-22 00:00:00
T02767,2026-05-26 00:00:00,Tracy Hayes,Rates,Swap,Chang-Peterson,Buy,3,637744.62,1913233.86,Cancelled,True,True,2026-05-26 07:44:00,2026-05-27 14:10:00,2026-05-28 00:00:00
T02768,2026-05-26 00:00:00,Tracy Hayes,Rates,Bond,Wall PLC,Buy,14114,93.049,1313293.59,Booked,False,False,2026-05-26 08:03:00,,2026-05-27 00:00:00
T02769,2026-05-26 00:00:00,Tracy Hayes,Rates,Swap,Ellis Group,Sell,9,693835.6,6244520.4,Amended,True,False,2026-05-26 08:30:00,2026-05-26 18:22:00,2026-05-28 00:00:00
T02770,2026-05-26 00:00:00,Pamela Hahn,FX,FX Forward,Wall PLC,Buy,1186635,1.565,1857083.78,Booked,False,False,2026-05-26 08:31:00,,2026-06-24 00:00:00
T02771,2026-05-26 00:00:00,Natalie Castillo,Rates,Swap,Santiago Reyes and Lynch,Buy,6,659774.84,3958649.04,Booked,False,False,2026-05-26 09:31:00,,2026-05-28 00:00:00
T02772,2026-05-26 00:00:00,Sarah Silva,Rates,Swap,Foster Jones and Reed,Sell,28,543344.01,15213632.28,Booked,False,False,2026-05-26 10:59:00,,2026-05-28 00:00:00
T02773,2026-05-26 00:00:00,Courtney Wagner,Equities,Option,Sullivan-Baxter,Sell,1311,545.4,715019.4,Booked,False,False,2026-05-26 11:15:00,,2026-05-27 00:00:00
T02774,2026-05-26 00:00:00,Sarah Silva,Rates,Bond,Chang-Peterson,Buy,61792,90.868,5614915.46,Booked,False,False,2026-05-26 11:28:00,,2026-05-27 00:00:00
T02775,2026-05-26 00:00:00,Sarah Silva,Rates,Bond,Ellis Group,Sell,29281,93.178,2728345.02,Booked,False,False,2026-05-26 11:29:00,,2026-05-27 00:00:00
T02776,2026-05-26 00:00:00,Tracy Hayes,Rates,Swap,Larsen Ray and Young,Sell,5,738836.41,3694182.05,Booked,False,False,2026-05-26 11:53:00,,2026-05-28 00:00:00
T02777,2026-05-26 00:00:00,Pamela Hahn,FX,Option,Lam-Gonzalez,Buy,4001,538.17,2153218.17,Booked,False,False,2026-05-26 12:01:00,,2026-05-27 00:00:00
T02778,2026-05-26 00:00:00,Sarah Silva,Rates,Bond,Dominguez and Sons,Buy,20508,99.596,2042514.77,Booked,False,False,2026-05-26 12:08:00,,2026-05-27 00:00:00
T02779,2026-05-26 00:00:00,Heather Garrett,Commodities,Swap,Wall PLC,Buy,15,678332.16,10174982.4,Amended,True,False,2026-05-26 12:10:00,2026-05-26 13:24:00,2026-05-28 00:00:00
T02780,2026-05-26 00:00:00,Pamela Hahn,FX,FX Forward,Mclaughlin PLC,Buy,1509324,1.3133,1982195.21,Booked,False,False,2026-05-26 12:51:00,,2026-08-21 00:00:00
T02781,2026-05-26 00:00:00,Kevin Gutierrez,Equities,Equity,Mclaughlin PLC,Buy,1403,101.9,142965.7,Cancelled,True,True,2026-05-26 13:15:00,2026-05-26 14:00:00,2026-05-27 00:00:00
T02782,2026-05-26 00:00:00,Sarah Silva,Rates,Bond,Foster Jones and Reed,Sell,51229,92.692,4748518.47,Booked,False,False,2026-05-26 13:20:00,,2026-05-27 00:00:00
T02783,2026-05-26 00:00:00,Joshua Stevenson,Credit,Bond,Stanton-Wilkinson,Buy,10555,91.496,965740.28,Booked,False,False,2026-05-26 14:46:00,,2026-05-27 00:00:00
T02784,2026-05-26 00:00:00,Joshua Stevenson,Credit,Bond,Anthony-Baker,Sell,15482,107.321,1661543.72,Booked,False,False,2026-05-26 14:51:00,,2026-05-27 00:00:00
T02785,2026-05-26 00:00:00,Raymond Williams,FX,Option,Foster Jones and Reed,Buy,1094,376.63,412033.22,Amended,True,False,2026-05-26 14:53:00,2026-05-26 15:38:00,2026-05-27 00:00:00
T02786,2026-05-26 00:00:00,Sarah Silva,Rates,Bond,Nguyen Group,Buy,34215,91.818,3141552.87,Amended,True,False,2026-05-26 15:11:00,2026-05-27 11:24:00,2026-05-27 00:00:00
T02787,2026-05-26 00:00:00,Kevin Gutierrez,Equities,Equity,Anthony-Baker,Buy,4371,255.29,1115872.59,Booked,False,False,2026-05-26 15:13:00,,2026-05-27 00:00:00
T02788,2026-05-26 00:00:00,Kevin Gutierrez,Equities,Equity,Anthony-Baker,Buy,2125,332.12,705755.0,Booked,False,False,2026-05-26 15:31:00,,2026-05-27 00:00:00
T02789,2026-05-26 00:00:00,Tracy Hayes,Rates,Bond,Anthony-Baker,Buy,41071,106.854,4388600.63,Booked,False,False,2026-05-26 15:49:00,,2026-05-27 00:00:00
T02790,2026-05-26 00:00:00,Raymond Williams,FX,FX Forward,Chang-Peterson,Sell,1453341,1.3946,2026829.36,Booked,False,False,2026-05-26 16:07:00,,2026-06-24 00:00:00
T02791,2026-05-26 00:00:00,Courtney Wagner,Equities,Equity,Nguyen Group,Sell,6169,133.84,825658.96,Booked,False,False,2026-05-26 17:30:00,,2026-05-27 00:00:00
T02792,2026-05-26 00:00:00,Sarah Silva,Rates,Bond,Dominguez and Sons,Buy,7961,94.969,756048.21,Booked,False,False,2026-05-26 17:52:00,,2026-05-27 00:00:00
T02793,2026-05-27 00:00:00,Raymond Williams,FX,FX Forward,Chang-Peterson,Buy,1837530,1.1707,2151196.37,Booked,False,False,2026-05-27 07:51:00,,2026-07-24 00:00:00
T02794,2026-05-27 00:00:00,Sarah Silva,Rates,Swap,Miranda and Sons,Buy,10,303106.89,3031068.9,Booked,False,False,2026-05-27 08:27:00,,2026-05-29 00:00:00
T02795,2026-05-27 00:00:00,Margaret Arellano,Commodities,Swap,Wall PLC,Sell,13,790566.49,10277364.37,Booked,False,False,2026-05-27 08:47:00,,2026-05-29 00:00:00
T02796,2026-05-27 00:00:00,Dylan Lopez,FX,FX Forward,Nguyen Group,Buy,460780,1.3955,643018.49,Amended,True,False,2026-05-27 10:14:00,2026-05-27 15:24:00,2026-06-25 00:00:00
T02797,2026-05-27 00:00:00,Kevin Gutierrez,Equities,Equity,Bishop LLC,Buy,16192,458.29,7420631.68,Cancelled,True,True,2026-05-27 10:50:00,2026-05-27 16:12:00,2026-05-28 00:00:00
T02798,2026-05-27 00:00:00,Eddie Hernandez,Credit,Bond,Dominguez and Sons,Buy,90898,110.749,10066862.6,Booked,False,False,2026-05-27 10:51:00,,2026-05-28 00:00:00
T02799,2026-05-27 00:00:00,Tracy Hayes,Rates,Bond,Crawford-Garrett,Sell,39306,90.546,3559001.08,Booked,False,False,2026-05-27 10:52:00,,2026-06-29 00:00:00
T02800,2026-05-27 00:00:00,Heather Garrett,Commodities,Swap,Powell Clark and Lopez,Buy,11,837859.38,9216453.18,Booked,False,False,2026-05-27 11:18:00,,2026-05-29 00:00:00
T02801,2026-05-27 00:00:00,Sarah Silva,Rates,Bond,Crawford-Garrett,Buy,6098,105.375,642576.75,Booked,False,False,2026-05-27 12:09:00,,2026-05-28 00:00:00
T02802,2026-05-27 00:00:00,Kevin Gutierrez,Equities,Equity,Lee PLC,Buy,13376,329.19,4403245.44,Booked,False,False,2026-05-27 12:29:00,,2026-05-28 00:00:00
T02803,2026-05-27 00:00:00,Sarah Silva,Rates,Bond,Chang-Peterson,Buy,20913,110.001,2300450.91,Booked,False,False,2026-05-27 12:36:00,,2026-05-28 00:00:00
T02804,2026-05-27 00:00:00,Sarah Silva,Rates,Bond,Chang-Peterson,Sell,86178,101.069,8709924.28,Booked,False,False,2026-05-27 12:57:00,,2026-05-28 00:00:00
T02805,2026-05-27 00:00:00,Courtney Wagner,Equities,Equity,Larsen Ray and Young,Sell,1731,399.92,692261.52,Booked,False,False,2026-05-27 13:04:00,,2026-05-28 00:00:00
T02806,2026-05-27 00:00:00,Tracy Hayes,Rates,Bond,Mitchell-Rodgers,Sell,19700,89.469,1762539.3,Booked,False,False,2026-05-27 13:07:00,,2026-05-28 00:00:00
T02807,2026-05-27 00:00:00,Tracy Hayes,Rates,Swap,Foster Jones and Reed,Sell,7,881582.29,6171076.03,Booked,False,False,2026-05-27 13:32:00,,2026-05-29 00:00:00
T02808,2026-05-27 00:00:00,Pamela Hahn,FX,Option,Larsen Ray and Young,Sell,867,728.11,631271.37,Booked,False,False,2026-05-27 14:09:00,,2026-05-28 00:00:00
T02809,2026-05-27 00:00:00,Courtney Wagner,Equities,Equity,Larsen Ray and Young,Buy,28122,203.99,5736606.78,Booked,False,False,2026-05-27 14:15:00,,2026-05-28 00:00:00
T02810,2026-05-27 00:00:00,Tracy Hayes,Rates,Swap,Anthony-Baker,Buy,85,456336.7,38788619.5,Booked,False,False,2026-05-27 14:30:00,,2026-05-29 00:00:00
T02811,2026-05-27 00:00:00,Sarah Silva,Rates,Swap,Chang-Peterson,Sell,16,960305.27,15364884.32,Booked,False,False,2026-05-27 14:34:00,,2026-05-29 00:00:00
T02812,2026-05-27 00:00:00,Joshua Stevenson,Credit,Swap,Stanton-Wilkinson,Sell,9,982073.19,8838658.71,Booked,False,False,2026-05-27 14:44:00,,2026-05-29 00:00:00
T02813,2026-05-27 00:00:00,Raymond Williams,FX,FX Forward,Lee PLC,Sell,392537,1.0242,402036.4,Booked,False,False,2026-05-27 15:27:00,,2026-07-24 00:00:00
T02814,2026-05-27 00:00:00,Courtney Wagner,Equities,Equity,Dominguez and Sons,Sell,6180,428.72,2649489.6,Booked,False,False,2026-05-27 15:47:00,,2026-05-28 00:00:00
T02815,2026-05-27 00:00:00,Dylan Lopez,FX,FX Forward,Mcconnell-Fisher,Sell,254915,1.3746,350406.16,Booked,False,False,2026-05-27 16:07:00,,2026-06-25 00:00:00
T02816,2026-05-27 00:00:00,Margaret Arellano,Commodities,Swap,Santiago Reyes and Lynch,Buy,763,982910.5,749960711.5,Booked,False,False,2026-05-27 17:43:00,,2026-05-29 00:00:00
T02817,2026-05-27 00:00:00,Raymond Williams,FX,Option,Foster Jones and Reed,Buy,1792,331.35,593779.2,Booked,False,False,2026-05-27 19:16:00,,2026-05-28 00:00:00
T02818,2026-05-28 00:00:00,Tracy Hayes,Rates,Bond,Anthony-Baker,Sell,59205,108.725,6437063.62,Booked,False,False,2026-05-28 08:38:00,,2026-05-29 00:00:00
T02819,2026-05-28 00:00:00,Joshua Stevenson,Credit,Swap,Dominguez and Sons,Sell,35,737774.33,25822101.55,Booked,False,False,2026-05-28 08:55:00,,2026-06-01 00:00:00
T02820,2026-05-28 00:00:00,Raymond Williams,FX,Option,Chang-Peterson,Sell,489,83.14,40655.46,Booked,False,False,2026-05-28 10:02:00,,2026-05-29 00:00:00
T02821,2026-05-28 00:00:00,Edward Taylor,Credit,Swap,Sullivan-Baxter,Buy,9,395091.73,3555825.57,Booked,False,False,2026-05-28 10:05:00,,2026-06-01 00:00:00
T02822,2026-05-28 00:00:00,Joshua Stevenson,Credit,Bond,Brown-Wiggins,Sell,8153,88.934,725078.9,Amended,True,False,2026-05-28 10:18:00,2026-06-15 13:44:00,2026-05-29 00:00:00
T02823,2026-05-28 00:00:00,Raymond Williams,FX,FX Forward,Dominguez and Sons,Sell,1792153,1.4602,2616901.81,Amended,True,False,2026-05-28 10:23:00,2026-05-28 18:49:00,2026-07-27 00:00:00
T02824,2026-05-28 00:00:00,Kevin Gutierrez,Equities,Equity,Anthony-Baker,Sell,6536,469.81,3070678.16,Booked,False,False,2026-05-28 10:30:00,,2026-05-29 00:00:00
T02825,2026-05-28 00:00:00,Dylan Lopez,FX,FX Forward,Stanton-Wilkinson,Sell,1657694,1.4203,2354422.79,Booked,False,False,2026-05-28 10:33:00,,2026-07-27 00:00:00
T02826,2026-05-28 00:00:00,Joshua Stevenson,Credit,Bond,Lam-Gonzalez,Buy,102631,108.495,11134950.34,Booked,False,False,2026-05-28 10:59:00,,2026-05-29 00:00:00
T02827,2026-05-28 00:00:00,Sarah Silva,Rates,Swap,Chang-Peterson,Sell,23,615712.59,14161389.57,Booked,False,False,2026-05-28 11:15:00,,2026-06-01 00:00:00
T02828,2026-05-28 00:00:00,Courtney Wagner,Equities,Equity,Brown-Wiggins,Buy,1383,263.49,364406.67,Booked,False,False,2026-05-28 11:25:00,,2026-05-29 00:00:00
T02829,2026-05-28 00:00:00,Tracy Hayes,Rates,Swap,Larsen Ray and Young,Sell,15,802195.13,12032926.95,Booked,False,False,2026-05-28 11:36:00,,2026-06-01 00:00:00
T02830,2026-05-28 00:00:00,Pamela Hahn,FX,FX Forward,Powell Clark and Lopez,Sell,3553088,1.3037,4632160.83,Booked,False,False,2026-05-28 11:58:00,,2026-08-25 00:00:00
T02831,2026-05-28 00:00:00,Courtney Wagner,Equities,Option,Dominguez and Sons,Buy,351,405.87,142460.37,Booked,False,False,2026-05-28 12:00:00,,2026-05-29 00:00:00
T02832,2026-05-28 00:00:00,Tracy Hayes,Rates,Swap,Dominguez and Sons,Buy,7,768086.34,5376604.38,Cancelled,True,True,2026-05-28 12:00:00,2026-05-29 19:46:00,2026-06-01 00:00:00
T02833,2026-05-28 00:00:00,Edward Taylor,Credit,Bond,Crawford-Garrett,Buy,6673,103.037,687565.9,Booked,False,False,2026-05-28 12:09:00,,2026-05-29 00:00:00
T02834,2026-05-28 00:00:00,Sarah Silva,Rates,Bond,Lee PLC,Buy,19158,95.661,1832673.44,Booked,False,False,2026-05-28 12:21:00,,2026-05-29 00:00:00
T02835,2026-05-28 00:00:00,Edward Taylor,Credit,Bond,Chang-Peterson,Sell,40731,109.556,4462325.44,Booked,False,False,2026-05-28 12:45:00,,2026-05-29 00:00:00
T02836,2026-05-28 00:00:00,Eddie Hernandez,Credit,Bond,Anthony-Baker,Buy,42053,88.218,3709831.55,Booked,False,False,2026-05-28 12:58:00,,2026-05-29 00:00:00
T02837,2026-05-28 00:00:00,Tracy Hayes,Rates,Bond,Anthony-Baker,Buy,21281,111.237,2367234.6,Booked,False,False,2026-05-28 12:59:00,,2026-05-29 00:00:00
T02838,2026-05-28 00:00:00,Tracy Hayes,Rates,Bond,Wright and Sons,Sell,590818,88.82,52476454.76,Booked,False,False,2026-05-28 13:44:00,,2026-05-29 00:00:00
T02839,2026-05-28 00:00:00,Tracy Hayes,Rates,Bond,Crawford-Garrett,Sell,28461,110.575,3147075.08,Booked,False,False,2026-05-28 15:03:00,,2026-05-29 00:00:00
T02840,2026-05-28 00:00:00,Eddie Hernandez,Credit,Swap,Foster Jones and Reed,Sell,13,276888.13,3599545.69,Booked,False,False,2026-05-28 15:08:00,,2026-06-01 00:00:00
T02841,2026-05-28 00:00:00,Tracy Hayes,Rates,Bond,Nguyen Group,Buy,21972,91.541,2011338.85,Booked,False,False,2026-05-28 15:25:00,,2026-05-29 00:00:00
T02842,2026-05-28 00:00:00,Tracy Hayes,Rates,Swap,Powell Clark and Lopez,Buy,3,272404.3,817212.9,Booked,False,False,2026-05-28 15:25:00,,2026-06-01 00:00:00
T02843,2026-05-28 00:00:00,Tracy Hayes,Rates,Swap,Santiago Reyes and Lynch,Buy,19,611860.59,11625351.21,Booked,False,False,2026-05-28 15:42:00,,2026-06-01 00:00:00
T02844,2026-05-28 00:00:00,Margaret Arellano,Commodities,Option,Lee PLC,Buy,333,767.44,255557.52,Booked,False,False,2026-05-28 17:05:00,,2026-05-29 00:00:00
T02845,2026-05-28 00:00:00,David Williams,Equities,Equity,Larsen Ray and Young,Sell,16065,384.65,6179402.25,Booked,False,False,2026-05-28 17:27:00,,2026-05-29 00:00:00
T02846,2026-05-28 00:00:00,Sarah Silva,Rates,Bond,Santiago Reyes and Lynch,Sell,53851,110.332,5941488.53,Booked,False,False,2026-05-28 17:29:00,,2026-05-29 00:00:00
T02847,2026-05-28 00:00:00,Courtney Wagner,Equities,Equity,Ellis Group,Sell,23066,344.03,7935395.98,Booked,False,False,2026-05-28 17:43:00,,2026-05-29 00:00:00
T02848,2026-05-28 00:00:00,Joshua Stevenson,Credit,Bond,Chang-Peterson,Sell,11947,108.44,1295532.68,Booked,False,False,2026-05-28 17:51:00,,2026-05-29 00:00:00
T02849,2026-05-28 00:00:00,David Williams,Equities,Equity,Nguyen Group,Buy,5671,203.24,1152574.04,Booked,False,False,2026-05-28 18:42:00,,2026-05-29 00:00:00
T02850,2026-05-29 00:00:00,David Williams,Equities,Equity,Anthony-Baker,Sell,16162,70.46,1138774.52,Booked,False,False,2026-05-29 08:35:00,,2026-06-01 00:00:00
T02851,2026-05-29 00:00:00,Pamela Hahn,FX,Option,Crawford-Garrett,Buy,654,141.79,92730.66,Booked,False,False,2026-05-29 09:15:00,,2026-06-01 00:00:00
T02852,2026-05-29 00:00:00,Tracy Hayes,Rates,Swap,Mcconnell-Fisher,Buy,9,552127.13,4969144.17,Booked,False,False,2026-05-29 09:55:00,,2026-06-02 00:00:00
T02853,2026-05-29 00:00:00,Pamela Hahn,FX,Option,Wright and Sons,Buy,10067,778.6,7838166.2,Booked,False,False,2026-05-29 09:57:00,,2026-06-01 00:00:00
T02854,2026-05-29 00:00:00,Sarah Silva,Rates,Swap,Lee PLC,Buy,11,359542.75,3954970.25,Booked,False,False,2026-05-29 10:05:00,,2026-06-02 00:00:00
T02855,2026-05-29 00:00:00,Edward Taylor,Credit,Swap,Fernandez-Ferguson,Buy,18,285250.08,5134501.44,Booked,False,False,2026-05-29 10:21:00,,2026-06-02 00:00:00
T02856,2026-05-29 00:00:00,Kevin Gutierrez,Equities,Equity,Santiago Reyes and Lynch,Buy,5681,236.44,1343215.64,Booked,False,False,2026-05-29 10:34:00,,2026-06-01 00:00:00
T02857,2026-05-29 00:00:00,Tracy Hayes,Rates,Swap,Chang-Peterson,Buy,10,330740.28,3307402.8,Booked,False,False,2026-05-29 11:10:00,,2026-06-02 00:00:00
T02858,2026-05-29 00:00:00,Tracy Hayes,Rates,Bond,Brown-Wiggins,Buy,10011,99.313,994222.44,Amended,True,False,2026-05-29 11:11:00,2026-05-29 21:34:00,2026-06-01 00:00:00
T02859,2026-05-29 00:00:00,Pamela Hahn,FX,Option,Powell Clark and Lopez,Buy,799,172.88,138131.12,Booked,False,False,2026-05-29 11:18:00,,2026-06-01 00:00:00
T02860,2026-05-29 00:00:00,Tracy Hayes,Rates,Swap,Lam-Gonzalez,Buy,7,771496.47,5400475.29,Booked,False,False,2026-05-29 11:22:00,,2026-06-02 00:00:00
T02861,2026-05-29 00:00:00,Heather Garrett,Commodities,Swap,Chang-Peterson,Buy,17,887005.56,15079094.52,Booked,False,False,2026-05-29 11:46:00,,2026-06-02 00:00:00
T02862,2026-05-29 00:00:00,Tracy Hayes,Rates,Swap,Lam-Gonzalez,Sell,23,323782.74,7447003.02,Booked,False,False,2026-05-29 12:06:00,,2026-06-02 00:00:00
T02863,2026-05-29 00:00:00,Heather Garrett,Commodities,Swap,Allen Morgan and Reed,Buy,18,593739.54,10687311.72,Booked,False,False,2026-05-29 12:24:00,,2026-06-02 00:00:00
T02864,2026-05-29 00:00:00,Tracy Hayes,Rates,Bond,Foster Jones and Reed,Sell,61480,111.853,6876722.44,Booked,False,False,2026-05-29 12:36:00,,2026-06-01 00:00:00
T02865,2026-05-29 00:00:00,Tracy Hayes,Rates,Bond,Mclaughlin PLC,Buy,93906,99.24,9319231.44,Booked,False,False,2026-05-29 12:41:00,,2026-06-01 00:00:00
T02866,2026-05-29 00:00:00,Tracy Hayes,Rates,Swap,Crawford-Garrett,Buy,8,515722.81,4125782.48,Booked,False,False,2026-05-29 12:47:00,,2026-06-02 00:00:00
T02867,2026-05-29 00:00:00,Pamela Hahn,FX,FX Forward,Fernandez-Ferguson,Sell,4188459,0.832,3484797.89,Booked,False,False,2026-05-29 12:51:00,,2026-05-28 00:00:00
T02868,2026-05-29 00:00:00,Pamela Hahn,FX,FX Forward,Larsen Ray and Young,Buy,2782180,1.3779,3833565.82,Booked,False,False,2026-05-29 13:01:00,,2026-08-26 00:00:00
T02869,2026-05-29 00:00:00,Pamela Hahn,FX,Option,Mitchell-Rodgers,Sell,902,377.83,340802.66,Booked,False,False,2026-05-29 13:08:00,,2026-06-01 00:00:00
T02870,2026-05-29 00:00:00,Joshua Stevenson,Credit,Bond,Foster Jones and Reed,Sell,14465,99.841,1444200.06,Booked,False,False,2026-05-29 13:17:00,,2026-06-01 00:00:00
T02871,2026-05-29 00:00:00,Courtney Wagner,Equities,Option,Brown-Wiggins,Sell,684,965.28,660251.52,Booked,False,False,2026-05-29 13:22:00,,2026-06-01 00:00:00
T02872,2026-05-29 00:00:00,Sarah Silva,Rates,Bond,Powell Clark and Lopez,Sell,42694,90.259,3853517.75,Booked,False,False,2026-05-29 13:34:00,,2026-06-01 00:00:00
T02873,2026-05-29 00:00:00,Pamela Hahn,FX,FX Forward,Larsen Ray and Young,Sell,1693428,0.9087,1538818.02,Booked,False,False,2026-05-29 14:01:00,,2026-07-28 00:00:00
T02874,2026-05-29 00:00:00,Edward Taylor,Credit,Bond,Foster Jones and Reed,Buy,2503,103.011,257836.53,Booked,False,False,2026-05-29 14:03:00,,2026-06-01 00:00:00
T02875,2026-05-29 00:00:00,Margaret Arellano,Commodities,Option,Mclaughlin PLC,Buy,1226,45.4,55660.4,Booked,False,False,2026-05-29 14:06:00,,2026-06-01 00:00:00
T02876,2026-05-29 00:00:00,Courtney Wagner,Equities,Equity,Allen Morgan and Reed,Sell,14794,162.48,2403729.12,Amended,True,False,2026-05-29 14:34:00,2026-06-02 13:55:00,2026-06-01 00:00:00
T02877,2026-05-29 00:00:00,Raymond Williams,FX,FX Forward,Mclaughlin PLC,Sell,2609229,1.4685,3831652.79,Booked,False,False,2026-05-29 15:16:00,,2026-06-29 00:00:00
T02878,2026-05-29 00:00:00,Raymond Williams,FX,FX Forward,Chang-Peterson,Sell,7216509,1.3824,9976102.04,Booked,False,False,2026-05-29 15:22:00,,2026-07-28 00:00:00
T02879,2026-05-29 00:00:00,Tracy Hayes,Rates,Bond,Chang-Peterson,Buy,15015,97.051,1457220.76,Booked,False,False,2026-05-29 15:24:00,,2026-06-01 00:00:00
T02880,2026-05-29 00:00:00,Pamela Hahn,FX,FX Forward,Larsen Ray and Young,Buy,2347627,1.4563,3418849.2,Booked,False,False,2026-05-29 15:36:00,,2026-06-29 00:00:00
T02881,2026-05-29 00:00:00,Joshua Stevenson,Credit,Bond,Mitchell-Rodgers,Buy,57519,105.902,6091377.14,Amended,True,False,2026-05-29 15:41:00,2026-06-01 13:45:00,2026-06-01 00:00:00
T02882,2026-05-29 00:00:00,Kevin Gutierrez,Equities,Equity,Chang-Peterson,Sell,1047,242.15,253531.05,Booked,False,False,2026-05-29 16:21:00,,2026-06-01 00:00:00
T02883,2026-05-29 00:00:00,Courtney Wagner,Equities,Equity,Chang-Peterson,Sell,68986,369.8,25511022.8,Booked,False,False,2026-05-29 16:23:00,,2026-06-01 00:00:00
T02884,2026-05-29 00:00:00,Dylan Lopez,FX,FX Forward,Ellis Group,Sell,15172206,1.5002,22761343.44,Amended,True,False,2026-05-29 16:45:00,2026-05-29 17:30:00,2026-07-28 00:00:00
T02885,2026-05-29 00:00:00,Eddie Hernandez,Credit,Bond,Brown-Wiggins,Buy,25767,88.056,2268938.95,Booked,False,False,2026-05-29 17:18:00,,2026-06-01 00:00:00
T02886,2026-05-29 00:00:00,Dylan Lopez,FX,FX Forward,Ellis Group,Buy,1443031,1.1466,1654579.34,Amended,True,False,2026-05-29 17:49:00,2026-06-01 15:59:00,2026-06-29 00:00:00
T02887,2026-05-29 00:00:00,Sarah Silva,Rates,Bond,Chang-Peterson,Buy,27621,104.567,2888245.11,Cancelled,True,True,2026-05-29 18:00:00,2026-06-01 14:10:00,2026-06-01 00:00:00
T02888,2026-05-29 00:00:00,Joshua Stevenson,Credit,Bond,Foster Jones and Reed,Sell,9463,91.599,866801.34,Booked,False,False,2026-05-29 18:30:00,,2026-06-01 00:00:00
T02889,2026-06-01 00:00:00,Dylan Lopez,FX,FX Forward,Chang-Peterson,Buy,4822016,1.2658,6103707.85,Booked,False,False,2026-06-01 07:00:00,,2026-07-29 00:00:00
T02890,2026-06-01 00:00:00,Courtney Wagner,Equities,Option,Bishop LLC,Sell,2671,627.55,1676186.05,Booked,False,False,2026-06-01 08:08:00,,2026-06-02 00:00:00
T02891,2026-06-01 00:00:00,Margaret Arellano,Commodities,Swap,Anthony-Baker,Sell,18,377796.54,6800337.72,Booked,False,False,2026-06-01 08:19:00,,2026-06-03 00:00:00
T02892,2026-06-01 00:00:00,Heather Garrett,Commodities,Swap,Foster Jones and Reed,Buy,40,368918.82,14756752.8,Booked,False,False,2026-06-01 08:33:00,,2026-06-03 00:00:00
T02893,2026-06-01 00:00:00,Dylan Lopez,FX,Option,Chang-Peterson,Sell,1043,214.03,223233.29,Booked,False,False,2026-06-01 10:05:00,,2026-06-02 00:00:00
T02894,2026-06-01 00:00:00,Raymond Williams,FX,FX Forward,Fernandez-Ferguson,Sell,356984,1.2777,456118.46,Booked,False,False,2026-06-01 10:48:00,,2026-07-29 00:00:00
T02895,2026-06-01 00:00:00,Courtney Wagner,Equities,Equity,Sullivan-Baxter,Sell,11877,336.29,3994116.33,Booked,False,False,2026-06-01 10:51:00,,2026-06-02 00:00:00
T02896,2026-06-01 00:00:00,Sarah Silva,Rates,Bond,Mcconnell-Fisher,Sell,61308,91.519,5610846.85,Booked,False,False,2026-06-01 11:10:00,,2026-06-02 00:00:00
T02897,2026-06-01 00:00:00,Pamela Hahn,FX,FX Forward,Crawford-Garrett,Buy,3229497,1.0628,3432309.41,Booked,False,False,2026-06-01 11:28:00,,2026-06-30 00:00:00
T02898,2026-06-01 00:00:00,Tracy Hayes,Rates,Bond,Stanton-Wilkinson,Sell,10342,96.126,994135.09,Booked,False,False,2026-06-01 11:39:00,,2026-06-02 00:00:00
T02899,2026-06-01 00:00:00,Tracy Hayes,Rates,Swap,Fernandez-Ferguson,Buy,1246,272804.55,339914469.3,Booked,False,False,2026-06-01 11:57:00,,2026-06-03 00:00:00
T02900,2026-06-01 00:00:00,Tracy Hayes,Rates,Swap,Morales-Woodard,Sell,15,284619.0,4269285.0,Booked,False,False,2026-06-01 11:59:00,,2026-06-03 00:00:00
T02901,2026-06-01 00:00:00,Kevin Gutierrez,Equities,Equity,Lee PLC,Buy,2603,188.98,491914.94,Booked,False,False,2026-06-01 12:01:00,,2026-06-02 00:00:00
T02902,2026-06-01 00:00:00,David Williams,Equities,Option,Chang-Peterson,Buy,923,483.54,446307.42,Booked,False,False,2026-06-01 12:11:00,,2026-06-02 00:00:00
T02903,2026-06-01 00:00:00,Sarah Silva,Rates,Swap,Mclaughlin PLC,Sell,2,742549.16,1485098.32,Booked,False,False,2026-06-01 12:15:00,,2026-06-03 00:00:00
T02904,2026-06-01 00:00:00,Pamela Hahn,FX,FX Forward,Morales-Woodard,Sell,813627,0.8135,661885.56,Booked,False,False,2026-06-01 12:16:00,,2026-08-27 00:00:00
T02905,2026-06-01 00:00:00,Pamela Hahn,FX,FX Forward,Bishop LLC,Buy,700129,0.8009,560733.32,Booked,False,False,2026-06-01 12:41:00,,2026-06-30 00:00:00
T02906,2026-06-01 00:00:00,Natalie Castillo,Rates,Bond,Chang-Peterson,Sell,28356,93.669,2656078.16,Amended,True,False,2026-06-01 12:46:00,2026-06-03 18:16:00,2026-06-02 00:00:00
T02907,2026-06-01 00:00:00,Heather Garrett,Commodities,Swap,Sullivan-Baxter,Buy,36,280681.48,10104533.28,Booked,False,False,2026-06-01 12:55:00,,2026-06-03 00:00:00
T02908,2026-06-01 00:00:00,Natalie Castillo,Rates,Bond,Chang-Peterson,Sell,1151,106.434,122505.53,Booked,False,False,2026-06-01 12:59:00,,2026-06-02 00:00:00
T02909,2026-06-01 00:00:00,Tracy Hayes,Rates,Bond,Wall PLC,Buy,124486,106.58,13267717.88,Booked,False,False,2026-06-01 13:08:00,,2026-06-02 00:00:00
T02910,2026-06-01 00:00:00,Kevin Gutierrez,Equities,Equity,Bishop LLC,Buy,5904,47.68,281502.72,Booked,False,False,2026-06-01 13:19:00,,2026-06-02 00:00:00
T02911,2026-06-01 00:00:00,Kevin Gutierrez,Equities,Equity,Sullivan-Baxter,Sell,5928,391.92,2323301.76,Booked,False,False,2026-06-01 13:30:00,,2026-06-02 00:00:00
T02912,2026-06-01 00:00:00,Courtney Wagner,Equities,Equity,Chang-Peterson,Buy,11828,368.81,4362284.68,Booked,False,False,2026-06-01 13:47:00,,2026-06-02 00:00:00
T02913,2026-06-01 00:00:00,Tracy Hayes,Rates,Swap,Wall PLC,Buy,32,955072.13,30562308.16,Booked,False,False,2026-06-01 13:56:00,,2026-06-03 00:00:00
T02914,2026-06-01 00:00:00,Raymond Williams,FX,FX Forward,Wright and Sons,Buy,515399,1.3524,697025.61,Booked,False,False,2026-06-01 13:58:00,,2026-06-30 00:00:00
T02915,2026-06-01 00:00:00,Sarah Silva,Rates,Bond,Ellis Group,Buy,51223,92.784,4752674.83,Cancelled,True,True,2026-06-01 14:37:00,2026-06-03 20:21:00,2026-06-02 00:00:00
T02916,2026-06-01 00:00:00,Joshua Stevenson,Credit,Bond,Anthony-Baker,Sell,204013,105.67,21558053.71,Booked,False,False,2026-06-01 14:46:00,,2026-06-02 00:00:00
T02917,2026-06-01 00:00:00,David Williams,Equities,Equity,Foster Jones and Reed,Sell,2919,448.04,1307828.76,Booked,False,False,2026-06-01 14:50:00,,2026-06-02 00:00:00
T02918,2026-06-01 00:00:00,Pamela Hahn,FX,Option,Chang-Peterson,Buy,1610,989.74,1593481.4,Amended,True,False,2026-06-01 14:51:00,2026-06-02 11:05:00,2026-06-02 00:00:00
T02919,2026-06-01 00:00:00,Sarah Silva,Rates,Swap,Stanton-Wilkinson,Sell,69,559291.87,38591139.03,Booked,False,False,2026-06-01 16:07:00,,2026-06-03 00:00:00
T02920,2026-06-01 00:00:00,Raymond Williams,FX,FX Forward,Nguyen Group,Buy,1622845,0.9972,1618301.03,Booked,False,False,2026-06-01 17:24:00,,2026-06-30 00:00:00
T02921,2026-06-01 00:00:00,Courtney Wagner,Equities,Equity,Ellis Group,Buy,15667,233.44,3657304.48,Booked,False,False,2026-06-01 18:01:00,,2026-06-02 00:00:00
T02922,2026-06-02 00:00:00,Joshua Stevenson,Credit,Bond,Ellis Group,Buy,21332,107.338,2289734.22,Booked,False,False,2026-06-02 07:00:00,,2026-06-03 00:00:00
T02923,2026-06-02 00:00:00,Tracy Hayes,Rates,Swap,Chang-Peterson,Sell,25,806150.34,20153758.5,Booked,False,False,2026-06-02 07:44:00,,2026-06-04 00:00:00
T02924,2026-06-02 00:00:00,Tracy Hayes,Rates,Swap,Chang-Peterson,Sell,26,951551.95,24740350.7,Booked,False,False,2026-06-02 09:12:00,,2026-06-04 00:00:00
T02925,2026-06-02 00:00:00,Joshua Stevenson,Credit,Bond,Anthony-Baker,Sell,19396,89.167,1729483.13,Booked,False,False,2026-06-02 09:33:00,,2026-06-03 00:00:00
T02926,2026-06-02 00:00:00,Sarah Silva,Rates,Bond,Chang-Peterson,Sell,12204,105.329,1285435.12,Booked,False,False,2026-06-02 09:35:00,,2026-06-03 00:00:00
T02927,2026-06-02 00:00:00,Kevin Gutierrez,Equities,Equity,Chang-Peterson,Sell,7521,60.34,453817.14,Booked,False,False,2026-06-02 09:36:00,,2026-06-03 00:00:00
T02928,2026-06-02 00:00:00,Kevin Gutierrez,Equities,Equity,Chang-Peterson,Sell,1825,219.83,401189.75,Booked,False,False,2026-06-02 09:59:00,,2026-06-03 00:00:00
T02929,2026-06-02 00:00:00,Pamela Hahn,FX,Option,Bishop LLC,Buy,278,807.58,224507.24,Booked,False,False,2026-06-02 10:17:00,,2026-06-03 00:00:00
T02930,2026-06-02 00:00:00,Sarah Silva,Rates,Bond,Mclaughlin PLC,Sell,17136,103.425,1772290.8,Amended,True,False,2026-06-02 10:23:00,2026-06-02 11:08:00,2026-06-03 00:00:00
T02931,2026-06-02 00:00:00,Dylan Lopez,FX,Option,Santiago Reyes and Lynch,Sell,1533,473.43,725768.19,Booked,False,False,2026-06-02 10:38:00,,2026-06-03 00:00:00
T02932,2026-06-02 00:00:00,Edward Taylor,Credit,Bond,Chang-Peterson,Sell,9552,95.224,909579.65,Booked,False,False,2026-06-02 10:40:00,,2026-06-03 00:00:00
T02933,2026-06-02 00:00:00,Kevin Gutierrez,Equities,Option,Crawford-Garrett,Sell,6528,1087.42,7098677.76,Amended,True,False,2026-06-02 10:56:00,2026-06-02 13:46:00,2026-06-03 00:00:00
T02934,2026-06-02 00:00:00,Courtney Wagner,Equities,Equity,Morales-Woodard,Sell,2420,362.32,876814.4,Booked,False,False,2026-06-02 11:04:00,,2026-06-03 00:00:00
T02935,2026-06-02 00:00:00,Kevin Gutierrez,Equities,Equity,Chang-Peterson,Buy,30801,451.82,13916507.82,Booked,False,False,2026-06-02 11:25:00,,2026-06-03 00:00:00
T02936,2026-06-02 00:00:00,Heather Garrett,Commodities,Option,Anthony-Baker,Buy,463,160.04,74098.52,Booked,False,False,2026-06-02 11:25:00,,2026-06-03 00:00:00
T02937,2026-06-02 00:00:00,Pamela Hahn,FX,FX Forward,Sullivan-Baxter,Sell,5401385,1.0811,5839437.32,Booked,False,False,2026-06-02 11:38:00,,2026-07-30 00:00:00
T02938,2026-06-02 00:00:00,Kevin Gutierrez,Equities,Equity,Foster Jones and Reed,Sell,2631,458.5,1206313.5,Booked,False,False,2026-06-02 11:38:00,,2026-06-03 00:00:00
T02939,2026-06-02 00:00:00,Sarah Silva,Rates,Bond,Crawford-Garrett,Sell,38687,92.719,3587019.95,Booked,False,False,2026-06-02 11:45:00,,2026-06-03 00:00:00
T02940,2026-06-02 00:00:00,Joshua Wilson,Commodities,Option,Wall PLC,Sell,739,737.65,545123.35,Booked,False,False,2026-06-02 11:51:00,,2026-06-03 00:00:00
T02941,2026-06-02 00:00:00,Pamela Hahn,FX,Option,Santiago Reyes and Lynch,Sell,151,337.25,50924.75,Booked,False,False,2026-06-02 12:05:00,,2026-06-03 00:00:00
T02942,2026-06-02 00:00:00,Tracy Hayes,Rates,Bond,Morales-Woodard,Sell,4332,90.65,392695.8,Booked,False,False,2026-06-02 12:42:00,,2026-06-03 00:00:00
T02943,2026-06-02 00:00:00,Sarah Silva,Rates,Bond,Bishop LLC,Sell,29043,104.529,3035835.75,Cancelled,True,True,2026-06-02 13:16:00,2026-06-03 18:02:00,2026-06-03 00:00:00
T02944,2026-06-02 00:00:00,Courtney Wagner,Equities,Equity,Chang-Peterson,Sell,4088,296.85,1213522.8,Booked,False,False,2026-06-02 13:20:00,,2026-06-03 00:00:00
T02945,2026-06-02 00:00:00,Pamela Hahn,FX,FX Forward,Crawford-Garrett,Sell,5931230,1.3735,8146544.4,Booked,False,False,2026-06-02 13:31:00,,2026-08-28 00:00:00
T02946,2026-06-02 00:00:00,Tracy Hayes,Rates,Bond,Mclaughlin PLC,Buy,47919,101.806,4878441.71,Booked,False,False,2026-06-02 13:46:00,,2026-06-03 00:00:00
T02947,2026-06-02 00:00:00,Tracy Hayes,Rates,Bond,Larsen Ray and Young,Buy,17026,103.204,1757151.3,Booked,False,False,2026-06-02 13:47:00,,2026-06-03 00:00:00
T02948,2026-06-02 00:00:00,Eddie Hernandez,Credit,Swap,Dominguez and Sons,Buy,23,461936.98,10624550.54,Booked,False,False,2026-06-02 14:06:00,,2026-06-04 00:00:00
T02949,2026-06-02 00:00:00,David Williams,Equities,Equity,Crawford-Garrett,Sell,33904,429.47,14560750.88,Booked,False,False,2026-06-02 14:16:00,,2026-06-03 00:00:00
T02950,2026-06-02 00:00:00,Courtney Wagner,Equities,Equity,Wright and Sons,Buy,11877,73.27,870227.79,Amended,True,False,2026-06-02 14:16:00,2026-06-04 13:41:00,2026-06-03 00:00:00
T02951,2026-06-02 00:00:00,Tracy Hayes,Rates,Swap,Allen Morgan and Reed,Buy,32,481792.4,15417356.8,Booked,False,False,2026-06-02 14:21:00,,2026-06-04 00:00:00
T02952,2026-06-02 00:00:00,Dylan Lopez,FX,Option,Chang-Peterson,Buy,272,694.16,188811.52,Booked,False,False,2026-06-02 14:26:00,,2026-06-03 00:00:00
T02953,2026-06-02 00:00:00,Joshua Stevenson,Credit,Bond,Larsen Ray and Young,Sell,51937,90.201,4684769.34,Booked,False,False,2026-06-02 14:30:00,,2026-06-03 00:00:00
T02954,2026-06-02 00:00:00,Tracy Hayes,Rates,Swap,Fernandez-Ferguson,Buy,11,308663.9,3395302.9,Booked,False,False,2026-06-02 14:33:00,,2026-06-04 00:00:00
T02955,2026-06-02 00:00:00,Courtney Wagner,Equities,Option,Dominguez and Sons,Sell,451,1014.87,457706.37,Amended,True,False,2026-06-02 14:38:00,2026-06-02 15:23:00,2026-06-03 00:00:00
T02956,2026-06-02 00:00:00,Natalie Castillo,Rates,Bond,Crawford-Garrett,Buy,4358,109.27,476198.66,Booked,False,False,2026-06-02 15:30:00,,2026-06-03 00:00:00
T02957,2026-06-02 00:00:00,Sarah Silva,Rates,Swap,Chang-Peterson,Sell,3,363534.94,1090604.82,Booked,False,False,2026-06-02 15:59:00,,2026-06-04 00:00:00
T02958,2026-06-02 00:00:00,Heather Garrett,Commodities,Option,Brown-Wiggins,Sell,326,1220.76,397967.76,Booked,False,False,2026-06-02 16:00:00,,2026-06-03 00:00:00
T02959,2026-06-02 00:00:00,Dylan Lopez,FX,FX Forward,Mclaughlin PLC,Buy,2372961,0.968,2297026.25,Booked,False,False,2026-06-02 16:37:00,,2026-07-30 00:00:00
T02960,2026-06-02 00:00:00,Kevin Gutierrez,Equities,Equity,Mclaughlin PLC,Buy,1991,85.99,171206.09,Booked,False,False,2026-06-02 16:58:00,,2026-06-03 00:00:00
T02961,2026-06-02 00:00:00,Raymond Williams,FX,Option,Ellis Group,Buy,446,732.99,326913.54,Booked,False,False,2026-06-02 17:30:00,,2026-06-03 00:00:00
T02962,2026-06-03 00:00:00,Natalie Castillo,Rates,Swap,Fernandez-Ferguson,Buy,20,944853.88,18897077.6,Booked,False,False,2026-06-03 08:18:00,,2026-06-05 00:00:00
T02963,2026-06-03 00:00:00,Tracy Hayes,Rates,Swap,Mitchell-Rodgers,Buy,4,707246.82,2828987.28,Cancelled,True,True,2026-06-03 08:42:00,2026-06-03 17:53:00,2026-06-05 00:00:00
T02964,2026-06-03 00:00:00,Tracy Hayes,Rates,Swap,Dominguez and Sons,Buy,5,858255.97,4291279.85,Booked,False,False,2026-06-03 09:36:00,,2026-06-05 00:00:00
T02965,2026-06-03 00:00:00,Joshua Wilson,Commodities,Swap,Brown-Wiggins,Sell,15,499240.63,7488609.45,Amended,True,False,2026-06-03 10:15:00,2026-06-03 15:49:00,2026-06-05 00:00:00
T02966,2026-06-03 00:00:00,Sarah Silva,Rates,Bond,Anthony-Baker,Sell,233004,108.642,25314020.57,Booked,False,False,2026-06-03 10:23:00,,2026-06-04 00:00:00
T02967,2026-06-03 00:00:00,Raymond Williams,FX,FX Forward,Ellis Group,Sell,1908267,1.6097,3071737.39,Cancelled,True,True,2026-06-03 10:25:00,2026-06-03 11:21:00,2026-08-31 00:00:00
T02968,2026-06-03 00:00:00,Joshua Wilson,Commodities,Swap,Powell Clark and Lopez,Sell,27,821081.47,22169199.69,Booked,False,False,2026-06-03 10:25:00,,2026-06-05 00:00:00
T02969,2026-06-03 00:00:00,Margaret Arellano,Commodities,Swap,Larsen Ray and Young,Buy,8,730472.41,5843779.28,Booked,False,False,2026-06-03 10:46:00,,2026-06-05 00:00:00
T02970,2026-06-03 00:00:00,Kevin Gutierrez,Equities,Equity,Larsen Ray and Young,Buy,3066,369.47,1132795.02,Booked,False,False,2026-06-03 11:09:00,,2026-06-04 00:00:00
T02971,2026-06-03 00:00:00,Joshua Stevenson,Credit,Swap,Wall PLC,Buy,57,261423.22,14901123.54,Booked,False,False,2026-06-03 11:37:00,,2026-06-05 00:00:00
T02972,2026-06-03 00:00:00,Kevin Gutierrez,Equities,Equity,Lam-Gonzalez,Sell,4180,412.95,1726131.0,Booked,False,False,2026-06-03 11:43:00,,2026-06-04 00:00:00
T02973,2026-06-03 00:00:00,Raymond Williams,FX,FX Forward,Anthony-Baker,Buy,362542,1.6099,583656.37,Booked,False,False,2026-06-03 11:49:00,,2026-08-31 00:00:00
T02974,2026-06-03 00:00:00,Tracy Hayes,Rates,Bond,Lam-Gonzalez,Buy,64254,88.536,5688792.14,Booked,False,False,2026-06-03 12:23:00,,2026-06-04 00:00:00
T02975,2026-06-03 00:00:00,Sarah Silva,Rates,Swap,Chang-Peterson,Buy,1,482261.99,482261.99,Booked,False,False,2026-06-03 12:51:00,,2026-06-05 00:00:00
T02976,2026-06-03 00:00:00,Tracy Hayes,Rates,Bond,Powell Clark and Lopez,Sell,12907,110.358,1424390.71,Booked,False,False,2026-06-03 13:27:00,,2026-06-04 00:00:00
T02977,2026-06-03 00:00:00,Tracy Hayes,Rates,Bond,Nguyen Group,Sell,71284,100.512,7164897.41,Booked,False,False,2026-06-03 13:39:00,,2026-06-04 00:00:00
T02978,2026-06-03 00:00:00,Sarah Silva,Rates,Bond,Powell Clark and Lopez,Sell,21149,93.837,1984558.71,Booked,False,False,2026-06-03 13:40:00,,2026-06-04 00:00:00
T02979,2026-06-03 00:00:00,Tracy Hayes,Rates,Bond,Larsen Ray and Young,Sell,80978,93.187,7546096.89,Booked,False,False,2026-06-03 13:57:00,,2026-06-04 00:00:00
T02980,2026-06-03 00:00:00,Courtney Wagner,Equities,Equity,Chang-Peterson,Sell,8188,343.62,2813560.56,Booked,False,False,2026-06-03 14:24:00,,2026-06-04 00:00:00
T02981,2026-06-03 00:00:00,Pamela Hahn,FX,FX Forward,Anthony-Baker,Sell,1541390,1.2677,1954020.1,Amended,True,False,2026-06-03 14:40:00,2026-06-03 15:01:00,2026-07-02 00:00:00
T02982,2026-06-03 00:00:00,Dylan Lopez,FX,FX Forward,Larsen Ray and Young,Sell,3647371,1.3592,4957506.66,Booked,False,False,2026-06-03 14:49:00,,2026-08-31 00:00:00
T02983,2026-06-03 00:00:00,Tracy Hayes,Rates,Bond,Ellis Group,Sell,31137,103.198,3213276.13,Booked,False,False,2026-06-03 15:43:00,,2026-06-04 00:00:00
T02984,2026-06-03 00:00:00,Edward Taylor,Credit,Swap,Mcconnell-Fisher,Buy,77,469062.89,36117842.53,Booked,False,False,2026-06-03 16:04:00,,2026-06-05 00:00:00
T02985,2026-06-03 00:00:00,Kevin Gutierrez,Equities,Equity,Anthony-Baker,Buy,960,64.66,62073.6,Booked,False,False,2026-06-03 16:37:00,,2026-06-04 00:00:00
T02986,2026-06-03 00:00:00,Margaret Arellano,Commodities,Swap,Foster Jones and Reed,Buy,2,435080.87,870161.74,Booked,False,False,2026-06-03 16:56:00,,2026-06-05 00:00:00
T02987,2026-06-03 00:00:00,Tracy Hayes,Rates,Bond,Anthony-Baker,Buy,248336,107.717,26750008.91,Cancelled,True,True,2026-06-03 17:22:00,2026-06-05 14:26:00,2026-06-04 00:00:00
T02988,2026-06-03 00:00:00,Joshua Stevenson,Credit,Bond,Lee PLC,Buy,21545,110.731,2385699.4,Booked,False,False,2026-06-03 18:36:00,,2026-06-04 00:00:00
T02989,2026-06-04 00:00:00,Pamela Hahn,FX,FX Forward,Crawford-Garrett,Sell,7061256,1.4457,10208457.8,Booked,False,False,2026-06-04 08:27:00,,2026-07-03 00:00:00
T02990,2026-06-04 00:00:00,Courtney Wagner,Equities,Option,Crawford-Garrett,Buy,725,1193.52,865302.0,Amended,True,False,2026-06-04 09:07:00,2026-06-04 14:17:00,2026-06-05 00:00:00
T02991,2026-06-04 00:00:00,Pamela Hahn,FX,FX Forward,Chang-Peterson,Sell,815301,1.2327,1005021.54,Booked,False,False,2026-06-04 09:47:00,,2026-09-01 00:00:00
T02992,2026-06-04 00:00:00,Courtney Wagner,Equities,Option,Ellis Group,Sell,921,367.4,338375.4,Booked,False,False,2026-06-04 10:16:00,,2026-06-05 00:00:00
T02993,2026-06-04 00:00:00,Margaret Arellano,Commodities,Option,Wright and Sons,Sell,530,540.75,286597.5,Booked,False,False,2026-06-04 10:19:00,,2026-06-05 00:00:00
T02994,2026-06-04 00:00:00,Kevin Gutierrez,Equities,Equity,Ellis Group,Sell,4439,113.35,503160.65,Booked,False,False,2026-06-04 10:23:00,,2026-06-05 00:00:00
T02995,2026-06-04 00:00:00,Courtney Wagner,Equities,Option,Mcconnell-Fisher,Buy,1237,1097.94,1358151.78,Booked,False,False,2026-06-04 10:36:00,,2026-06-05 00:00:00
T02996,2026-06-04 00:00:00,Kevin Gutierrez,Equities,Equity,Wright and Sons,Sell,2452,118.29,290047.08,Booked,False,False,2026-06-04 10:41:00,,2026-06-05 00:00:00
T02997,2026-06-04 00:00:00,Courtney Wagner,Equities,Equity,Wall PLC,Buy,9903,197.01,1950990.03,Booked,False,False,2026-06-04 10:57:00,,2026-06-05 00:00:00
T02998,2026-06-04 00:00:00,Courtney Wagner,Equities,Equity,Mcconnell-Fisher,Sell,3784,429.1,1623714.4,Booked,False,False,2026-06-04 11:01:00,,2026-06-05 00:00:00
T02999,2026-06-04 00:00:00,Sarah Silva,Rates,Swap,Sullivan-Baxter,Buy,7,314811.34,2203679.38,Booked,False,False,2026-06-04 11:54:00,,2026-06-08 00:00:00
T03000,2026-06-04 00:00:00,Tracy Hayes,Rates,Swap,Mitchell-Rodgers,Sell,16,257141.64,4114266.24,Booked,False,False,2026-06-04 11:55:00,,2026-06-08 00:00:00
T03001,2026-06-04 00:00:00,Courtney Wagner,Equities,Equity,Mitchell-Rodgers,Buy,2904,350.97,1019216.88,Booked,False,False,2026-06-04 11:56:00,,2026-06-05 00:00:00
T03002,2026-06-04 00:00:00,Edward Taylor,Credit,Bond,Morales-Woodard,Buy,23378,107.637,2516337.79,Booked,False,False,2026-06-04 12:25:00,,2026-06-05 00:00:00
T03003,2026-06-04 00:00:00,Sarah Silva,Rates,Swap,Stanton-Wilkinson,Sell,17,397292.58,6753973.86,Booked,False,False,2026-06-04 13:01:00,,2026-06-08 00:00:00
T03004,2026-06-04 00:00:00,Edward Taylor,Credit,Bond,Fernandez-Ferguson,Buy,35805,94.546,3385219.53,Booked,False,False,2026-06-04 13:18:00,,2026-06-05 00:00:00
T03005,2026-06-04 00:00:00,Tracy Hayes,Rates,Swap,Larsen Ray and Young,Buy,47,993335.94,46686789.18,Amended,True,False,2026-06-04 13:21:00,2026-06-05 12:41:00,2026-06-08 00:00:00
T03006,2026-06-04 00:00:00,Joshua Stevenson,Credit,Bond,Bishop LLC,Buy,42773,91.9,3930838.7,Amended,True,False,2026-06-04 13:26:00,2026-06-04 17:11:00,2026-06-05 00:00:00
T03007,2026-06-04 00:00:00,Sarah Silva,Rates,Swap,Santiago Reyes and Lynch,Buy,12,468817.46,5625809.52,Booked,False,False,2026-06-04 13:32:00,,2026-06-08 00:00:00
T03008,2026-06-04 00:00:00,Joshua Stevenson,Credit,Bond,Dominguez and Sons,Buy,40242,96.005,3863433.21,Booked,False,False,2026-06-04 13:44:00,,2026-06-05 00:00:00
T03009,2026-06-04 00:00:00,Tracy Hayes,Rates,Bond,Larsen Ray and Young,Buy,17280,111.798,1931869.44,Booked,False,False,2026-06-04 14:12:00,,2026-06-05 00:00:00
T03010,2026-06-04 00:00:00,Kevin Gutierrez,Equities,Option,Crawford-Garrett,Sell,413,522.55,215813.15,Booked,False,False,2026-06-04 14:48:00,,2026-06-05 00:00:00
T03011,2026-06-04 00:00:00,Eddie Hernandez,Credit,Swap,Fernandez-Ferguson,Buy,3,774342.13,2323026.39,Booked,False,False,2026-06-04 14:50:00,,2026-06-08 00:00:00
T03012,2026-06-04 00:00:00,Tracy Hayes,Rates,Bond,Crawford-Garrett,Sell,21280,93.977,1999830.56,Booked,False,False,2026-06-04 14:56:00,,2026-06-05 00:00:00
T03013,2026-06-04 00:00:00,Courtney Wagner,Equities,Option,Crawford-Garrett,Buy,1135,701.17,795827.95,Booked,False,False,2026-06-04 14:57:00,,2026-06-05 00:00:00
T03014,2026-06-04 00:00:00,Sarah Silva,Rates,Swap,Stanton-Wilkinson,Sell,14,837552.75,11725738.5,Amended,True,False,2026-06-04 15:05:00,2026-06-05 17:04:00,2026-06-08 00:00:00
T03015,2026-06-04 00:00:00,Sarah Silva,Rates,Swap,Larsen Ray and Young,Buy,21,964187.01,20247927.21,Cancelled,True,True,2026-06-04 15:30:00,2026-06-05 23:00:00,2026-06-08 00:00:00
T03016,2026-06-04 00:00:00,Sarah Silva,Rates,Bond,Fernandez-Ferguson,Sell,30596,88.43,2705604.28,Booked,False,False,2026-06-04 15:32:00,,2026-06-05 00:00:00
T03017,2026-06-04 00:00:00,Natalie Castillo,Rates,Swap,Chang-Peterson,Sell,3,474081.9,1422245.7,Booked,False,False,2026-06-04 15:54:00,,2026-06-08 00:00:00
T03018,2026-06-04 00:00:00,Tracy Hayes,Rates,Bond,Mclaughlin PLC,Sell,13524,105.313,1424253.01,Booked,False,False,2026-06-04 17:06:00,,2026-06-05 00:00:00
T03019,2026-06-04 00:00:00,Tracy Hayes,Rates,Bond,Ellis Group,Sell,33498,88.583,2967353.33,Booked,False,False,2026-06-04 17:07:00,,2026-06-05 00:00:00
T03020,2026-06-05 00:00:00,Margaret Arellano,Commodities,Swap,Mitchell-Rodgers,Buy,6,759563.43,4557380.58,Booked,False,False,2026-06-05 07:39:00,,2026-06-09 00:00:00
T03021,2026-06-05 00:00:00,Raymond Williams,FX,FX Forward,Sullivan-Baxter,Buy,2803963,1.0175,2853032.35,Booked,False,False,2026-06-05 07:46:00,,2026-08-04 00:00:00
T03022,2026-06-05 00:00:00,Raymond Williams,FX,FX Forward,Sullivan-Baxter,Sell,850055,1.2955,1101246.25,Booked,False,False,2026-06-05 08:21:00,,2026-07-06 00:00:00
T03023,2026-06-05 00:00:00,Sarah Silva,Rates,Swap,Mclaughlin PLC,Buy,28,619840.35,17355529.8,Booked,False,False,2026-06-05 09:03:00,,2026-06-09 00:00:00
T03024,2026-06-05 00:00:00,Tracy Hayes,Rates,Bond,Miranda and Sons,Buy,21887,92.242,2018900.65,Booked,False,False,2026-06-05 09:54:00,,2026-06-08 00:00:00
T03025,2026-06-05 00:00:00,Heather Garrett,Commodities,Swap,Stanton-Wilkinson,Buy,9,880591.0,7925319.0,Booked,False,False,2026-06-05 10:31:00,,2026-06-09 00:00:00
T03026,2026-06-05 00:00:00,Sarah Silva,Rates,Bond,Dominguez and Sons,Sell,23361,105.502,2464632.22,Cancelled,True,True,2026-06-05 10:50:00,2026-06-09 14:01:00,2026-06-08 00:00:00
T03027,2026-06-05 00:00:00,Courtney Wagner,Equities,Equity,Nguyen Group,Sell,7779,148.41,1154481.39,Booked,False,False,2026-06-05 10:59:00,,2026-06-08 00:00:00
T03028,2026-06-05 00:00:00,Heather Garrett,Commodities,Swap,Mclaughlin PLC,Sell,21,860185.33,18063891.93,Booked,False,False,2026-06-05 11:11:00,,2026-06-09 00:00:00
T03029,2026-06-05 00:00:00,Raymond Williams,FX,FX Forward,Nguyen Group,Sell,10202972,1.4876,15177941.15,Booked,False,False,2026-06-05 11:29:00,,2026-09-02 00:00:00
T03030,2026-06-05 00:00:00,Heather Garrett,Commodities,Option,Anthony-Baker,Buy,397,267.25,106098.25,Booked,False,False,2026-06-05 11:31:00,,2026-06-08 00:00:00
T03031,2026-06-05 00:00:00,Eddie Hernandez,Credit,Swap,Mclaughlin PLC,Sell,22,552149.33,12147285.26,Booked,False,False,2026-06-05 11:54:00,,2026-06-09 00:00:00
T03032,2026-06-05 00:00:00,Pamela Hahn,FX,Option,Dominguez and Sons,Sell,1117,556.05,621107.85,Booked,False,False,2026-06-05 11:55:00,,2026-06-08 00:00:00
T03033,2026-06-05 00:00:00,Tracy Hayes,Rates,Swap,Mitchell-Rodgers,Buy,8,935810.63,7486485.04,Booked,False,False,2026-06-05 12:00:00,,2026-06-09 00:00:00
T03034,2026-06-05 00:00:00,Sarah Silva,Rates,Bond,Powell Clark and Lopez,Sell,22752,92.522,2105060.54,Booked,False,False,2026-06-05 12:23:00,,2026-06-08 00:00:00
T03035,2026-06-05 00:00:00,Raymond Williams,FX,FX Forward,Allen Morgan and Reed,Buy,678891,1.3296,902653.47,Booked,False,False,2026-06-05 12:26:00,,2026-09-02 00:00:00
T03036,2026-06-05 00:00:00,Pamela Hahn,FX,FX Forward,Mitchell-Rodgers,Buy,2187842,1.0091,2207751.36,Booked,False,False,2026-06-05 12:27:00,,2026-09-02 00:00:00
T03037,2026-06-05 00:00:00,Raymond Williams,FX,FX Forward,Mcconnell-Fisher,Buy,3991801,1.0629,4242885.28,Booked,False,False,2026-06-05 13:08:00,,2026-08-04 00:00:00
T03038,2026-06-05 00:00:00,Tracy Hayes,Rates,Bond,Mitchell-Rodgers,Buy,11156,92.187,1028438.17,Booked,False,False,2026-06-05 13:19:00,,2026-06-08 00:00:00
T03039,2026-06-05 00:00:00,Kevin Gutierrez,Equities,Option,Chang-Peterson,Buy,275,1069.95,294236.25,Booked,False,False,2026-06-05 13:31:00,,2026-06-08 00:00:00
T03040,2026-06-05 00:00:00,Tracy Hayes,Rates,Bond,Mclaughlin PLC,Buy,9206,90.088,829350.13,Booked,False,False,2026-06-05 13:36:00,,2026-06-08 00:00:00
T03041,2026-06-05 00:00:00,Courtney Wagner,Equities,Option,Larsen Ray and Young,Buy,2779,470.88,1308575.52,Booked,False,False,2026-06-05 13:54:00,,2026-06-08 00:00:00
T03042,2026-06-05 00:00:00,Margaret Arellano,Commodities,Swap,Chang-Peterson,Buy,42,707802.57,29727707.94,Booked,False,False,2026-06-05 13:55:00,,2026-06-09 00:00:00
T03043,2026-06-05 00:00:00,Kevin Gutierrez,Equities,Equity,Powell Clark and Lopez,Buy,3481,135.97,473311.57,Booked,False,False,2026-06-05 14:02:00,,2026-06-08 00:00:00
T03044,2026-06-05 00:00:00,Eddie Hernandez,Credit,Bond,Lee PLC,Sell,10938,98.607,1078563.37,Booked,False,False,2026-06-05 14:11:00,,2026-06-08 00:00:00
T03045,2026-06-05 00:00:00,Margaret Arellano,Commodities,Option,Foster Jones and Reed,Buy,360,205.26,73893.6,Cancelled,True,True,2026-06-05 14:24:00,2026-06-05 15:09:00,2026-06-08 00:00:00
T03046,2026-06-05 00:00:00,David Williams,Equities,Equity,Wright and Sons,Sell,18637,379.52,7073114.24,Booked,False,False,2026-06-05 14:50:00,,2026-06-08 00:00:00
T03047,2026-06-05 00:00:00,Sarah Silva,Rates,Bond,Anthony-Baker,Sell,62482,91.361,5708418.0,Booked,False,False,2026-06-05 15:19:00,,2026-06-08 00:00:00
T03048,2026-06-05 00:00:00,Joshua Wilson,Commodities,Option,Brown-Wiggins,Buy,405,617.18,249957.9,Booked,False,False,2026-06-05 15:35:00,,2026-06-08 00:00:00
T03049,2026-06-05 00:00:00,Tracy Hayes,Rates,Bond,Mclaughlin PLC,Buy,33409,91.777,3066177.79,Booked,False,False,2026-06-05 15:41:00,,2026-06-08 00:00:00
T03050,2026-06-05 00:00:00,Pamela Hahn,FX,FX Forward,Chang-Peterson,Sell,2800645,1.3001,3641118.56,Booked,False,False,2026-06-05 15:48:00,,2026-09-02 00:00:00
T03051,2026-06-05 00:00:00,Sarah Silva,Rates,Swap,Chang-Peterson,Buy,6,330625.41,1983752.46,Booked,False,False,2026-06-05 16:04:00,,2026-06-09 00:00:00
T03052,2026-06-05 00:00:00,Pamela Hahn,FX,FX Forward,Chang-Peterson,Sell,5628118,0.9116,5130592.37,Booked,False,False,2026-06-05 16:05:00,,2026-08-04 00:00:00
T03053,2026-06-05 00:00:00,Courtney Wagner,Equities,Equity,Lee PLC,Sell,18471,142.63,2634518.73,Booked,False,False,2026-06-05 16:12:00,,2026-06-08 00:00:00
T03054,2026-06-05 00:00:00,Sarah Silva,Rates,Swap,Fernandez-Ferguson,Buy,15,760876.92,11413153.8,Cancelled,True,True,2026-06-05 16:25:00,2026-06-08 13:20:00,2026-06-09 00:00:00
T03055,2026-06-05 00:00:00,Courtney Wagner,Equities,Option,Fernandez-Ferguson,Sell,895,1070.96,958509.2,Booked,False,False,2026-06-05 16:52:00,,2026-06-08 00:00:00
T03056,2026-06-05 00:00:00,Pamela Hahn,FX,FX Forward,Anthony-Baker,Buy,1645273,1.1783,1938625.18,Booked,False,False,2026-06-05 17:30:00,,2026-07-06 00:00:00
T03057,2026-06-05 00:00:00,Tracy Hayes,Rates,Swap,Chang-Peterson,Sell,5,833769.95,4168849.75,Booked,False,False,2026-06-05 17:33:00,,2026-06-09 00:00:00
T03058,2026-06-05 00:00:00,Margaret Arellano,Commodities,Swap,Powell Clark and Lopez,Buy,8,796632.64,6373061.12,Booked,False,False,2026-06-05 17:33:00,,2026-06-09 00:00:00
T03059,2026-06-05 00:00:00,Joshua Stevenson,Credit,Bond,Nguyen Group,Sell,49791,109.306,5442455.05,Booked,False,False,2026-06-05 17:36:00,,2026-06-08 00:00:00
T03060,2026-06-08 00:00:00,Raymond Williams,FX,FX Forward,Chang-Peterson,Buy,1928565,1.1609,2238871.11,Booked,False,False,2026-06-08 07:00:00,,2026-09-03 00:00:00
T03061,2026-06-08 00:00:00,Courtney Wagner,Equities,Equity,Larsen Ray and Young,Buy,10151,342.59,3477631.09,Booked,False,False,2026-06-08 09:11:00,,2026-06-08 00:00:00
T03062,2026-06-08 00:00:00,Courtney Wagner,Equities,Equity,Anthony-Baker,Sell,11182,214.77,2401558.14,Booked,False,False,2026-06-08 10:26:00,,2026-06-09 00:00:00
T03063,2026-06-08 00:00:00,Raymond Williams,FX,Option,Wall PLC,Sell,408,631.82,257782.56,Amended,True,False,2026-06-08 10:38:00,2026-06-09 16:33:00,2026-06-09 00:00:00
T03064,2026-06-08 00:00:00,Joshua Wilson,Commodities,Swap,Chang-Peterson,Sell,39,854879.12,33340285.68,Booked,False,False,2026-06-08 10:50:00,,2026-06-10 00:00:00
T03065,2026-06-08 00:00:00,Heather Garrett,Commodities,Swap,Mcconnell-Fisher,Buy,15,313691.61,4705374.15,Booked,False,False,2026-06-08 11:04:00,,2026-06-10 00:00:00
T03066,2026-06-08 00:00:00,Sarah Silva,Rates,Swap,Mclaughlin PLC,Sell,15,617487.53,9262312.95,Booked,False,False,2026-06-08 11:06:00,,2026-06-10 00:00:00
T03067,2026-06-08 00:00:00,Kevin Gutierrez,Equities,Option,Mitchell-Rodgers,Buy,194,1076.45,208831.3,Booked,False,False,2026-06-08 12:18:00,,2026-06-09 00:00:00
T03068,2026-06-08 00:00:00,Kevin Gutierrez,Equities,Option,Mclaughlin PLC,Buy,678,602.14,408250.92,Booked,False,False,2026-06-08 13:20:00,,2026-06-09 00:00:00
T03069,2026-06-08 00:00:00,Tracy Hayes,Rates,Bond,Ellis Group,Buy,36202,89.98,3257455.96,Booked,False,False,2026-06-08 13:50:00,,2026-06-09 00:00:00
T03070,2026-06-08 00:00:00,Eddie Hernandez,Credit,Bond,Mclaughlin PLC,Sell,37292,108.006,4027759.75,Booked,False,False,2026-06-08 13:52:00,,2026-06-09 00:00:00
T03071,2026-06-08 00:00:00,Kevin Gutierrez,Equities,Equity,Larsen Ray and Young,Sell,4094,23.72,97109.68,Booked,False,False,2026-06-08 13:58:00,,2026-06-09 00:00:00
T03072,2026-06-08 00:00:00,Tracy Hayes,Rates,Swap,Foster Jones and Reed,Sell,18,254461.77,4580311.86,Booked,False,False,2026-06-08 14:34:00,,2026-06-10 00:00:00
T03073,2026-06-08 00:00:00,Tracy Hayes,Rates,Bond,Wright and Sons,Buy,7197,97.187,699454.84,Booked,False,False,2026-06-08 14:43:00,,2026-06-09 00:00:00
T03074,2026-06-08 00:00:00,Joshua Wilson,Commodities,Option,Ellis Group,Buy,486,333.15,161910.9,Amended,True,False,2026-06-08 14:44:00,2026-06-09 16:30:00,2026-06-09 00:00:00
T03075,2026-06-08 00:00:00,Tracy Hayes,Rates,Swap,Chang-Peterson,Buy,22,977865.46,21513040.12,Booked,False,False,2026-06-08 14:47:00,,2026-06-10 00:00:00
T03076,2026-06-08 00:00:00,Tracy Hayes,Rates,Bond,Mitchell-Rodgers,Buy,30265,96.851,2931195.52,Booked,False,False,2026-06-08 15:00:00,,2026-06-09 00:00:00
T03077,2026-06-08 00:00:00,Natalie Castillo,Rates,Bond,Bishop LLC,Buy,27262,109.128,2975047.54,Booked,False,False,2026-06-08 15:08:00,,2026-06-09 00:00:00
T03078,2026-06-08 00:00:00,Sarah Silva,Rates,Swap,Larsen Ray and Young,Buy,33,531280.1,17532243.3,Booked,False,False,2026-06-08 15:22:00,,2026-06-10 00:00:00
T03079,2026-06-08 00:00:00,Margaret Arellano,Commodities,Swap,Chang-Peterson,Sell,16,472283.23,7556531.68,Booked,False,False,2026-06-08 15:39:00,,2026-06-10 00:00:00
T03080,2026-06-08 00:00:00,Dylan Lopez,FX,FX Forward,Chang-Peterson,Sell,852761,1.3919,1186958.04,Booked,False,False,2026-06-08 16:15:00,,2026-09-03 00:00:00
T03081,2026-06-08 00:00:00,Natalie Castillo,Rates,Bond,Miranda and Sons,Sell,12213,88.52,1081094.76,Booked,False,False,2026-06-08 17:39:00,,2026-06-09 00:00:00
T03082,2026-06-08 00:00:00,Pamela Hahn,FX,FX Forward,Stanton-Wilkinson,Buy,2492504,1.1282,2812043.01,Booked,False,False,2026-06-08 17:43:00,,2026-07-07 00:00:00
T03083,2026-06-09 00:00:00,Pamela Hahn,FX,FX Forward,Larsen Ray and Young,Sell,4556692,1.5021,6844607.05,Booked,False,False,2026-06-09 08:19:00,,2026-08-06 00:00:00
T03084,2026-06-09 00:00:00,Raymond Williams,FX,FX Forward,Foster Jones and Reed,Buy,348618,1.4695,512294.15,Booked,False,False,2026-06-09 09:13:00,,2026-09-04 00:00:00
T03085,2026-06-09 00:00:00,Joshua Stevenson,Credit,Bond,Morales-Woodard,Sell,10277,96.065,987260.0,Booked,False,False,2026-06-09 09:19:00,,2026-06-10 00:00:00
T03086,2026-06-09 00:00:00,Tracy Hayes,Rates,Swap,Stanton-Wilkinson,Buy,3,606658.87,1819976.61,Booked,False,False,2026-06-09 09:46:00,,2026-06-11 00:00:00
T03087,2026-06-09 00:00:00,David Williams,Equities,Equity,Santiago Reyes and Lynch,Sell,839,100.89,84646.71,Booked,False,False,2026-06-09 09:54:00,,2026-06-10 00:00:00
T03088,2026-06-09 00:00:00,Raymond Williams,FX,FX Forward,Anthony-Baker,Sell,3400453,1.3923,4734450.71,Booked,False,False,2026-06-09 10:06:00,,2026-08-06 00:00:00
T03089,2026-06-09 00:00:00,Sarah Silva,Rates,Bond,Allen Morgan and Reed,Buy,42017,105.078,4415062.33,Booked,False,False,2026-06-09 10:09:00,,2026-06-10 00:00:00
T03090,2026-06-09 00:00:00,Courtney Wagner,Equities,Equity,Mcconnell-Fisher,Sell,1210,470.38,569159.8,Booked,False,False,2026-06-09 10:40:00,,2026-06-10 00:00:00
T03091,2026-06-09 00:00:00,Sarah Silva,Rates,Swap,Stanton-Wilkinson,Sell,34,747692.29,25421537.86,Booked,False,False,2026-06-09 10:41:00,,2026-06-11 00:00:00
T03092,2026-06-09 00:00:00,Kevin Gutierrez,Equities,Equity,Crawford-Garrett,Buy,1291,54.06,69791.46,Booked,False,False,2026-06-09 10:53:00,,2026-06-10 00:00:00
T03093,2026-06-09 00:00:00,Tracy Hayes,Rates,Swap,Larsen Ray and Young,Buy,29,292038.81,8469125.49,Booked,False,False,2026-06-09 10:59:00,,2026-06-11 00:00:00
T03094,2026-06-09 00:00:00,Pamela Hahn,FX,FX Forward,Stanton-Wilkinson,Buy,2491889,0.8609,2145267.24,Booked,False,False,2026-06-09 11:20:00,,2026-08-06 00:00:00
T03095,2026-06-09 00:00:00,Courtney Wagner,Equities,Equity,Ellis Group,Sell,4511,97.79,441130.69,Booked,False,False,2026-06-09 11:26:00,,2026-06-10 00:00:00
T03096,2026-06-09 00:00:00,Tracy Hayes,Rates,Bond,Lam-Gonzalez,Sell,30096,104.918,3157612.13,Booked,False,False,2026-06-09 11:49:00,,2026-06-10 00:00:00
T03097,2026-06-09 00:00:00,Tracy Hayes,Rates,Bond,Anthony-Baker,Sell,26367,103.963,2741192.42,Booked,False,False,2026-06-09 12:10:00,,2026-06-10 00:00:00
T03098,2026-06-09 00:00:00,Sarah Silva,Rates,Bond,Anthony-Baker,Sell,26594,102.32,2721098.08,Booked,False,False,2026-06-09 12:19:00,,2026-06-10 00:00:00
T03099,2026-06-09 00:00:00,Joshua Stevenson,Credit,Bond,Mclaughlin PLC,Sell,8256,92.539,764001.98,Booked,False,False,2026-06-09 12:32:00,,2026-06-10 00:00:00
T03100,2026-06-09 00:00:00,Raymond Williams,FX,Option,Anthony-Baker,Sell,1817,467.42,849302.14,Booked,False,False,2026-06-09 12:35:00,,2026-06-10 00:00:00
T03101,2026-06-09 00:00:00,Joshua Stevenson,Credit,Bond,Lam-Gonzalez,Buy,25977,98.668,2563098.64,Booked,False,False,2026-06-09 13:11:00,,2026-06-10 00:00:00
T03102,2026-06-09 00:00:00,Tracy Hayes,Rates,Bond,Foster Jones and Reed,Buy,195269,104.603,20425723.21,Booked,False,False,2026-06-09 13:18:00,,2026-06-10 00:00:00
T03103,2026-06-09 00:00:00,Eddie Hernandez,Credit,Swap,Chang-Peterson,Sell,9,404218.27,3637964.43,Booked,False,False,2026-06-09 13:28:00,,2026-06-11 00:00:00
T03104,2026-06-09 00:00:00,Heather Garrett,Commodities,Option,Larsen Ray and Young,Buy,1146,536.73,615092.58,Booked,False,False,2026-06-09 14:00:00,,2026-06-10 00:00:00
T03105,2026-06-09 00:00:00,Raymond Williams,FX,FX Forward,Nguyen Group,Sell,2806259,1.0229,2870522.33,Booked,False,False,2026-06-09 14:02:00,,2026-07-08 00:00:00
T03106,2026-06-09 00:00:00,Raymond Williams,FX,FX Forward,Chang-Peterson,Buy,589174,0.7937,467627.4,Booked,False,False,2026-06-09 14:18:00,,2026-08-06 00:00:00
T03107,2026-06-09 00:00:00,Heather Garrett,Commodities,Option,Dominguez and Sons,Sell,2683,1074.91,2883983.53,Booked,False,False,2026-06-09 14:47:00,,2026-06-10 00:00:00
T03108,2026-06-09 00:00:00,Eddie Hernandez,Credit,Bond,Anthony-Baker,Buy,22181,100.891,2237863.27,Amended,True,False,2026-06-09 14:48:00,2026-06-11 11:39:00,2026-06-10 00:00:00
T03109,2026-06-09 00:00:00,Eddie Hernandez,Credit,Bond,Dominguez and Sons,Buy,10682,99.121,1058810.52,Booked,False,False,2026-06-09 15:03:00,,2026-06-10 00:00:00
T03110,2026-06-09 00:00:00,David Williams,Equities,Equity,Bishop LLC,Buy,2621,366.26,959967.46,Amended,True,False,2026-06-09 15:14:00,2026-06-09 15:26:00,2026-06-10 00:00:00
T03111,2026-06-09 00:00:00,Joshua Stevenson,Credit,Bond,Ellis Group,Sell,21629,107.837,2332406.47,Booked,False,False,2026-06-09 15:29:00,,2026-06-10 00:00:00
T03112,2026-06-09 00:00:00,Natalie Castillo,Rates,Swap,Stanton-Wilkinson,Sell,3,637113.99,1911341.97,Booked,False,False,2026-06-09 17:18:00,,2026-06-11 00:00:00
T03113,2026-06-09 00:00:00,Tracy Hayes,Rates,Bond,Brown-Wiggins,Buy,4649,90.509,420776.34,Booked,False,False,2026-06-09 17:36:00,,2026-06-10 00:00:00
T03114,2026-06-09 00:00:00,Sarah Silva,Rates,Bond,Stanton-Wilkinson,Buy,9504,91.973,874111.39,Booked,False,False,2026-06-09 17:42:00,,2026-06-10 00:00:00
T03115,2026-06-09 00:00:00,Natalie Castillo,Rates,Bond,Crawford-Garrett,Sell,24455,100.91,2467754.05,Booked,False,False,2026-06-09 18:35:00,,2026-06-10 00:00:00
T03116,2026-06-09 00:00:00,Margaret Arellano,Commodities,Swap,Brown-Wiggins,Sell,19,718400.04,13649600.76,Booked,False,False,2026-06-09 18:54:00,,2026-06-11 00:00:00
T03117,2026-06-10 00:00:00,Sarah Silva,Rates,Bond,Mclaughlin PLC,Sell,19179,109.881,2107407.7,Cancelled,True,True,2026-06-10 07:00:00,2026-06-11 17:17:00,2026-06-11 00:00:00
T03118,2026-06-10 00:00:00,Sarah Silva,Rates,Bond,Brown-Wiggins,Buy,19400,98.291,1906845.4,Booked,False,False,2026-06-10 07:00:00,,2026-06-11 00:00:00
T03119,2026-06-10 00:00:00,Margaret Arellano,Commodities,Option,Crawford-Garrett,Buy,683,920.35,628599.05,Booked,False,False,2026-06-10 07:29:00,,2026-06-11 00:00:00
T03120,2026-06-10 00:00:00,Eddie Hernandez,Credit,Bond,Powell Clark and Lopez,Buy,12416,100.198,1244058.37,Booked,False,False,2026-06-10 08:16:00,,2026-06-11 00:00:00
T03121,2026-06-10 00:00:00,Dylan Lopez,FX,FX Forward,Miranda and Sons,Buy,6904264,0.7998,5522030.35,Booked,False,False,2026-06-10 08:43:00,,2026-09-07 00:00:00
T03122,2026-06-10 00:00:00,Courtney Wagner,Equities,Equity,Morales-Woodard,Sell,17647,352.72,6224449.84,Amended,True,False,2026-06-10 08:54:00,2026-06-11 07:30:00,2026-06-11 00:00:00
T03123,2026-06-10 00:00:00,Margaret Arellano,Commodities,Swap,Sullivan-Baxter,Sell,46,726797.44,33432682.24,Booked,False,False,2026-06-10 09:12:00,,2026-06-12 00:00:00
T03124,2026-06-10 00:00:00,Raymond Williams,FX,FX Forward,Ellis Group,Sell,2459070,1.0229,2515382.7,Booked,False,False,2026-06-10 09:22:00,,2026-08-07 00:00:00
T03125,2026-06-10 00:00:00,Kevin Gutierrez,Equities,Equity,Dominguez and Sons,Buy,9153,256.54,2348110.62,Booked,False,False,2026-06-10 10:02:00,,2026-06-11 00:00:00
T03126,2026-06-10 00:00:00,Tracy Hayes,Rates,Bond,Crawford-Garrett,Sell,6494,98.415,639107.01,Cancelled,True,True,2026-06-10 10:17:00,2026-06-10 12:13:00,2026-06-11 00:00:00
T03127,2026-06-10 00:00:00,Sarah Silva,Rates,Bond,Mclaughlin PLC,Buy,31429,110.692,3478938.87,Booked,False,False,2026-06-10 10:38:00,,2026-06-11 00:00:00
T03128,2026-06-10 00:00:00,Tracy Hayes,Rates,Bond,Mclaughlin PLC,Buy,12211,106.116,1295782.48,Booked,False,False,2026-06-10 10:39:00,,2026-06-11 00:00:00
T03129,2026-06-10 00:00:00,Joshua Wilson,Commodities,Option,Chang-Peterson,Buy,986,898.07,885497.02,Booked,False,False,2026-06-10 10:42:00,,2026-06-11 00:00:00
T03130,2026-06-10 00:00:00,Sarah Silva,Rates,Bond,Ellis Group,Sell,71207,96.998,6906936.59,Booked,False,False,2026-06-10 11:23:00,,2026-06-11 00:00:00
T03131,2026-06-10 00:00:00,Courtney Wagner,Equities,Option,Foster Jones and Reed,Buy,381,668.0,254508.0,Booked,False,False,2026-06-10 11:25:00,,2026-06-11 00:00:00
T03132,2026-06-10 00:00:00,Sarah Silva,Rates,Bond,Santiago Reyes and Lynch,Buy,61885,101.469,6279409.06,Booked,False,False,2026-06-10 11:26:00,,2026-06-11 00:00:00
T03133,2026-06-10 00:00:00,Kevin Gutierrez,Equities,Equity,Mclaughlin PLC,Sell,4779,60.74,290276.46,Booked,False,False,2026-06-10 11:56:00,,2026-06-11 00:00:00
T03134,2026-06-10 00:00:00,Edward Taylor,Credit,Bond,Crawford-Garrett,Buy,43906,98.74,4335278.44,Booked,False,False,2026-06-10 11:56:00,,2026-06-11 00:00:00
T03135,2026-06-10 00:00:00,Pamela Hahn,FX,FX Forward,Wright and Sons,Sell,1021313,1.1417,1166033.05,Booked,False,False,2026-06-10 12:34:00,,2026-07-09 00:00:00
T03136,2026-06-10 00:00:00,Heather Garrett,Commodities,Option,Mclaughlin PLC,Buy,267,203.48,54329.16,Booked,False,False,2026-06-10 13:25:00,,2026-06-11 00:00:00
T03137,2026-06-10 00:00:00,Dylan Lopez,FX,FX Forward,Mclaughlin PLC,Buy,1972912,1.4553,2871178.83,Booked,False,False,2026-06-10 13:40:00,,2026-09-07 00:00:00
T03138,2026-06-10 00:00:00,Raymond Williams,FX,FX Forward,Stanton-Wilkinson,Buy,1713399,0.9157,1568959.46,Amended,True,False,2026-06-10 13:40:00,2026-06-10 14:27:00,2026-08-07 00:00:00
T03139,2026-06-10 00:00:00,Pamela Hahn,FX,Option,Lam-Gonzalez,Buy,940,626.39,588806.6,Booked,False,False,2026-06-10 14:37:00,,2026-06-11 00:00:00
T03140,2026-06-10 00:00:00,Joshua Stevenson,Credit,Bond,Mclaughlin PLC,Buy,18896,100.814,1904981.34,Booked,False,False,2026-06-10 14:41:00,,2026-06-11 00:00:00
T03141,2026-06-10 00:00:00,Tracy Hayes,Rates,Bond,Nguyen Group,Sell,12873,98.937,1273616.0,Booked,False,False,2026-06-10 14:43:00,,2026-06-11 00:00:00
T03142,2026-06-10 00:00:00,Tracy Hayes,Rates,Bond,Brown-Wiggins,Sell,4701,110.226,518172.43,Booked,False,False,2026-06-10 14:45:00,,2026-06-11 00:00:00
T03143,2026-06-10 00:00:00,Kevin Gutierrez,Equities,Equity,Foster Jones and Reed,Sell,1090,15.52,16916.8,Booked,False,False,2026-06-10 15:00:00,,2026-06-11 00:00:00
T03144,2026-06-10 00:00:00,Raymond Williams,FX,FX Forward,Bishop LLC,Buy,1160149,0.8133,943549.18,Booked,False,False,2026-06-10 15:09:00,,2026-09-07 00:00:00
T03145,2026-06-10 00:00:00,Raymond Williams,FX,Option,Mitchell-Rodgers,Buy,1495,813.56,1216272.2,Booked,False,False,2026-06-10 15:15:00,,2026-06-11 00:00:00
T03146,2026-06-10 00:00:00,Natalie Castillo,Rates,Bond,Miranda and Sons,Buy,13284,96.648,1283872.03,Booked,False,False,2026-06-10 16:01:00,,2026-06-11 00:00:00
T03147,2026-06-10 00:00:00,Tracy Hayes,Rates,Swap,Dominguez and Sons,Sell,10,767057.24,7670572.4,Booked,False,False,2026-06-10 16:03:00,,2026-06-12 00:00:00
T03148,2026-06-10 00:00:00,Sarah Silva,Rates,Bond,Mcconnell-Fisher,Sell,14597,91.726,1338924.42,Booked,False,False,2026-06-10 16:05:00,,2026-06-11 00:00:00
T03149,2026-06-10 00:00:00,David Williams,Equities,Equity,Larsen Ray and Young,Buy,22442,119.62,2684512.04,Booked,False,False,2026-06-10 17:06:00,,2026-06-11 00:00:00
T03150,2026-06-10 00:00:00,Courtney Wagner,Equities,Option,Miranda and Sons,Sell,850,674.22,573087.0,Booked,False,False,2026-06-10 17:12:00,,2026-06-11 00:00:00
T03151,2026-06-10 00:00:00,Joshua Stevenson,Credit,Bond,Sullivan-Baxter,Buy,10839,91.294,989535.67,Booked,False,False,2026-06-10 18:42:00,,2026-06-11 00:00:00
T03152,2026-06-11 00:00:00,Sarah Silva,Rates,Bond,Fernandez-Ferguson,Sell,18576,103.701,1926349.78,Booked,False,False,2026-06-11 08:15:00,,2026-06-12 00:00:00
T03153,2026-06-11 00:00:00,Dylan Lopez,FX,FX Forward,Mclaughlin PLC,Sell,4238963,1.1752,4981629.32,Booked,False,False,2026-06-11 08:37:00,,2026-09-08 00:00:00
T03154,2026-06-11 00:00:00,Eddie Hernandez,Credit,Bond,Chang-Peterson,Sell,30935,88.984,2752720.04,Booked,False,False,2026-06-11 08:55:00,,2026-06-12 00:00:00
T03155,2026-06-11 00:00:00,Sarah Silva,Rates,Bond,Lam-Gonzalez,Buy,11046,94.344,1042123.82,Booked,False,False,2026-06-11 09:17:00,,2026-06-12 00:00:00
T03156,2026-06-11 00:00:00,Raymond Williams,FX,FX Forward,Dominguez and Sons,Buy,1826849,0.9102,1662797.96,Amended,True,False,2026-06-11 09:38:00,2026-06-30 13:24:00,2026-08-10 00:00:00
T03157,2026-06-11 00:00:00,Courtney Wagner,Equities,Equity,Fernandez-Ferguson,Buy,5628,244.17,1374188.76,Booked,False,False,2026-06-11 09:43:00,,2026-06-12 00:00:00
T03158,2026-06-11 00:00:00,Sarah Silva,Rates,Swap,Lee PLC,Sell,10,621537.72,6215377.2,Amended,True,False,2026-06-11 10:09:00,2026-06-25 14:50:00,2026-06-15 00:00:00
T03159,2026-06-11 00:00:00,Sarah Silva,Rates,Bond,Mclaughlin PLC,Sell,11181,110.263,1232850.6,Booked,False,False,2026-06-11 10:37:00,,2026-06-12 00:00:00
T03160,2026-06-11 00:00:00,Tracy Hayes,Rates,Swap,Chang-Peterson,Sell,11,308167.09,3389837.99,Booked,False,False,2026-06-11 10:41:00,,2026-06-15 00:00:00
T03161,2026-06-11 00:00:00,Tracy Hayes,Rates,Bond,Anthony-Baker,Buy,9764,110.998,1083784.47,Booked,False,False,2026-06-11 11:26:00,,2026-06-12 00:00:00
T03162,2026-06-11 00:00:00,Tracy Hayes,Rates,Bond,Nguyen Group,Sell,6195,102.444,634640.58,Booked,False,False,2026-06-11 11:53:00,,2026-06-12 00:00:00
T03163,2026-06-11 00:00:00,Raymond Williams,FX,FX Forward,Crawford-Garrett,Buy,2023998,1.2271,2483647.95,Booked,False,False,2026-06-11 11:55:00,,2026-07-10 00:00:00
T03164,2026-06-11 00:00:00,Dylan Lopez,FX,FX Forward,Crawford-Garrett,Sell,58414975,1.0596,61896507.51,Booked,False,False,2026-06-11 12:05:00,,2026-07-10 00:00:00
T03165,2026-06-11 00:00:00,Eddie Hernandez,Credit,Bond,Crawford-Garrett,Buy,35549,109.836,3904559.96,Booked,False,False,2026-06-11 12:07:00,,2026-06-12 00:00:00
T03166,2026-06-11 00:00:00,Tracy Hayes,Rates,Bond,Fernandez-Ferguson,Buy,83758,105.423,8830019.63,Booked,False,False,2026-06-11 12:14:00,,2026-06-12 00:00:00
T03167,2026-06-11 00:00:00,Kevin Gutierrez,Equities,Option,Miranda and Sons,Buy,1365,1225.15,1672329.75,Booked,False,False,2026-06-11 12:37:00,,2026-06-12 00:00:00
T03168,2026-06-11 00:00:00,Courtney Wagner,Equities,Equity,Chang-Peterson,Sell,10272,22.91,235331.52,Booked,False,False,2026-06-11 12:37:00,,2026-06-12 00:00:00
T03169,2026-06-11 00:00:00,Pamela Hahn,FX,FX Forward,Chang-Peterson,Buy,3727604,1.3709,5110172.32,Booked,False,False,2026-06-11 12:59:00,,2026-08-10 00:00:00
T03170,2026-06-11 00:00:00,Sarah Silva,Rates,Bond,Mclaughlin PLC,Buy,32288,89.389,2886192.03,Amended,True,False,2026-06-11 13:00:00,2026-06-12 11:22:00,2026-06-12 00:00:00
T03171,2026-06-11 00:00:00,Raymond Williams,FX,FX Forward,Morales-Woodard,Buy,2447888,1.4009,3429246.3,Booked,False,False,2026-06-11 13:03:00,,2026-09-08 00:00:00
T03172,2026-06-11 00:00:00,Eddie Hernandez,Credit,Bond,Lam-Gonzalez,Buy,10126,101.678,1029591.43,Booked,False,False,2026-06-11 13:03:00,,2026-06-12 00:00:00
T03173,2026-06-11 00:00:00,Natalie Castillo,Rates,Swap,Larsen Ray and Young,Buy,31,663102.96,20556191.76,Booked,False,False,2026-06-11 13:13:00,,2026-06-15 00:00:00
T03174,2026-06-11 00:00:00,Raymond Williams,FX,FX Forward,Miranda and Sons,Sell,2273194,0.8832,2007684.94,Booked,False,False,2026-06-11 13:20:00,,2026-08-10 00:00:00
T03175,2026-06-11 00:00:00,Margaret Arellano,Commodities,Swap,Larsen Ray and Young,Buy,22,802860.76,17662936.72,Booked,False,False,2026-06-11 13:24:00,,2026-06-15 00:00:00
T03176,2026-06-11 00:00:00,Joshua Stevenson,Credit,Swap,Chang-Peterson,Sell,10,884514.38,8845143.8,Booked,False,False,2026-06-11 13:24:00,,2026-06-15 00:00:00
T03177,2026-06-11 00:00:00,Dylan Lopez,FX,FX Forward,Miranda and Sons,Buy,3897887,1.3485,5256300.62,Booked,False,False,2026-06-11 13:34:00,,2026-08-10 00:00:00
T03178,2026-06-11 00:00:00,Tracy Hayes,Rates,Swap,Larsen Ray and Young,Buy,9,934595.44,8411358.96,Booked,False,False,2026-06-11 13:37:00,,2026-06-15 00:00:00
T03179,2026-06-11 00:00:00,Tracy Hayes,Rates,Bond,Wall PLC,Sell,22304,105.212,2346648.45,Booked,False,False,2026-06-11 13:39:00,,2026-06-12 00:00:00
T03180,2026-06-11 00:00:00,Courtney Wagner,Equities,Equity,Chang-Peterson,Buy,4814,354.81,1708055.34,Booked,False,False,2026-06-11 13:44:00,,2026-06-12 00:00:00
T03181,2026-06-11 00:00:00,Raymond Williams,FX,FX Forward,Dominguez and Sons,Buy,1658570,0.9598,1591895.49,Booked,False,False,2026-06-11 13:53:00,,2026-07-10 00:00:00
T03182,2026-06-11 00:00:00,Pamela Hahn,FX,FX Forward,Chang-Peterson,Buy,13639808,1.0737,14645061.85,Booked,False,False,2026-06-11 14:19:00,,2026-07-10 00:00:00
T03183,2026-06-11 00:00:00,Heather Garrett,Commodities,Swap,Larsen Ray and Young,Sell,8,706850.85,5654806.8,Booked,False,False,2026-06-11 14:20:00,,2026-06-15 00:00:00
T03184,2026-06-11 00:00:00,Pamela Hahn,FX,FX Forward,Miranda and Sons,Sell,556577,1.5263,849503.48,Booked,False,False,2026-06-11 14:38:00,,2026-09-08 00:00:00
T03185,2026-06-11 00:00:00,Margaret Arellano,Commodities,Option,Ellis Group,Sell,467,1069.9,499643.3,Booked,False,False,2026-06-11 15:18:00,,2026-06-12 00:00:00
T03186,2026-06-11 00:00:00,Raymond Williams,FX,FX Forward,Chang-Peterson,Buy,815137,1.6081,1310821.81,Amended,True,False,2026-06-11 15:31:00,2026-06-15 11:16:00,2026-09-08 00:00:00
T03187,2026-06-11 00:00:00,Kevin Gutierrez,Equities,Equity,Crawford-Garrett,Buy,10139,47.2,478560.8,Cancelled,True,True,2026-06-11 15:40:00,2026-06-11 18:31:00,2026-06-12 00:00:00
T03188,2026-06-11 00:00:00,Kevin Gutierrez,Equities,Option,Foster Jones and Reed,Buy,1042,184.73,192488.66,Booked,False,False,2026-06-11 16:00:00,,2026-06-12 00:00:00
T03189,2026-06-11 00:00:00,Pamela Hahn,FX,FX Forward,Dominguez and Sons,Buy,6696764,1.2009,8042143.89,Booked,False,False,2026-06-11 16:29:00,,2026-09-08 00:00:00
T03190,2026-06-11 00:00:00,Tracy Hayes,Rates,Swap,Crawford-Garrett,Sell,39,689278.86,26881875.54,Booked,False,False,2026-06-11 17:55:00,,2026-06-15 00:00:00
T03191,2026-06-11 00:00:00,Eddie Hernandez,Credit,Bond,Stanton-Wilkinson,Sell,22969,96.051,2206195.42,Booked,False,False,2026-06-11 18:00:00,,2026-06-12 00:00:00
T03192,2026-06-11 00:00:00,Margaret Arellano,Commodities,Option,Chang-Peterson,Buy,1001,947.29,948237.29,Booked,False,False,2026-06-11 18:21:00,,2026-06-12 00:00:00
T03193,2026-06-11 00:00:00,Tracy Hayes,Rates,Bond,Wall PLC,Sell,26676,96.731,2580396.16,Booked,False,False,2026-06-11 18:30:00,,2026-06-12 00:00:00
T03194,2026-06-11 00:00:00,Kevin Gutierrez,Equities,Equity,Larsen Ray and Young,Buy,4510,345.73,1559242.3,Booked,False,False,2026-06-11 19:25:00,,2026-06-12 00:00:00
T03195,2026-06-12 00:00:00,Pamela Hahn,FX,FX Forward,Crawford-Garrett,Sell,1823259,1.3825,2520655.57,Booked,False,False,2026-06-12 08:12:00,,2026-09-09 00:00:00
T03196,2026-06-12 00:00:00,Courtney Wagner,Equities,Equity,Crawford-Garrett,Buy,14562,238.85,3478133.7,Booked,False,False,2026-06-12 09:04:00,,2026-06-15 00:00:00
T03197,2026-06-12 00:00:00,Eddie Hernandez,Credit,Bond,Wright and Sons,Buy,11648,91.997,1071581.06,Cancelled,True,True,2026-06-12 09:06:00,2026-06-12 11:44:00,2026-06-15 00:00:00
T03198,2026-06-12 00:00:00,Tracy Hayes,Rates,Bond,Larsen Ray and Young,Buy,29636,89.711,2658675.2,Amended,True,False,2026-06-12 09:20:00,2026-06-19 12:54:00,2026-06-15 00:00:00
T03199,2026-06-12 00:00:00,Kevin Gutierrez,Equities,Equity,Wright and Sons,Buy,2958,144.55,427578.9,Booked,False,False,2026-06-12 09:48:00,,2026-06-15 00:00:00
T03200,2026-06-12 00:00:00,Tracy Hayes,Rates,Bond,Anthony-Baker,Buy,23391,94.342,2206753.72,Booked,False,False,2026-06-12 10:08:00,,2026-06-15 00:00:00
T03201,2026-06-12 00:00:00,Dylan Lopez,FX,FX Forward,Mclaughlin PLC,Buy,506876,1.3472,682863.35,Booked,False,False,2026-06-12 11:01:00,,2026-07-13 00:00:00
T03202,2026-06-12 00:00:00,Courtney Wagner,Equities,Equity,Crawford-Garrett,Buy,25133,180.69,4541281.77,Booked,False,False,2026-06-12 11:16:00,,2026-06-15 00:00:00
T03203,2026-06-12 00:00:00,David Williams,Equities,Equity,Chang-Peterson,Sell,2588,209.93,543298.84,Booked,False,False,2026-06-12 11:36:00,,2026-06-15 00:00:00
T03204,2026-06-12 00:00:00,Sarah Silva,Rates,Swap,Chang-Peterson,Buy,16,332875.55,5326008.8,Booked,False,False,2026-06-12 11:41:00,,2026-06-16 00:00:00
T03205,2026-06-12 00:00:00,David Williams,Equities,Equity,Larsen Ray and Young,Sell,3006,190.36,572222.16,Amended,True,False,2026-06-12 11:50:00,2026-06-12 12:27:00,2026-06-15 00:00:00
T03206,2026-06-12 00:00:00,Raymond Williams,FX,Option,Larsen Ray and Young,Sell,674,574.35,387111.9,Booked,False,False,2026-06-12 12:00:00,,2026-06-15 00:00:00
T03207,2026-06-12 00:00:00,Kevin Gutierrez,Equities,Equity,Mitchell-Rodgers,Buy,908,22.56,20484.48,Booked,False,False,2026-06-12 12:03:00,,2026-06-15 00:00:00
T03208,2026-06-12 00:00:00,Eddie Hernandez,Credit,Swap,Mclaughlin PLC,Sell,94,932979.48,87700071.12,Booked,False,False,2026-06-12 12:07:00,,2026-06-16 00:00:00
T03209,2026-06-12 00:00:00,Margaret Arellano,Commodities,Swap,Chang-Peterson,Sell,18,424195.67,7635522.06,Booked,False,False,2026-06-12 12:10:00,,2026-06-16 00:00:00
T03210,2026-06-12 00:00:00,Pamela Hahn,FX,FX Forward,Brown-Wiggins,Buy,2908636,1.0744,3125038.52,Booked,False,False,2026-06-12 12:19:00,,2026-09-09 00:00:00
T03211,2026-06-12 00:00:00,Tracy Hayes,Rates,Swap,Stanton-Wilkinson,Buy,8,954134.58,7633076.64,Booked,False,False,2026-06-12 12:21:00,,2026-06-16 00:00:00
T03212,2026-06-12 00:00:00,Kevin Gutierrez,Equities,Equity,Dominguez and Sons,Buy,5596,262.48,1468838.08,Booked,False,False,2026-06-12 12:33:00,,2026-06-15 00:00:00
T03213,2026-06-12 00:00:00,Kevin Gutierrez,Equities,Equity,Crawford-Garrett,Buy,9339,178.49,1666918.11,Booked,False,False,2026-06-12 13:00:00,,2026-06-15 00:00:00
T03214,2026-06-12 00:00:00,Raymond Williams,FX,FX Forward,Anthony-Baker,Buy,1340784,0.8411,1127733.42,Cancelled,True,True,2026-06-12 13:35:00,2026-06-15 15:56:00,2026-09-09 00:00:00
T03215,2026-06-12 00:00:00,Kevin Gutierrez,Equities,Equity,Lee PLC,Sell,3686,383.6,1413949.6,Booked,False,False,2026-06-12 13:45:00,,2026-06-15 00:00:00
T03216,2026-06-12 00:00:00,Courtney Wagner,Equities,Equity,Chang-Peterson,Buy,688,262.27,180441.76,Booked,False,False,2026-06-12 13:46:00,,2026-06-15 00:00:00
T03217,2026-06-12 00:00:00,Tracy Hayes,Rates,Bond,Sullivan-Baxter,Buy,42938,93.892,4031534.7,Booked,False,False,2026-06-12 13:58:00,,2026-06-15 00:00:00
T03218,2026-06-12 00:00:00,Natalie Castillo,Rates,Bond,Wall PLC,Buy,10072,111.156,1119563.23,Booked,False,False,2026-06-12 14:21:00,,2026-06-15 00:00:00
T03219,2026-06-12 00:00:00,Raymond Williams,FX,FX Forward,Foster Jones and Reed,Buy,2704894,0.9368,2533944.7,Cancelled,True,True,2026-06-12 14:33:00,2026-06-17 15:14:00,2026-07-13 00:00:00
T03220,2026-06-12 00:00:00,Courtney Wagner,Equities,Option,Powell Clark and Lopez,Buy,428,1092.71,467679.88,Booked,False,False,2026-06-12 14:36:00,,2026-06-15 00:00:00
T03221,2026-06-12 00:00:00,Kevin Gutierrez,Equities,Equity,Wall PLC,Buy,5010,359.8,1802598.0,Amended,True,False,2026-06-12 14:39:00,2026-06-16 16:24:00,2026-06-15 00:00:00
T03222,2026-06-12 00:00:00,Courtney Wagner,Equities,Equity,Crawford-Garrett,Sell,2794,337.52,943030.88,Booked,False,False,2026-06-12 14:41:00,,2026-06-15 00:00:00
T03223,2026-06-12 00:00:00,Tracy Hayes,Rates,Bond,Anthony-Baker,Buy,13763,89.831,1236344.05,Booked,False,False,2026-06-12 15:22:00,,2026-06-15 00:00:00
T03224,2026-06-12 00:00:00,Raymond Williams,FX,FX Forward,Wright and Sons,Sell,1994225,1.4315,2854733.09,Booked,False,False,2026-06-12 15:37:00,,2026-07-13 00:00:00
T03225,2026-06-12 00:00:00,Dylan Lopez,FX,FX Forward,Larsen Ray and Young,Sell,4680819,1.6074,7523948.46,Booked,False,False,2026-06-12 15:52:00,,2026-08-11 00:00:00
T03226,2026-06-12 00:00:00,Raymond Williams,FX,FX Forward,Foster Jones and Reed,Sell,1447873,1.6043,2322822.65,Booked,False,False,2026-06-12 16:10:00,,2026-09-09 00:00:00
T03227,2026-06-12 00:00:00,Joshua Stevenson,Credit,Swap,Chang-Peterson,Buy,9,592701.75,5334315.75,Booked,False,False,2026-06-12 17:03:00,,2026-06-16 00:00:00
T03228,2026-06-12 00:00:00,Sarah Silva,Rates,Bond,Chang-Peterson,Buy,9771,108.837,1063446.33,Booked,False,False,2026-06-12 18:12:00,,2026-06-15 00:00:00
T03229,2026-06-12 00:00:00,Sarah Silva,Rates,Swap,Larsen Ray and Young,Buy,21,859708.28,18053873.88,Booked,False,False,2026-06-12 18:54:00,,2026-06-16 00:00:00
T03230,2026-06-12 00:00:00,David Williams,Equities,Option,Wall PLC,Buy,1258,1138.04,1431654.32,Amended,True,False,2026-06-12 21:45:00,2026-06-15 20:05:00,2026-06-15 00:00:00
T03231,2026-06-15 00:00:00,Tracy Hayes,Rates,Swap,Stanton-Wilkinson,Sell,10,921897.77,9218977.7,Booked,False,False,2026-06-15 07:11:00,,2026-06-17 00:00:00
T03232,2026-06-15 00:00:00,Natalie Castillo,Rates,Bond,Wall PLC,Sell,17113,99.011,1694375.24,Booked,False,False,2026-06-15 08:15:00,,2026-06-16 00:00:00
T03233,2026-06-15 00:00:00,Eddie Hernandez,Credit,Bond,Foster Jones and Reed,Sell,27303,95.127,2597252.48,Booked,False,False,2026-06-15 08:18:00,,2026-06-16 00:00:00
T03234,2026-06-15 00:00:00,Eddie Hernandez,Credit,Swap,Allen Morgan and Reed,Buy,11,950878.38,10459662.18,Booked,False,False,2026-06-15 08:41:00,,2026-06-17 00:00:00
T03235,2026-06-15 00:00:00,Edward Taylor,Credit,Swap,Anthony-Baker,Buy,15,451370.86,6770562.9,Booked,False,False,2026-06-15 09:05:00,,2026-06-17 00:00:00
T03236,2026-06-15 00:00:00,Kevin Gutierrez,Equities,Option,Santiago Reyes and Lynch,Buy,1671,645.36,1078396.56,Booked,False,False,2026-06-15 09:07:00,,2026-06-16 00:00:00
T03237,2026-06-15 00:00:00,Eddie Hernandez,Credit,Bond,Anthony-Baker,Buy,131610,94.011,12372787.71,Booked,False,False,2026-06-15 09:11:00,,2026-06-16 00:00:00
T03238,2026-06-15 00:00:00,Dylan Lopez,FX,FX Forward,Chang-Peterson,Buy,62804416,1.4967,93999369.43,Booked,False,False,2026-06-15 09:29:00,,2026-09-10 00:00:00
T03239,2026-06-15 00:00:00,Sarah Silva,Rates,Bond,Ellis Group,Buy,64536,110.982,7162334.35,Booked,False,False,2026-06-15 09:31:00,,2026-06-16 00:00:00
T03240,2026-06-15 00:00:00,Tracy Hayes,Rates,Bond,Powell Clark and Lopez,Buy,28558,102.82,2936333.56,Booked,False,False,2026-06-15 09:33:00,,2026-06-16 00:00:00
T03241,2026-06-15 00:00:00,Sarah Silva,Rates,Bond,Foster Jones and Reed,Sell,28660,104.839,3004685.74,Booked,False,False,2026-06-15 10:39:00,,2026-06-16 00:00:00
T03242,2026-06-15 00:00:00,Raymond Williams,FX,FX Forward,Foster Jones and Reed,Sell,805516,1.3368,1076813.79,Booked,False,False,2026-06-15 10:40:00,,2026-08-12 00:00:00
T03243,2026-06-15 00:00:00,David Williams,Equities,Equity,Foster Jones and Reed,Buy,18351,474.31,8704062.81,Booked,False,False,2026-06-15 10:41:00,,2026-06-16 00:00:00
T03244,2026-06-15 00:00:00,Courtney Wagner,Equities,Equity,Fernandez-Ferguson,Buy,6084,347.28,2112851.52,Booked,False,False,2026-06-15 10:49:00,,2026-06-16 00:00:00
T03245,2026-06-15 00:00:00,Courtney Wagner,Equities,Equity,Crawford-Garrett,Buy,1405,92.18,129512.9,Booked,False,False,2026-06-15 10:53:00,,2026-06-16 00:00:00
T03246,2026-06-15 00:00:00,Tracy Hayes,Rates,Swap,Wright and Sons,Sell,3,279931.97,839795.91,Amended,True,False,2026-06-15 11:14:00,2026-06-16 14:37:00,2026-06-17 00:00:00
T03247,2026-06-15 00:00:00,Sarah Silva,Rates,Bond,Foster Jones and Reed,Sell,43339,99.311,4304039.43,Booked,False,False,2026-06-15 11:31:00,,2026-06-16 00:00:00
T03248,2026-06-15 00:00:00,Courtney Wagner,Equities,Option,Chang-Peterson,Buy,1390,717.05,996699.5,Amended,True,False,2026-06-15 11:32:00,2026-06-16 11:09:00,2026-06-16 00:00:00
T03249,2026-06-15 00:00:00,Tracy Hayes,Rates,Bond,Anthony-Baker,Sell,40931,94.56,3870435.36,Booked,False,False,2026-06-15 11:34:00,,2026-06-16 00:00:00
T03250,2026-06-15 00:00:00,Sarah Silva,Rates,Bond,Wall PLC,Sell,33257,95.887,3188913.96,Booked,False,False,2026-06-15 11:49:00,,2026-06-16 00:00:00
T03251,2026-06-15 00:00:00,Tracy Hayes,Rates,Bond,Wright and Sons,Sell,23662,109.732,2596478.58,Booked,False,False,2026-06-15 12:04:00,,2026-06-16 00:00:00
T03252,2026-06-15 00:00:00,Heather Garrett,Commodities,Option,Crawford-Garrett,Sell,160786,237.93,38255812.98,Booked,False,False,2026-06-15 12:06:00,,2026-06-16 00:00:00
T03253,2026-06-15 00:00:00,Heather Garrett,Commodities,Option,Fernandez-Ferguson,Buy,151,1201.49,181424.99,Booked,False,False,2026-06-15 12:17:00,,2026-06-16 00:00:00
T03254,2026-06-15 00:00:00,Pamela Hahn,FX,FX Forward,Chang-Peterson,Sell,669048,0.9471,633655.36,Booked,False,False,2026-06-15 12:54:00,,2026-09-10 00:00:00
T03255,2026-06-15 00:00:00,Raymond Williams,FX,FX Forward,Allen Morgan and Reed,Sell,425112,1.3178,560212.59,Booked,False,False,2026-06-15 12:58:00,,2026-08-12 00:00:00
T03256,2026-06-15 00:00:00,Joshua Stevenson,Credit,Bond,Larsen Ray and Young,Buy,12370,107.668,1331853.16,Cancelled,True,True,2026-06-15 13:04:00,2026-06-15 16:18:00,2026-06-16 00:00:00
T03257,2026-06-15 00:00:00,David Williams,Equities,Equity,Wright and Sons,Buy,1801,402.91,725640.91,Booked,False,False,2026-06-15 13:10:00,,2026-06-16 00:00:00
T03258,2026-06-15 00:00:00,Tracy Hayes,Rates,Swap,Stanton-Wilkinson,Buy,7,663596.28,4645173.96,Amended,True,False,2026-06-15 13:23:00,2026-06-15 17:52:00,2026-06-17 00:00:00
T03259,2026-06-15 00:00:00,Eddie Hernandez,Credit,Bond,Chang-Peterson,Buy,68506,102.198,7001176.19,Amended,True,False,2026-06-15 13:55:00,2026-06-16 15:45:00,2026-06-16 00:00:00
T03260,2026-06-15 00:00:00,Sarah Silva,Rates,Swap,Chang-Peterson,Sell,30,251617.98,7548539.4,Booked,False,False,2026-06-15 14:06:00,,2026-06-17 00:00:00
T03261,2026-06-15 00:00:00,Tracy Hayes,Rates,Swap,Larsen Ray and Young,Buy,12,251399.44,3016793.28,Booked,False,False,2026-06-15 14:52:00,,2026-06-17 00:00:00
T03262,2026-06-15 00:00:00,Natalie Castillo,Rates,Bond,Foster Jones and Reed,Sell,59652,107.893,6436033.24,Booked,False,False,2026-06-15 15:02:00,,2026-06-16 00:00:00
T03263,2026-06-15 00:00:00,Heather Garrett,Commodities,Option,Miranda and Sons,Sell,1495,209.31,312918.45,Booked,False,False,2026-06-15 15:12:00,,2026-06-16 00:00:00
T03264,2026-06-15 00:00:00,Natalie Castillo,Rates,Bond,Mclaughlin PLC,Buy,141985,106.929,15182314.06,Booked,False,False,2026-06-15 15:30:00,,2026-06-16 00:00:00
T03265,2026-06-15 00:00:00,Tracy Hayes,Rates,Bond,Chang-Peterson,Buy,42471,99.017,4205351.01,Booked,False,False,2026-06-15 15:52:00,,2026-06-16 00:00:00
T03266,2026-06-15 00:00:00,Margaret Arellano,Commodities,Swap,Bishop LLC,Buy,640,422172.39,270190329.6,Booked,False,False,2026-06-15 16:18:00,,2026-06-17 00:00:00
T03267,2026-06-15 00:00:00,Raymond Williams,FX,FX Forward,Larsen Ray and Young,Sell,2811816,0.9045,2543287.57,Booked,False,False,2026-06-15 16:29:00,,2026-09-10 00:00:00
T03268,2026-06-15 00:00:00,Edward Taylor,Credit,Swap,Crawford-Garrett,Sell,13,799513.32,10393673.16,Booked,False,False,2026-06-15 16:56:00,,2026-06-17 00:00:00
T03269,2026-06-15 00:00:00,Joshua Stevenson,Credit,Swap,Mitchell-Rodgers,Sell,6,347478.84,2084873.04,Booked,False,False,2026-06-15 17:29:00,,2026-06-17 00:00:00
T03270,2026-06-15 00:00:00,Pamela Hahn,FX,FX Forward,Fernandez-Ferguson,Sell,4348565,1.0676,4642527.99,Booked,False,False,2026-06-15 17:46:00,,2026-08-12 00:00:00
T03271,2026-06-15 00:00:00,Raymond Williams,FX,FX Forward,Larsen Ray and Young,Buy,1850883,0.8358,1546968.01,Booked,False,False,2026-06-15 18:13:00,,2026-09-10 00:00:00
T03272,2026-06-16 00:00:00,Kevin Gutierrez,Equities,Equity,Mclaughlin PLC,Sell,12598,366.13,4612505.74,Booked,False,False,2026-06-16 09:49:00,,2026-06-17 00:00:00
T03273,2026-06-16 00:00:00,Pamela Hahn,FX,FX Forward,Santiago Reyes and Lynch,Buy,790694,1.2476,986469.83,Booked,False,False,2026-06-16 09:50:00,,2026-09-11 00:00:00
T03274,2026-06-16 00:00:00,Tracy Hayes,Rates,Bond,Ellis Group,Buy,28783,95.985,2762736.26,Booked,False,False,2026-06-16 10:37:00,,2026-06-17 00:00:00
T03275,2026-06-16 00:00:00,Pamela Hahn,FX,FX Forward,Chang-Peterson,Sell,1180993,0.8446,997466.69,Cancelled,True,True,2026-06-16 10:44:00,2026-07-02 18:04:00,2026-08-13 00:00:00
T03276,2026-06-16 00:00:00,Edward Taylor,Credit,Bond,Anthony-Baker,Buy,101660,111.825,11368129.5,Booked,False,False,2026-06-16 11:04:00,,2026-06-17 00:00:00
T03277,2026-06-16 00:00:00,Raymond Williams,FX,FX Forward,Powell Clark and Lopez,Buy,1186641,1.2632,1498964.91,Amended,True,False,2026-06-16 11:05:00,2026-06-16 12:36:00,2026-07-15 00:00:00
T03278,2026-06-16 00:00:00,Pamela Hahn,FX,Option,Nguyen Group,Sell,377,755.75,284917.75,Amended,True,False,2026-06-16 11:27:00,2026-07-06 14:13:00,2026-06-17 00:00:00
T03279,2026-06-16 00:00:00,Sarah Silva,Rates,Swap,Nguyen Group,Buy,28,817562.51,22891750.28,Booked,False,False,2026-06-16 11:37:00,,2026-06-18 00:00:00
T03280,2026-06-16 00:00:00,Joshua Stevenson,Credit,Bond,Miranda and Sons,Sell,45392,99.372,4510693.82,Booked,False,False,2026-06-16 12:31:00,,2026-06-17 00:00:00
T03281,2026-06-16 00:00:00,Courtney Wagner,Equities,Option,Anthony-Baker,Buy,780,672.52,524565.6,Booked,False,False,2026-06-16 12:51:00,,2026-06-17 00:00:00
T03282,2026-06-16 00:00:00,Kevin Gutierrez,Equities,Equity,Brown-Wiggins,Buy,15963,68.15,1087878.45,Booked,False,False,2026-06-16 12:58:00,,2026-06-17 00:00:00
T03283,2026-06-16 00:00:00,Kevin Gutierrez,Equities,Equity,Lee PLC,Sell,21474,210.93,4529510.82,Booked,False,False,2026-06-16 13:02:00,,2026-06-17 00:00:00
T03284,2026-06-16 00:00:00,Pamela Hahn,FX,FX Forward,Foster Jones and Reed,Buy,1823552,0.8905,1623873.06,Booked,False,False,2026-06-16 13:06:00,,2026-07-15 00:00:00
T03285,2026-06-16 00:00:00,Tracy Hayes,Rates,Swap,Wall PLC,Sell,8,921915.34,7375322.72,Booked,False,False,2026-06-16 13:11:00,,2026-06-18 00:00:00
T03286,2026-06-16 00:00:00,Raymond Williams,FX,FX Forward,Mclaughlin PLC,Sell,2312052,1.1762,2719435.56,Booked,False,False,2026-06-16 13:42:00,,2026-07-15 00:00:00
T03287,2026-06-16 00:00:00,Joshua Stevenson,Credit,Swap,Wright and Sons,Buy,26,797834.54,20743698.04,Booked,False,False,2026-06-16 13:50:00,,2026-06-18 00:00:00
T03288,2026-06-16 00:00:00,Dylan Lopez,FX,FX Forward,Santiago Reyes and Lynch,Buy,7979560,0.8609,6869603.2,Booked,False,False,2026-06-16 14:18:00,,2026-08-13 00:00:00
T03289,2026-06-16 00:00:00,Joshua Stevenson,Credit,Swap,Chang-Peterson,Buy,6,324164.05,1944984.3,Booked,False,False,2026-06-16 14:20:00,,2026-06-18 00:00:00
T03290,2026-06-16 00:00:00,Pamela Hahn,FX,Option,Crawford-Garrett,Buy,592,326.64,193370.88,Amended,True,False,2026-06-16 14:38:00,2026-06-16 15:27:00,2026-06-17 00:00:00
T03291,2026-06-16 00:00:00,Heather Garrett,Commodities,Swap,Crawford-Garrett,Buy,40,729985.18,29199407.2,Booked,False,False,2026-06-16 14:48:00,,2026-06-18 00:00:00
T03292,2026-06-16 00:00:00,Pamela Hahn,FX,FX Forward,Allen Morgan and Reed,Sell,1899458,1.1684,2219326.73,Amended,True,False,2026-06-16 14:50:00,2026-06-16 17:58:00,2026-09-11 00:00:00
T03293,2026-06-16 00:00:00,Edward Taylor,Credit,Swap,Chang-Peterson,Sell,6,427465.18,2564791.08,Amended,True,False,2026-06-16 14:59:00,2026-06-16 15:00:00,2026-06-18 00:00:00
T03294,2026-06-16 00:00:00,Pamela Hahn,FX,FX Forward,Crawford-Garrett,Buy,2199858,1.2395,2726723.99,Booked,False,False,2026-06-16 15:00:00,,2026-08-13 00:00:00
T03295,2026-06-16 00:00:00,Sarah Silva,Rates,Bond,Larsen Ray and Young,Sell,6032,103.546,624589.47,Booked,False,False,2026-06-16 15:05:00,,2026-06-17 00:00:00
T03296,2026-06-16 00:00:00,Sarah Silva,Rates,Bond,Sullivan-Baxter,Buy,24396,111.971,2731644.52,Booked,False,False,2026-06-16 18:00:00,,2026-06-17 00:00:00
T03297,2026-06-16 00:00:00,Pamela Hahn,FX,FX Forward,Wright and Sons,Sell,1628858,1.0923,1779201.59,Booked,False,False,2026-06-16 19:13:00,,2026-08-13 00:00:00
T03298,2026-06-17 00:00:00,Pamela Hahn,FX,FX Forward,Ellis Group,Sell,3364763,1.5368,5170967.78,Booked,False,False,2026-06-17 07:30:00,,2026-09-14 00:00:00
T03299,2026-06-17 00:00:00,Pamela Hahn,FX,FX Forward,Crawford-Garrett,Sell,1259542,1.5909,2003805.37,Booked,False,False,2026-06-17 08:07:00,,2026-08-14 00:00:00
T03300,2026-06-17 00:00:00,Natalie Castillo,Rates,Bond,Allen Morgan and Reed,Sell,4112,89.446,367801.95,Cancelled,True,True,2026-06-17 09:05:00,2026-06-18 12:31:00,2026-06-18 00:00:00
T03301,2026-06-17 00:00:00,Pamela Hahn,FX,FX Forward,Crawford-Garrett,Buy,817957,1.224,1001179.37,Booked,False,False,2026-06-17 09:44:00,,2026-08-14 00:00:00
T03302,2026-06-17 00:00:00,Joshua Stevenson,Credit,Bond,Larsen Ray and Young,Sell,40233,97.986,3942270.74,Booked,False,False,2026-06-17 10:23:00,,2026-06-18 00:00:00
T03303,2026-06-17 00:00:00,Eddie Hernandez,Credit,Bond,Wall PLC,Sell,30079,88.235,2654020.56,Booked,False,False,2026-06-17 10:47:00,,2026-06-18 00:00:00
T03304,2026-06-17 00:00:00,Courtney Wagner,Equities,Equity,Chang-Peterson,Buy,1191,274.57,327012.87,Booked,False,False,2026-06-17 10:47:00,,2026-06-18 00:00:00
T03305,2026-06-17 00:00:00,Natalie Castillo,Rates,Bond,Foster Jones and Reed,Buy,123910,100.532,12456920.12,Booked,False,False,2026-06-17 10:52:00,,2026-06-18 00:00:00
T03306,2026-06-17 00:00:00,Margaret Arellano,Commodities,Option,Foster Jones and Reed,Buy,198,614.47,121665.06,Booked,False,False,2026-06-17 10:54:00,,2026-06-18 00:00:00
T03307,2026-06-17 00:00:00,Kevin Gutierrez,Equities,Equity,Mitchell-Rodgers,Sell,13381,112.99,1511919.19,Booked,False,False,2026-06-17 11:07:00,,2026-06-18 00:00:00
T03308,2026-06-17 00:00:00,Courtney Wagner,Equities,Equity,Stanton-Wilkinson,Sell,3673,45.82,168296.86,Booked,False,False,2026-06-17 11:12:00,,2026-06-18 00:00:00
T03309,2026-06-17 00:00:00,Tracy Hayes,Rates,Bond,Wright and Sons,Buy,43853,99.901,4380958.55,Booked,False,False,2026-06-17 11:22:00,,2026-06-18 00:00:00
T03310,2026-06-17 00:00:00,Sarah Silva,Rates,Swap,Foster Jones and Reed,Sell,20,811563.75,16231275.0,Booked,False,False,2026-06-17 12:04:00,,2026-06-19 00:00:00
T03311,2026-06-17 00:00:00,Tracy Hayes,Rates,Bond,Anthony-Baker,Buy,811057,89.888,72904291.62,Booked,False,False,2026-06-17 12:18:00,,2026-06-18 00:00:00
T03312,2026-06-17 00:00:00,Joshua Stevenson,Credit,Swap,Mclaughlin PLC,Buy,20,253993.37,5079867.4,Amended,True,False,2026-06-17 12:20:00,2026-06-17 13:05:00,2026-06-19 00:00:00
T03313,2026-06-17 00:00:00,Kevin Gutierrez,Equities,Equity,Powell Clark and Lopez,Sell,2530,404.7,1023891.0,Booked,False,False,2026-06-17 12:24:00,,2026-06-18 00:00:00
T03314,2026-06-17 00:00:00,Kevin Gutierrez,Equities,Equity,Anthony-Baker,Buy,7182,24.43,175456.26,Booked,False,False,2026-06-17 12:32:00,,2026-06-18 00:00:00
T03315,2026-06-17 00:00:00,Pamela Hahn,FX,FX Forward,Lam-Gonzalez,Sell,1181129,1.4872,1756575.05,Booked,False,False,2026-06-17 12:39:00,,2026-08-14 00:00:00
T03316,2026-06-17 00:00:00,Eddie Hernandez,Credit,Bond,Wright and Sons,Buy,1110006,105.146,116712690.88,Booked,False,False,2026-06-17 12:47:00,,2026-06-18 00:00:00
T03317,2026-06-17 00:00:00,Courtney Wagner,Equities,Option,Anthony-Baker,Buy,150,1180.53,177079.5,Booked,False,False,2026-06-17 13:11:00,,2026-06-18 00:00:00
T03318,2026-06-17 00:00:00,Courtney Wagner,Equities,Equity,Mcconnell-Fisher,Buy,1690,416.32,703580.8,Booked,False,False,2026-06-17 13:32:00,,2026-06-18 00:00:00
T03319,2026-06-17 00:00:00,Tracy Hayes,Rates,Bond,Nguyen Group,Buy,11217,88.862,996765.05,Booked,False,False,2026-06-17 13:46:00,,2026-06-18 00:00:00
T03320,2026-06-17 00:00:00,Margaret Arellano,Commodities,Swap,Larsen Ray and Young,Sell,14,376285.76,5268000.64,Booked,False,False,2026-06-17 13:46:00,,2026-06-19 00:00:00
T03321,2026-06-17 00:00:00,Edward Taylor,Credit,Bond,Anthony-Baker,Buy,15803,109.711,1733762.93,Booked,False,False,2026-06-17 13:56:00,,2026-06-18 00:00:00
T03322,2026-06-17 00:00:00,Margaret Arellano,Commodities,Swap,Dominguez and Sons,Buy,8,319958.94,2559671.52,Booked,False,False,2026-06-17 14:42:00,,2026-06-19 00:00:00
T03323,2026-06-17 00:00:00,Tracy Hayes,Rates,Bond,Ellis Group,Sell,63929,106.875,6832411.88,Amended,True,False,2026-06-17 14:47:00,2026-06-18 19:11:00,2026-06-18 00:00:00
T03324,2026-06-17 00:00:00,Raymond Williams,FX,FX Forward,Crawford-Garrett,Buy,8270606,0.8388,6937384.31,Booked,False,False,2026-06-17 15:33:00,,2026-08-14 00:00:00
T03325,2026-06-17 00:00:00,Raymond Williams,FX,FX Forward,Wall PLC,Buy,496739,1.5529,771385.99,Booked,False,False,2026-06-17 15:55:00,,2026-09-14 00:00:00
T03326,2026-06-17 00:00:00,Kevin Gutierrez,Equities,Equity,Anthony-Baker,Sell,11146,365.73,4076426.58,Booked,False,False,2026-06-17 16:08:00,,2026-06-18 00:00:00
T03327,2026-06-17 00:00:00,Sarah Silva,Rates,Swap,Sullivan-Baxter,Buy,30,976959.69,29308790.7,Booked,False,False,2026-06-17 16:28:00,,2026-06-19 00:00:00
T03328,2026-06-17 00:00:00,Sarah Silva,Rates,Bond,Chang-Peterson,Buy,19583,94.558,1851729.31,Booked,False,False,2026-06-17 16:29:00,,2026-06-18 00:00:00
T03329,2026-06-18 00:00:00,Tracy Hayes,Rates,Swap,Mclaughlin PLC,Sell,7,596215.35,4173507.45,Booked,False,False,2026-06-18 09:58:00,,2026-06-22 00:00:00
T03330,2026-06-18 00:00:00,Joshua Wilson,Commodities,Option,Dominguez and Sons,Sell,875,717.5,627812.5,Booked,False,False,2026-06-18 10:20:00,,2026-06-19 00:00:00
T03331,2026-06-18 00:00:00,Tracy Hayes,Rates,Swap,Santiago Reyes and Lynch,Buy,4,860234.87,3440939.48,Booked,False,False,2026-06-18 10:21:00,,2026-06-22 00:00:00
T03332,2026-06-18 00:00:00,Raymond Williams,FX,Option,Ellis Group,Buy,528,315.49,166578.72,Booked,False,False,2026-06-18 10:29:00,,2026-06-19 00:00:00
T03333,2026-06-18 00:00:00,Tracy Hayes,Rates,Swap,Fernandez-Ferguson,Buy,2,821643.89,1643287.78,Amended,True,False,2026-06-18 10:35:00,2026-06-18 17:29:00,2026-06-22 00:00:00
T03334,2026-06-18 00:00:00,Raymond Williams,FX,FX Forward,Foster Jones and Reed,Buy,958494,0.9702,929930.88,Booked,False,False,2026-06-18 10:41:00,,2026-08-17 00:00:00
T03335,2026-06-18 00:00:00,Eddie Hernandez,Credit,Swap,Dominguez and Sons,Buy,17,684650.12,11639052.04,Booked,False,False,2026-06-18 10:49:00,,2026-06-22 00:00:00
T03336,2026-06-18 00:00:00,Sarah Silva,Rates,Swap,Wall PLC,Buy,28,591770.12,16569563.36,Booked,False,False,2026-06-18 11:10:00,,2026-06-22 00:00:00
T03337,2026-06-18 00:00:00,Sarah Silva,Rates,Bond,Larsen Ray and Young,Sell,20623,104.603,2157227.67,Booked,False,False,2026-06-18 11:25:00,,2026-06-19 00:00:00
T03338,2026-06-18 00:00:00,Margaret Arellano,Commodities,Option,Mclaughlin PLC,Buy,247,948.58,234299.26,Booked,False,False,2026-06-18 11:55:00,,2026-06-19 00:00:00
T03339,2026-06-18 00:00:00,Natalie Castillo,Rates,Bond,Foster Jones and Reed,Sell,2545,91.29,232333.05,Amended,True,False,2026-06-18 11:59:00,2026-06-18 13:48:00,2026-06-19 00:00:00
T03340,2026-06-18 00:00:00,Joshua Wilson,Commodities,Swap,Foster Jones and Reed,Buy,9,604114.77,5437032.93,Booked,False,False,2026-06-18 12:15:00,,2026-06-22 00:00:00
T03341,2026-06-18 00:00:00,Courtney Wagner,Equities,Equity,Foster Jones and Reed,Buy,3402,213.77,727245.54,Booked,False,False,2026-06-18 12:21:00,,2026-06-19 00:00:00
T03342,2026-06-18 00:00:00,Eddie Hernandez,Credit,Swap,Stanton-Wilkinson,Sell,9,879538.62,7915847.58,Booked,False,False,2026-06-18 12:22:00,,2026-06-22 00:00:00
T03343,2026-06-18 00:00:00,Tracy Hayes,Rates,Bond,Nguyen Group,Buy,8246,102.497,845190.26,Booked,False,False,2026-06-18 12:29:00,,2026-06-19 00:00:00
T03344,2026-06-18 00:00:00,Joshua Stevenson,Credit,Bond,Stanton-Wilkinson,Sell,32130,96.276,3093347.88,Amended,True,False,2026-06-18 12:56:00,2026-06-18 13:41:00,2026-06-19 00:00:00
T03345,2026-06-18 00:00:00,Pamela Hahn,FX,FX Forward,Wall PLC,Sell,461356,1.5867,732033.57,Booked,False,False,2026-06-18 13:14:00,,2026-08-17 00:00:00
T03346,2026-06-18 00:00:00,Tracy Hayes,Rates,Bond,Crawford-Garrett,Buy,32786,99.04,3247125.44,Booked,False,False,2026-06-18 13:15:00,,2026-06-19 00:00:00
T03347,2026-06-18 00:00:00,Margaret Arellano,Commodities,Swap,Chang-Peterson,Sell,11,799136.2,8790498.2,Booked,False,False,2026-06-18 13:35:00,,2026-06-22 00:00:00
T03348,2026-06-18 00:00:00,Pamela Hahn,FX,FX Forward,Crawford-Garrett,Sell,1586356,1.3719,2176321.8,Booked,False,False,2026-06-18 13:36:00,,2026-09-15 00:00:00
T03349,2026-06-18 00:00:00,Pamela Hahn,FX,FX Forward,Anthony-Baker,Buy,476864,1.1659,555975.74,Booked,False,False,2026-06-18 13:41:00,,2026-07-17 00:00:00
T03350,2026-06-18 00:00:00,Joshua Wilson,Commodities,Option,Foster Jones and Reed,Buy,356,172.76,61502.56,Booked,False,False,2026-06-18 13:47:00,,2026-06-19 00:00:00
T03351,2026-06-18 00:00:00,Joshua Wilson,Commodities,Option,Santiago Reyes and Lynch,Sell,1740,757.67,1318345.8,Booked,False,False,2026-06-18 13:53:00,,2026-06-19 00:00:00
T03352,2026-06-18 00:00:00,Natalie Castillo,Rates,Swap,Wall PLC,Sell,11,973964.69,10713611.59,Booked,False,False,2026-06-18 14:20:00,,2026-06-22 00:00:00
T03353,2026-06-18 00:00:00,Joshua Stevenson,Credit,Swap,Mcconnell-Fisher,Buy,12,909136.63,10909639.56,Booked,False,False,2026-06-18 14:32:00,,2026-06-22 00:00:00
T03354,2026-06-18 00:00:00,David Williams,Equities,Option,Mcconnell-Fisher,Sell,3435,595.07,2044065.45,Booked,False,False,2026-06-18 14:37:00,,2026-06-19 00:00:00
T03355,2026-06-18 00:00:00,Natalie Castillo,Rates,Bond,Anthony-Baker,Buy,40481,100.958,4086880.8,Booked,False,False,2026-06-18 14:42:00,,2026-06-19 00:00:00
T03356,2026-06-18 00:00:00,Margaret Arellano,Commodities,Swap,Wright and Sons,Sell,8,440447.73,3523581.84,Booked,False,False,2026-06-18 14:44:00,,2026-06-22 00:00:00
T03357,2026-06-18 00:00:00,Sarah Silva,Rates,Swap,Powell Clark and Lopez,Buy,30,519868.02,15596040.6,Booked,False,False,2026-06-18 14:51:00,,2026-06-22 00:00:00
T03358,2026-06-18 00:00:00,Tracy Hayes,Rates,Swap,Lee PLC,Buy,4,411228.82,1644915.28,Booked,False,False,2026-06-18 14:52:00,,2026-06-22 00:00:00
T03359,2026-06-18 00:00:00,Sarah Silva,Rates,Bond,Chang-Peterson,Sell,8885,90.849,807193.36,Booked,False,False,2026-06-18 15:01:00,,2026-06-19 00:00:00
T03360,2026-06-18 00:00:00,Raymond Williams,FX,FX Forward,Stanton-Wilkinson,Buy,1035022,0.9907,1025396.3,Booked,False,False,2026-06-18 15:35:00,,2026-07-17 00:00:00
T03361,2026-06-19 00:00:00,Tracy Hayes,Rates,Bond,Larsen Ray and Young,Sell,23948,106.122,2541409.66,Booked,False,False,2026-06-19 09:04:00,,2026-06-22 00:00:00
T03362,2026-06-19 00:00:00,Eddie Hernandez,Credit,Bond,Wright and Sons,Buy,224694,92.263,20730942.52,Booked,False,False,2026-06-19 10:42:00,,2026-06-22 00:00:00
T03363,2026-06-19 00:00:00,Tracy Hayes,Rates,Bond,Stanton-Wilkinson,Sell,3611,89.629,323650.32,Booked,False,False,2026-06-19 11:03:00,,2026-06-22 00:00:00
T03364,2026-06-19 00:00:00,Pamela Hahn,FX,FX Forward,Crawford-Garrett,Buy,1364672,1.1324,1545354.57,Booked,False,False,2026-06-19 11:05:00,,2026-09-16 00:00:00
T03365,2026-06-19 00:00:00,Natalie Castillo,Rates,Bond,Mclaughlin PLC,Buy,24094,98.687,2377764.58,Booked,False,False,2026-06-19 11:16:00,,2026-06-22 00:00:00
T03366,2026-06-19 00:00:00,Tracy Hayes,Rates,Bond,Larsen Ray and Young,Buy,8020,102.476,821857.52,Booked,False,False,2026-06-19 11:22:00,,2026-06-22 00:00:00
T03367,2026-06-19 00:00:00,Raymond Williams,FX,FX Forward,Chang-Peterson,Buy,1589133,1.1841,1881692.39,Booked,False,False,2026-06-19 11:35:00,,2026-08-18 00:00:00
T03368,2026-06-19 00:00:00,Sarah Silva,Rates,Bond,Foster Jones and Reed,Sell,22873,111.755,2556172.11,Booked,False,False,2026-06-19 11:35:00,,2026-06-22 00:00:00
T03369,2026-06-19 00:00:00,Natalie Castillo,Rates,Swap,Larsen Ray and Young,Sell,2,463256.13,926512.26,Booked,False,False,2026-06-19 11:38:00,,2026-06-23 00:00:00
T03370,2026-06-19 00:00:00,Tracy Hayes,Rates,Bond,Crawford-Garrett,Sell,19151,96.823,1854257.27,Booked,False,False,2026-06-19 12:32:00,,2026-06-22 00:00:00
T03371,2026-06-19 00:00:00,Tracy Hayes,Rates,Swap,Stanton-Wilkinson,Sell,1,682822.65,682822.65,Booked,False,False,2026-06-19 12:39:00,,2026-06-23 00:00:00
T03372,2026-06-19 00:00:00,Sarah Silva,Rates,Bond,Foster Jones and Reed,Buy,98615,101.653,10024510.6,Booked,False,False,2026-06-19 12:49:00,,2026-06-22 00:00:00
T03373,2026-06-19 00:00:00,Natalie Castillo,Rates,Bond,Ellis Group,Sell,9067,106.023,961310.54,Booked,False,False,2026-06-19 13:13:00,,2026-06-22 00:00:00
T03374,2026-06-19 00:00:00,Tracy Hayes,Rates,Bond,Mcconnell-Fisher,Buy,38355,111.488,4276122.24,Booked,False,False,2026-06-19 13:21:00,,2026-06-22 00:00:00
T03375,2026-06-19 00:00:00,Pamela Hahn,FX,FX Forward,Lam-Gonzalez,Sell,1117499,1.615,1804760.88,Booked,False,False,2026-06-19 13:30:00,,2026-07-20 00:00:00
T03376,2026-06-19 00:00:00,Sarah Silva,Rates,Swap,Wall PLC,Buy,4,342904.68,1371618.72,Booked,False,False,2026-06-19 14:11:00,,2026-06-23 00:00:00
T03377,2026-06-19 00:00:00,Kevin Gutierrez,Equities,Equity,Brown-Wiggins,Sell,1114,333.97,372042.58,Booked,False,False,2026-06-19 14:21:00,,2026-06-22 00:00:00
T03378,2026-06-19 00:00:00,Pamela Hahn,FX,FX Forward,Bishop LLC,Sell,28258150,0.8666,24488512.79,Booked,False,False,2026-06-19 14:42:00,,2026-07-20 00:00:00
T03379,2026-06-19 00:00:00,Heather Garrett,Commodities,Option,Chang-Peterson,Buy,705,722.54,509390.7,Amended,True,False,2026-06-19 14:51:00,2026-06-22 13:32:00,2026-06-22 00:00:00
T03380,2026-06-19 00:00:00,Raymond Williams,FX,FX Forward,Chang-Peterson,Buy,5772051,1.3314,7684908.7,Booked,False,False,2026-06-19 15:00:00,,2026-07-20 00:00:00
T03381,2026-06-19 00:00:00,Pamela Hahn,FX,FX Forward,Wall PLC,Buy,1584136,0.8214,1301209.31,Booked,False,False,2026-06-19 16:34:00,,2026-07-20 00:00:00
T03382,2026-06-19 00:00:00,Raymond Williams,FX,FX Forward,Chang-Peterson,Buy,638041,1.2076,770498.31,Booked,False,False,2026-06-19 17:02:00,,2026-07-20 00:00:00
T03383,2026-06-19 00:00:00,Courtney Wagner,Equities,Option,Morales-Woodard,Buy,1124,1038.81,1167622.44,Booked,False,False,2026-06-19 17:17:00,,2026-06-22 00:00:00
T03384,2026-06-22 00:00:00,Tracy Hayes,Rates,Bond,Brown-Wiggins,Buy,17952,109.495,1965654.24,Booked,False,False,2026-06-22 08:14:00,,2026-06-23 00:00:00
T03385,2026-06-22 00:00:00,Kevin Gutierrez,Equities,Equity,Wright and Sons,Buy,2505,296.53,742807.65,Cancelled,True,True,2026-06-22 08:32:00,2026-06-23 07:30:00,2026-06-23 00:00:00
T03386,2026-06-22 00:00:00,David Williams,Equities,Equity,Ellis Group,Sell,6597,149.89,988824.33,Booked,False,False,2026-06-22 09:31:00,,2026-06-23 00:00:00
T03387,2026-06-22 00:00:00,Courtney Wagner,Equities,Equity,Wall PLC,Buy,10250,262.22,2687755.0,Booked,False,False,2026-06-22 10:01:00,,2026-06-23 00:00:00
T03388,2026-06-22 00:00:00,Tracy Hayes,Rates,Bond,Crawford-Garrett,Buy,16472,89.816,1479449.15,Booked,False,False,2026-06-22 10:01:00,,2026-06-23 00:00:00
T03389,2026-06-22 00:00:00,David Williams,Equities,Equity,Dominguez and Sons,Buy,107770,288.28,31067935.6,Booked,False,False,2026-06-22 10:08:00,,2026-06-23 00:00:00
T03390,2026-06-22 00:00:00,Edward Taylor,Credit,Bond,Mitchell-Rodgers,Sell,43968,92.812,4080758.02,Booked,False,False,2026-06-22 10:47:00,,2026-06-23 00:00:00
T03391,2026-06-22 00:00:00,Tracy Hayes,Rates,Swap,Mclaughlin PLC,Sell,5,616043.49,3080217.45,Booked,False,False,2026-06-22 11:05:00,,2026-06-24 00:00:00
T03392,2026-06-22 00:00:00,Margaret Arellano,Commodities,Option,Fernandez-Ferguson,Sell,2401,556.01,1334980.01,Booked,False,False,2026-06-22 11:15:00,,2026-06-23 00:00:00
T03393,2026-06-22 00:00:00,Sarah Silva,Rates,Swap,Foster Jones and Reed,Sell,8,396143.79,3169150.32,Booked,False,False,2026-06-22 11:18:00,,2026-06-24 00:00:00
T03394,2026-06-22 00:00:00,Natalie Castillo,Rates,Swap,Foster Jones and Reed,Buy,4,511653.74,2046614.96,Booked,False,False,2026-06-22 11:37:00,,2026-06-24 00:00:00
T03395,2026-06-22 00:00:00,Joshua Stevenson,Credit,Bond,Santiago Reyes and Lynch,Sell,5279,103.427,545991.13,Booked,False,False,2026-06-22 11:39:00,,2026-06-23 00:00:00
T03396,2026-06-22 00:00:00,Margaret Arellano,Commodities,Swap,Miranda and Sons,Buy,7,328651.72,2300562.04,Amended,True,False,2026-06-22 12:58:00,2026-06-24 16:16:00,2026-06-24 00:00:00
T03397,2026-06-22 00:00:00,Dylan Lopez,FX,FX Forward,Chang-Peterson,Buy,1407146,1.4103,1984498.0,Amended,True,False,2026-06-22 13:18:00,2026-06-22 14:28:00,2026-07-21 00:00:00
T03398,2026-06-22 00:00:00,Natalie Castillo,Rates,Bond,Nguyen Group,Buy,25682,91.463,2348952.77,Booked,False,False,2026-06-22 13:37:00,,2026-06-23 00:00:00
T03399,2026-06-22 00:00:00,Tracy Hayes,Rates,Bond,Anthony-Baker,Buy,12822,108.164,1386878.81,Booked,False,False,2026-06-22 13:38:00,,2026-06-23 00:00:00
T03400,2026-06-22 00:00:00,Tracy Hayes,Rates,Swap,Chang-Peterson,Sell,28,545489.3,15273700.4,Booked,False,False,2026-06-22 14:07:00,,2026-06-24 00:00:00
T03401,2026-06-22 00:00:00,Margaret Arellano,Commodities,Option,Anthony-Baker,Buy,622,124.54,77463.88,Booked,False,False,2026-06-22 14:14:00,,2026-06-23 00:00:00
T03402,2026-06-22 00:00:00,Joshua Stevenson,Credit,Bond,Larsen Ray and Young,Buy,7962,98.096,781040.35,Booked,False,False,2026-06-22 14:32:00,,2026-06-23 00:00:00
T03403,2026-06-22 00:00:00,Sarah Silva,Rates,Bond,Chang-Peterson,Buy,29254,93.339,2730539.11,Booked,False,False,2026-06-22 14:52:00,,2026-06-23 00:00:00
T03404,2026-06-22 00:00:00,Natalie Castillo,Rates,Bond,Dominguez and Sons,Sell,63072,110.658,6979421.38,Booked,False,False,2026-06-22 14:52:00,,2026-06-23 00:00:00
T03405,2026-06-22 00:00:00,Tracy Hayes,Rates,Swap,Allen Morgan and Reed,Buy,64,981524.94,62817596.16,Booked,False,False,2026-06-22 15:03:00,,2026-06-24 00:00:00
T03406,2026-06-22 00:00:00,Joshua Stevenson,Credit,Bond,Allen Morgan and Reed,Buy,35329,100.983,3567628.41,Cancelled,True,True,2026-06-22 15:47:00,2026-06-22 16:32:00,2026-06-23 00:00:00
T03407,2026-06-22 00:00:00,Tracy Hayes,Rates,Swap,Wright and Sons,Sell,20,438665.56,8773311.2,Amended,True,False,2026-06-22 16:03:00,2026-06-23 20:22:00,2026-06-24 00:00:00
T03408,2026-06-22 00:00:00,Tracy Hayes,Rates,Swap,Bishop LLC,Buy,5,668496.77,3342483.85,Booked,False,False,2026-06-22 16:15:00,,2026-06-24 00:00:00
T03409,2026-06-22 00:00:00,Natalie Castillo,Rates,Swap,Mitchell-Rodgers,Buy,12,783638.04,9403656.48,Booked,False,False,2026-06-22 18:44:00,,2026-06-24 00:00:00
T03410,2026-06-22 00:00:00,Joshua Stevenson,Credit,Swap,Foster Jones and Reed,Sell,8,959221.41,7673771.28,Booked,False,False,2026-06-22 19:22:00,,2026-06-24 00:00:00
T03411,2026-06-23 00:00:00,Courtney Wagner,Equities,Equity,Dominguez and Sons,Sell,9920,278.74,2765100.8,Booked,False,False,2026-06-23 08:36:00,,2026-06-24 00:00:00
T03412,2026-06-23 00:00:00,Eddie Hernandez,Credit,Bond,Fernandez-Ferguson,Sell,37824,109.236,4131742.46,Amended,True,False,2026-06-23 09:32:00,2026-06-23 17:09:00,2026-06-24 00:00:00
T03413,2026-06-23 00:00:00,Kevin Gutierrez,Equities,Equity,Crawford-Garrett,Buy,11939,239.99,2865240.61,Booked,False,False,2026-06-23 09:32:00,,2026-06-24 00:00:00
T03414,2026-06-23 00:00:00,Dylan Lopez,FX,Option,Chang-Peterson,Sell,510,1168.12,595741.2,Booked,False,False,2026-06-23 10:26:00,,2026-06-24 00:00:00
T03415,2026-06-23 00:00:00,Dylan Lopez,FX,FX Forward,Crawford-Garrett,Sell,1343307,1.2512,1680745.72,Booked,False,False,2026-06-23 10:35:00,,2026-08-20 00:00:00
T03416,2026-06-23 00:00:00,Tracy Hayes,Rates,Swap,Mitchell-Rodgers,Buy,6,933752.0,5602512.0,Booked,False,False,2026-06-23 10:40:00,,2026-06-25 00:00:00
T03417,2026-06-23 00:00:00,Raymond Williams,FX,FX Forward,Ellis Group,Buy,18021286,1.5614,28138435.96,Booked,False,False,2026-06-23 10:43:00,,2026-09-18 00:00:00
T03418,2026-06-23 00:00:00,Kevin Gutierrez,Equities,Equity,Mclaughlin PLC,Sell,3654,275.2,1005580.8,Cancelled,True,True,2026-06-23 10:48:00,2026-06-24 19:16:00,2026-06-24 00:00:00
T03419,2026-06-23 00:00:00,Pamela Hahn,FX,FX Forward,Lee PLC,Buy,1796369,1.3047,2343722.63,Booked,False,False,2026-06-23 11:01:00,,2026-09-18 00:00:00
T03420,2026-06-23 00:00:00,Eddie Hernandez,Credit,Bond,Bishop LLC,Buy,14716,97.952,1441461.63,Booked,False,False,2026-06-23 11:25:00,,2026-06-24 00:00:00
T03421,2026-06-23 00:00:00,Kevin Gutierrez,Equities,Equity,Larsen Ray and Young,Buy,8545,396.87,3391254.15,Booked,False,False,2026-06-23 11:33:00,,2026-06-24 00:00:00
T03422,2026-06-23 00:00:00,Tracy Hayes,Rates,Bond,Bishop LLC,Sell,12548,100.948,1266695.5,Booked,False,False,2026-06-23 11:35:00,,2026-06-24 00:00:00
T03423,2026-06-23 00:00:00,Kevin Gutierrez,Equities,Equity,Mclaughlin PLC,Sell,3699,214.81,794582.19,Booked,False,False,2026-06-23 12:00:00,,2026-06-24 00:00:00
T03424,2026-06-23 00:00:00,Joshua Stevenson,Credit,Swap,Allen Morgan and Reed,Sell,15,804137.21,12062058.15,Booked,False,False,2026-06-23 12:01:00,,2026-06-25 00:00:00
T03425,2026-06-23 00:00:00,Raymond Williams,FX,FX Forward,Bishop LLC,Sell,3490321,0.8861,3092773.44,Booked,False,False,2026-06-23 12:14:00,,2026-08-20 00:00:00
T03426,2026-06-23 00:00:00,Tracy Hayes,Rates,Bond,Mclaughlin PLC,Sell,48388,109.947,5320115.44,Booked,False,False,2026-06-23 12:18:00,,2026-06-24 00:00:00
T03427,2026-06-23 00:00:00,Dylan Lopez,FX,FX Forward,Nguyen Group,Buy,532029,1.5509,825123.78,Amended,True,False,2026-06-23 12:39:00,2026-06-24 08:21:00,2026-07-22 00:00:00
T03428,2026-06-23 00:00:00,Joshua Stevenson,Credit,Swap,Anthony-Baker,Sell,4,954511.82,3818047.28,Amended,True,False,2026-06-23 12:45:00,2026-06-23 18:36:00,2026-06-25 00:00:00
T03429,2026-06-23 00:00:00,Courtney Wagner,Equities,Option,Ellis Group,Buy,5388,1154.98,6223032.24,Booked,False,False,2026-06-23 12:56:00,,2026-06-24 00:00:00
T03430,2026-06-23 00:00:00,Courtney Wagner,Equities,Equity,Dominguez and Sons,Buy,4727,323.5,1529184.5,Booked,False,False,2026-06-23 13:43:00,,2026-06-24 00:00:00
T03431,2026-06-23 00:00:00,Sarah Silva,Rates,Swap,Lee PLC,Buy,30,730496.69,21914900.7,Booked,False,False,2026-06-23 13:44:00,,2026-06-25 00:00:00
T03432,2026-06-23 00:00:00,Courtney Wagner,Equities,Equity,Powell Clark and Lopez,Buy,6646,217.61,1446236.06,Booked,False,False,2026-06-23 13:44:00,,2026-06-24 00:00:00
T03433,2026-06-23 00:00:00,Tracy Hayes,Rates,Swap,Lam-Gonzalez,Buy,33,896555.79,29586341.07,Booked,False,False,2026-06-23 13:46:00,,2026-06-25 00:00:00
T03434,2026-06-23 00:00:00,Joshua Stevenson,Credit,Bond,Mitchell-Rodgers,Buy,24570,108.054,2654886.78,Booked,False,False,2026-06-23 13:47:00,,2026-06-24 00:00:00
T03435,2026-06-23 00:00:00,Courtney Wagner,Equities,Equity,Chang-Peterson,Buy,1805,131.94,238151.7,Booked,False,False,2026-06-23 13:51:00,,2026-06-24 00:00:00
T03436,2026-06-23 00:00:00,Kevin Gutierrez,Equities,Equity,Crawford-Garrett,Buy,21404,74.76,1600163.04,Amended,True,False,2026-06-23 14:05:00,2026-06-23 14:50:00,2026-06-24 00:00:00
T03437,2026-06-23 00:00:00,Raymond Williams,FX,FX Forward,Mclaughlin PLC,Sell,3580335,1.5409,5516938.2,Booked,False,False,2026-06-23 14:06:00,,2026-07-22 00:00:00
T03438,2026-06-23 00:00:00,Pamela Hahn,FX,FX Forward,Fernandez-Ferguson,Buy,3546438,1.4121,5007925.1,Booked,False,False,2026-06-23 14:16:00,,2026-07-22 00:00:00
T03439,2026-06-23 00:00:00,Sarah Silva,Rates,Bond,Crawford-Garrett,Sell,59569,96.83,5768066.27,Amended,True,False,2026-06-23 14:26:00,2026-06-23 21:19:00,2026-06-24 00:00:00
T03440,2026-06-23 00:00:00,Courtney Wagner,Equities,Equity,Mcconnell-Fisher,Buy,32948,131.49,4332332.52,Booked,False,False,2026-06-23 14:27:00,,2026-06-24 00:00:00
T03441,2026-06-23 00:00:00,Raymond Williams,FX,FX Forward,Chang-Peterson,Sell,950103,1.0501,997703.16,Booked,False,False,2026-06-23 14:41:00,,2026-08-20 00:00:00
T03442,2026-06-23 00:00:00,Raymond Williams,FX,FX Forward,Mitchell-Rodgers,Sell,866265,1.4637,1267952.08,Booked,False,False,2026-06-23 14:43:00,,2026-09-18 00:00:00
T03443,2026-06-23 00:00:00,Natalie Castillo,Rates,Bond,Crawford-Garrett,Buy,12916,106.933,1381146.63,Booked,False,False,2026-06-23 15:01:00,,2026-06-24 00:00:00
T03444,2026-06-23 00:00:00,Tracy Hayes,Rates,Bond,Dominguez and Sons,Sell,47339,92.056,4357838.98,Booked,False,False,2026-06-23 15:11:00,,2026-06-24 00:00:00
T03445,2026-06-23 00:00:00,Sarah Silva,Rates,Bond,Foster Jones and Reed,Buy,67285,101.425,6824381.12,Booked,False,False,2026-06-23 15:47:00,,2026-06-24 00:00:00
T03446,2026-06-23 00:00:00,Kevin Gutierrez,Equities,Option,Nguyen Group,Buy,6013,724.27,4355035.51,Amended,True,False,2026-06-23 16:19:00,2026-06-23 16:35:00,2026-06-24 00:00:00
T03447,2026-06-23 00:00:00,Courtney Wagner,Equities,Option,Lam-Gonzalez,Buy,905,796.79,721094.95,Booked,False,False,2026-06-23 17:00:00,,2026-06-22 00:00:00
T03448,2026-06-23 00:00:00,Courtney Wagner,Equities,Option,Ellis Group,Sell,1771,228.4,404496.4,Booked,False,False,2026-06-23 18:43:00,,2026-06-24 00:00:00
T03449,2026-06-24 00:00:00,Kevin Gutierrez,Equities,Option,Chang-Peterson,Sell,1558,646.16,1006717.28,Booked,False,False,2026-06-24 08:02:00,,2026-06-25 00:00:00
T03450,2026-06-24 00:00:00,Pamela Hahn,FX,Option,Nguyen Group,Sell,1119,94.46,105700.74,Booked,False,False,2026-06-24 08:38:00,,2026-06-25 00:00:00
T03451,2026-06-24 00:00:00,Edward Taylor,Credit,Bond,Sullivan-Baxter,Buy,8449,111.668,943482.93,Booked,False,False,2026-06-24 08:53:00,,2026-06-25 00:00:00
T03452,2026-06-24 00:00:00,Tracy Hayes,Rates,Bond,Crawford-Garrett,Sell,6498,106.053,689132.39,Booked,False,False,2026-06-24 08:55:00,,2026-06-25 00:00:00
T03453,2026-06-24 00:00:00,Tracy Hayes,Rates,Bond,Ellis Group,Buy,74846,101.352,7585791.79,Booked,False,False,2026-06-24 10:30:00,,2026-08-03 00:00:00
T03454,2026-06-24 00:00:00,Kevin Gutierrez,Equities,Equity,Mclaughlin PLC,Sell,7582,296.17,2245560.94,Booked,False,False,2026-06-24 10:40:00,,2026-06-25 00:00:00
T03455,2026-06-24 00:00:00,Courtney Wagner,Equities,Equity,Dominguez and Sons,Sell,31463,343.37,10803450.31,Booked,False,False,2026-06-24 10:42:00,,2026-06-25 00:00:00
T03456,2026-06-24 00:00:00,Raymond Williams,FX,FX Forward,Sullivan-Baxter,Buy,1486685,0.9804,1457545.97,Booked,False,False,2026-06-24 10:59:00,,2026-08-21 00:00:00
T03457,2026-06-24 00:00:00,Sarah Silva,Rates,Swap,Larsen Ray and Young,Sell,45,688781.22,30995154.9,Booked,False,False,2026-06-24 11:14:00,,2026-06-26 00:00:00
T03458,2026-06-24 00:00:00,Edward Taylor,Credit,Bond,Larsen Ray and Young,Sell,54983,109.737,6033669.47,Booked,False,False,2026-06-24 11:35:00,,2026-06-25 00:00:00
T03459,2026-06-24 00:00:00,Tracy Hayes,Rates,Swap,Chang-Peterson,Buy,9,792611.95,7133507.55,Booked,False,False,2026-06-24 11:53:00,,2026-06-26 00:00:00
T03460,2026-06-24 00:00:00,Dylan Lopez,FX,FX Forward,Chang-Peterson,Buy,942808,1.036,976749.09,Booked,False,False,2026-06-24 11:57:00,,2026-09-21 00:00:00
T03461,2026-06-24 00:00:00,Tracy Hayes,Rates,Swap,Dominguez and Sons,Buy,8,256561.49,2052491.92,Booked,False,False,2026-06-24 11:58:00,,2026-06-26 00:00:00
T03462,2026-06-24 00:00:00,Pamela Hahn,FX,FX Forward,Crawford-Garrett,Sell,116862906,0.9825,114817805.15,Booked,False,False,2026-06-24 12:43:00,,2026-09-21 00:00:00
T03463,2026-06-24 00:00:00,Tracy Hayes,Rates,Swap,Larsen Ray and Young,Sell,13,922966.08,11998559.04,Booked,False,False,2026-06-24 13:02:00,,2026-06-26 00:00:00
T03464,2026-06-24 00:00:00,Tracy Hayes,Rates,Swap,Larsen Ray and Young,Sell,11,591133.68,6502470.48,Booked,False,False,2026-06-24 13:07:00,,2026-06-26 00:00:00
T03465,2026-06-24 00:00:00,Raymond Williams,FX,FX Forward,Wright and Sons,Buy,1542553,1.2556,1936829.55,Booked,False,False,2026-06-24 13:08:00,,2026-08-21 00:00:00
T03466,2026-06-24 00:00:00,Tracy Hayes,Rates,Bond,Anthony-Baker,Buy,45395,91.079,4134531.2,Booked,False,False,2026-06-24 13:14:00,,2026-06-25 00:00:00
T03467,2026-06-24 00:00:00,Kevin Gutierrez,Equities,Equity,Sullivan-Baxter,Buy,10405,351.71,3659542.55,Booked,False,False,2026-06-24 13:18:00,,2026-06-25 00:00:00
T03468,2026-06-24 00:00:00,Raymond Williams,FX,FX Forward,Anthony-Baker,Buy,2817865,1.3786,3884708.69,Booked,False,False,2026-06-24 13:37:00,,2026-08-21 00:00:00
T03469,2026-06-24 00:00:00,Kevin Gutierrez,Equities,Option,Mclaughlin PLC,Buy,706,218.0,153908.0,Booked,False,False,2026-06-24 13:37:00,,2026-08-21 00:00:00
T03470,2026-06-24 00:00:00,Courtney Wagner,Equities,Option,Wall PLC,Sell,1192,1193.36,1422485.12,Booked,False,False,2026-06-24 13:55:00,,2026-06-25 00:00:00
T03471,2026-06-24 00:00:00,Joshua Stevenson,Credit,Swap,Morales-Woodard,Sell,9,270256.23,2432306.07,Booked,False,False,2026-06-24 13:56:00,,2026-06-26 00:00:00
T03472,2026-06-24 00:00:00,Natalie Castillo,Rates,Swap,Mitchell-Rodgers,Sell,5,728893.58,3644467.9,Booked,False,False,2026-06-24 14:16:00,,2026-06-26 00:00:00
T03473,2026-06-24 00:00:00,Raymond Williams,FX,FX Forward,Ellis Group,Buy,7344471,0.9311,6838436.95,Booked,False,False,2026-06-24 14:43:00,,2026-08-21 00:00:00
T03474,2026-06-24 00:00:00,Raymond Williams,FX,FX Forward,Wall PLC,Sell,4756119,0.8228,3913334.71,Booked,False,False,2026-06-24 15:06:00,,2026-08-21 00:00:00
T03475,2026-06-24 00:00:00,David Williams,Equities,Equity,Chang-Peterson,Sell,1380,373.25,515085.0,Booked,False,False,2026-06-24 15:56:00,,2026-06-25 00:00:00
T03476,2026-06-24 00:00:00,Pamela Hahn,FX,FX Forward,Foster Jones and Reed,Sell,2636973,1.0082,2658596.18,Booked,False,False,2026-06-24 16:23:00,,2026-08-21 00:00:00
T03477,2026-06-24 00:00:00,Tracy Hayes,Rates,Bond,Crawford-Garrett,Sell,33501,104.512,3501256.51,Booked,False,False,2026-06-24 17:14:00,,2026-06-25 00:00:00
T03478,2026-06-25 00:00:00,Pamela Hahn,FX,FX Forward,Dominguez and Sons,Sell,1979686,1.5895,3146710.9,Booked,False,False,2026-06-25 07:49:00,,2026-09-22 00:00:00
T03479,2026-06-25 00:00:00,Tracy Hayes,Rates,Bond,Anthony-Baker,Sell,54390,94.471,5138277.69,Booked,False,False,2026-06-25 07:52:00,,2026-06-26 00:00:00
T03480,2026-06-25 00:00:00,Tracy Hayes,Rates,Swap,Anthony-Baker,Sell,11,313689.11,3450580.21,Booked,False,False,2026-06-25 07:54:00,,2026-06-29 00:00:00
T03481,2026-06-25 00:00:00,Sarah Silva,Rates,Swap,Foster Jones and Reed,Sell,7,964825.69,6753779.83,Amended,True,False,2026-06-25 08:31:00,2026-06-29 19:34:00,2026-06-29 00:00:00
T03482,2026-06-25 00:00:00,Pamela Hahn,FX,FX Forward,Chang-Peterson,Buy,857324,0.9875,846607.45,Booked,False,False,2026-06-25 09:04:00,,2026-07-24 00:00:00
T03483,2026-06-25 00:00:00,Courtney Wagner,Equities,Equity,Fernandez-Ferguson,Sell,12248,473.7,5801877.6,Booked,False,False,2026-06-25 09:18:00,,2026-06-26 00:00:00
T03484,2026-06-25 00:00:00,Eddie Hernandez,Credit,Bond,Chang-Peterson,Sell,59011,95.355,5626993.9,Booked,False,False,2026-06-25 09:34:00,,2026-06-26 00:00:00
T03485,2026-06-25 00:00:00,Sarah Silva,Rates,Bond,Foster Jones and Reed,Buy,13482,100.349,1352905.22,Booked,False,False,2026-06-25 10:21:00,,2026-06-26 00:00:00
T03486,2026-06-25 00:00:00,Joshua Stevenson,Credit,Swap,Santiago Reyes and Lynch,Buy,23,433213.0,9963899.0,Booked,False,False,2026-06-25 10:49:00,,2026-06-29 00:00:00
T03487,2026-06-25 00:00:00,Tracy Hayes,Rates,Bond,Chang-Peterson,Sell,33697,107.706,3629369.08,Booked,False,False,2026-06-25 10:50:00,,2026-06-26 00:00:00
T03488,2026-06-25 00:00:00,Natalie Castillo,Rates,Swap,Lam-Gonzalez,Buy,5,295602.6,1478013.0,Booked,False,False,2026-06-25 10:58:00,,2026-06-29 00:00:00
T03489,2026-06-25 00:00:00,Kevin Gutierrez,Equities,Equity,Dominguez and Sons,Sell,1309,261.62,342460.58,Booked,False,False,2026-06-25 11:16:00,,2026-06-26 00:00:00
T03490,2026-06-25 00:00:00,Raymond Williams,FX,FX Forward,Fernandez-Ferguson,Buy,4662533,0.9724,4533847.09,Booked,False,False,2026-06-25 11:28:00,,2026-07-24 00:00:00
T03491,2026-06-25 00:00:00,Joshua Stevenson,Credit,Swap,Lam-Gonzalez,Buy,16,451853.74,7229659.84,Booked,False,False,2026-06-25 11:30:00,,2026-06-29 00:00:00
T03492,2026-06-25 00:00:00,Eddie Hernandez,Credit,Bond,Nguyen Group,Sell,46752,95.261,4453642.27,Booked,False,False,2026-06-25 11:54:00,,2026-06-26 00:00:00
T03493,2026-06-25 00:00:00,Joshua Stevenson,Credit,Bond,Brown-Wiggins,Buy,5023,92.678,465521.59,Booked,False,False,2026-06-25 12:00:00,,2026-06-26 00:00:00
T03494,2026-06-25 00:00:00,Raymond Williams,FX,FX Forward,Stanton-Wilkinson,Buy,826289,1.111,918007.08,Booked,False,False,2026-06-25 12:00:00,,2026-08-24 00:00:00
T03495,2026-06-25 00:00:00,Tracy Hayes,Rates,Bond,Dominguez and Sons,Sell,18843,97.484,1836891.01,Booked,False,False,2026-06-25 12:09:00,,2026-06-26 00:00:00
T03496,2026-06-25 00:00:00,Joshua Wilson,Commodities,Swap,Morales-Woodard,Sell,13,764406.02,9937278.26,Booked,False,False,2026-06-25 12:23:00,,2026-06-29 00:00:00
T03497,2026-06-25 00:00:00,Margaret Arellano,Commodities,Swap,Stanton-Wilkinson,Buy,22,441597.33,9715141.26,Amended,True,False,2026-06-25 13:05:00,2026-06-25 13:50:00,2026-06-29 00:00:00
T03498,2026-06-25 00:00:00,Sarah Silva,Rates,Swap,Santiago Reyes and Lynch,Sell,15,311406.28,4671094.2,Booked,False,False,2026-06-25 13:20:00,,2026-06-29 00:00:00
T03499,2026-06-25 00:00:00,Pamela Hahn,FX,Option,Brown-Wiggins,Sell,1027,1116.81,1146963.87,Booked,False,False,2026-06-25 13:27:00,,2026-06-26 00:00:00
T03500,2026-06-25 00:00:00,Joshua Wilson,Commodities,Swap,Larsen Ray and Young,Buy,5,283719.48,1418597.4,Amended,True,False,2026-06-25 13:40:00,2026-06-25 14:19:00,2026-06-29 00:00:00
T03501,2026-06-25 00:00:00,Pamela Hahn,FX,FX Forward,Crawford-Garrett,Buy,1190810,1.0104,1203194.42,Booked,False,False,2026-06-25 14:05:00,,2026-07-24 00:00:00
T03502,2026-06-25 00:00:00,Sarah Silva,Rates,Swap,Morales-Woodard,Buy,11,994156.48,10935721.28,Booked,False,False,2026-06-25 14:18:00,,2026-06-29 00:00:00
T03503,2026-06-25 00:00:00,Kevin Gutierrez,Equities,Equity,Larsen Ray and Young,Buy,16017,379.23,6074126.91,Booked,False,False,2026-06-25 14:19:00,,2026-06-26 00:00:00
T03504,2026-06-25 00:00:00,Sarah Silva,Rates,Bond,Mclaughlin PLC,Sell,16410,103.137,1692478.17,Booked,False,False,2026-06-25 14:30:00,,2026-06-26 00:00:00
T03505,2026-06-25 00:00:00,Eddie Hernandez,Credit,Bond,Larsen Ray and Young,Buy,21923,93.234,2043968.98,Booked,False,False,2026-06-25 15:35:00,,2026-06-26 00:00:00
T03506,2026-06-25 00:00:00,Tracy Hayes,Rates,Swap,Fernandez-Ferguson,Sell,10,810832.19,8108321.9,Booked,False,False,2026-06-25 15:54:00,,2026-06-29 00:00:00
T03507,2026-06-25 00:00:00,Margaret Arellano,Commodities,Swap,Mcconnell-Fisher,Sell,16,665602.66,10649642.56,Booked,False,False,2026-06-25 16:11:00,,2026-06-29 00:00:00
T03508,2026-06-25 00:00:00,Margaret Arellano,Commodities,Option,Sullivan-Baxter,Sell,613,831.61,509776.93,Booked,False,False,2026-06-25 16:35:00,,2026-06-26 00:00:00
T03509,2026-06-25 00:00:00,Margaret Arellano,Commodities,Swap,Crawford-Garrett,Buy,7,848482.89,5939380.23,Booked,False,False,2026-06-25 17:24:00,,2026-06-29 00:00:00
T03510,2026-06-25 00:00:00,Heather Garrett,Commodities,Option,Foster Jones and Reed,Sell,356,435.07,154884.92,Amended,True,False,2026-06-25 18:41:00,2026-06-25 20:44:00,2026-06-26 00:00:00
T03511,2026-06-26 00:00:00,Tracy Hayes,Rates,Bond,Ellis Group,Buy,150015,93.451,14019051.76,Amended,True,False,2026-06-26 08:31:00,2026-06-29 14:26:00,2026-06-29 00:00:00
T03512,2026-06-26 00:00:00,Sarah Silva,Rates,Swap,Santiago Reyes and Lynch,Sell,26,504759.72,13123752.72,Booked,False,False,2026-06-26 08:41:00,,2026-06-30 00:00:00
T03513,2026-06-26 00:00:00,David Williams,Equities,Equity,Mclaughlin PLC,Buy,15367,61.32,942304.44,Booked,False,False,2026-06-26 10:45:00,,2026-06-29 00:00:00
T03514,2026-06-26 00:00:00,Courtney Wagner,Equities,Option,Chang-Peterson,Buy,614,692.7,425317.8,Booked,False,False,2026-06-26 10:51:00,,2026-06-29 00:00:00
T03515,2026-06-26 00:00:00,David Williams,Equities,Equity,Foster Jones and Reed,Sell,346,80.62,27894.52,Amended,True,False,2026-06-26 11:03:00,2026-06-29 13:03:00,2026-06-29 00:00:00
T03516,2026-06-26 00:00:00,Tracy Hayes,Rates,Bond,Chang-Peterson,Buy,31677,102.486,3246449.02,Booked,False,False,2026-06-26 11:08:00,,2026-06-29 00:00:00
T03517,2026-06-26 00:00:00,Heather Garrett,Commodities,Swap,Larsen Ray and Young,Sell,36,802131.01,28876716.36,Booked,False,False,2026-06-26 11:08:00,,2026-06-30 00:00:00
T03518,2026-06-26 00:00:00,Edward Taylor,Credit,Bond,Mcconnell-Fisher,Buy,28046,104.017,2917260.78,Booked,False,False,2026-06-26 11:27:00,,2026-06-29 00:00:00
T03519,2026-06-26 00:00:00,Courtney Wagner,Equities,Equity,Nguyen Group,Buy,1856,18.33,34020.48,Booked,False,False,2026-06-26 11:50:00,,2026-06-29 00:00:00
T03520,2026-06-26 00:00:00,Joshua Stevenson,Credit,Bond,Dominguez and Sons,Buy,21553,97.998,2112150.89,Booked,False,False,2026-06-26 11:59:00,,2026-06-29 00:00:00
T03521,2026-06-26 00:00:00,Tracy Hayes,Rates,Bond,Larsen Ray and Young,Sell,15945,111.405,1776352.72,Booked,False,False,2026-06-26 12:01:00,,2026-06-29 00:00:00
T03522,2026-06-26 00:00:00,Kevin Gutierrez,Equities,Equity,Wall PLC,Buy,2433,100.0,243300.0,Booked,False,False,2026-06-26 12:02:00,,2026-06-29 00:00:00
T03523,2026-06-26 00:00:00,Tracy Hayes,Rates,Bond,Anthony-Baker,Buy,7636,100.303,765913.71,Booked,False,False,2026-06-26 12:38:00,,2026-06-29 00:00:00
T03524,2026-06-26 00:00:00,Tracy Hayes,Rates,Bond,Foster Jones and Reed,Buy,24377,103.712,2528187.42,Booked,False,False,2026-06-26 12:43:00,,2026-06-29 00:00:00
T03525,2026-06-26 00:00:00,Natalie Castillo,Rates,Bond,Chang-Peterson,Buy,84165,111.744,9404933.76,Booked,False,False,2026-06-26 13:24:00,,2026-06-29 00:00:00
T03526,2026-06-26 00:00:00,Courtney Wagner,Equities,Option,Morales-Woodard,Buy,1717,401.13,688740.21,Booked,False,False,2026-06-26 13:36:00,,2026-06-29 00:00:00
T03527,2026-06-26 00:00:00,Tracy Hayes,Rates,Bond,Bishop LLC,Buy,12144,102.519,1244990.74,Booked,False,False,2026-06-26 14:26:00,,2026-06-29 00:00:00
T03528,2026-06-26 00:00:00,Pamela Hahn,FX,FX Forward,Chang-Peterson,Buy,804645,1.1119,894684.78,Booked,False,False,2026-06-26 14:33:00,,2026-07-27 00:00:00
T03529,2026-06-26 00:00:00,Margaret Arellano,Commodities,Option,Fernandez-Ferguson,Buy,733,1061.97,778424.01,Booked,False,False,2026-06-26 14:46:00,,2026-06-29 00:00:00
T03530,2026-06-26 00:00:00,Pamela Hahn,FX,FX Forward,Stanton-Wilkinson,Sell,1464616,1.3863,2030397.16,Booked,False,False,2026-06-26 14:49:00,,2026-08-25 00:00:00
T03531,2026-06-26 00:00:00,Tracy Hayes,Rates,Bond,Santiago Reyes and Lynch,Sell,1356796,91.704,124423620.38,Booked,False,False,2026-06-26 15:01:00,,2026-06-29 00:00:00
T03532,2026-06-26 00:00:00,Tracy Hayes,Rates,Bond,Chang-Peterson,Buy,13518,92.728,1253497.1,Booked,False,False,2026-06-26 15:53:00,,2026-06-29 00:00:00
T03533,2026-06-26 00:00:00,Kevin Gutierrez,Equities,Equity,Chang-Peterson,Sell,1884,385.84,726922.56,Booked,False,False,2026-06-26 16:20:00,,2026-06-29 00:00:00
T03534,2026-06-26 00:00:00,Kevin Gutierrez,Equities,Equity,Larsen Ray and Young,Sell,7757,15.97,123879.29,Booked,False,False,2026-06-26 16:33:00,,2026-06-29 00:00:00
T03535,2026-06-26 00:00:00,Tracy Hayes,Rates,Bond,Larsen Ray and Young,Buy,206872,104.29,21574680.88,Booked,False,False,2026-06-26 17:24:00,,2026-06-29 00:00:00
T03536,2026-06-26 00:00:00,Joshua Wilson,Commodities,Swap,Santiago Reyes and Lynch,Buy,26,631761.03,16425786.78,Booked,False,False,2026-06-26 17:32:00,,2026-06-30 00:00:00
T03537,2026-06-26 00:00:00,Raymond Williams,FX,FX Forward,Chang-Peterson,Buy,1521290,1.2174,1852018.45,Amended,True,False,2026-06-26 17:35:00,2026-06-26 18:20:00,2026-09-23 00:00:00
T03538,2026-06-26 00:00:00,Margaret Arellano,Commodities,Swap,Dominguez and Sons,Buy,9,783450.9,7051058.1,Booked,False,False,2026-06-26 19:30:00,,2026-06-30 00:00:00
T03539,2026-06-29 00:00:00,Courtney Wagner,Equities,Equity,Nguyen Group,Buy,5619,202.86,1139870.34,Booked,False,False,2026-06-29 08:05:00,,2026-06-30 00:00:00
T03540,2026-06-29 00:00:00,Pamela Hahn,FX,Option,Chang-Peterson,Buy,4105,833.01,3419506.05,Booked,False,False,2026-06-29 09:37:00,,2026-06-30 00:00:00
T03541,2026-06-29 00:00:00,Kevin Gutierrez,Equities,Equity,Ellis Group,Buy,3018,100.98,304757.64,Booked,False,False,2026-06-29 09:54:00,,2026-06-30 00:00:00
T03542,2026-06-29 00:00:00,Courtney Wagner,Equities,Equity,Bishop LLC,Sell,4811,457.83,2202620.13,Booked,False,False,2026-06-29 10:29:00,,2026-06-30 00:00:00
T03543,2026-06-29 00:00:00,Tracy Hayes,Rates,Bond,Powell Clark and Lopez,Sell,22930,94.386,2164270.98,Booked,False,False,2026-06-29 10:51:00,,2026-06-30 00:00:00
T03544,2026-06-29 00:00:00,Dylan Lopez,FX,FX Forward,Brown-Wiggins,Buy,1523130,1.0425,1587863.02,Booked,False,False,2026-06-29 11:36:00,,2026-09-24 00:00:00
T03545,2026-06-29 00:00:00,Raymond Williams,FX,Option,Nguyen Group,Sell,688,405.48,278970.24,Booked,False,False,2026-06-29 12:04:00,,2026-06-30 00:00:00
T03546,2026-06-29 00:00:00,Eddie Hernandez,Credit,Bond,Anthony-Baker,Buy,71092,101.357,7205671.84,Booked,False,False,2026-06-29 12:17:00,,2026-06-30 00:00:00
T03547,2026-06-29 00:00:00,Tracy Hayes,Rates,Bond,Wright and Sons,Sell,46285,109.225,5055479.12,Booked,False,False,2026-06-29 12:21:00,,2026-06-30 00:00:00
T03548,2026-06-29 00:00:00,Raymond Williams,FX,FX Forward,Foster Jones and Reed,Sell,992828,0.8127,806871.32,Booked,False,False,2026-06-29 12:26:00,,2026-07-28 00:00:00
T03549,2026-06-29 00:00:00,Joshua Stevenson,Credit,Bond,Stanton-Wilkinson,Sell,24699,102.335,2527572.16,Booked,False,False,2026-06-29 12:29:00,,2026-06-30 00:00:00
T03550,2026-06-29 00:00:00,Raymond Williams,FX,FX Forward,Chang-Peterson,Buy,500547,1.4243,712929.09,Booked,False,False,2026-06-29 12:36:00,,2026-07-28 00:00:00
T03551,2026-06-29 00:00:00,Natalie Castillo,Rates,Bond,Morales-Woodard,Buy,11522,108.633,1251669.43,Booked,False,False,2026-06-29 13:20:00,,2026-06-30 00:00:00
T03552,2026-06-29 00:00:00,Pamela Hahn,FX,FX Forward,Dominguez and Sons,Sell,2749651,0.8391,2307232.15,Amended,True,False,2026-06-29 13:20:00,2026-06-30 16:00:00,2026-08-26 00:00:00
T03553,2026-06-29 00:00:00,Tracy Hayes,Rates,Bond,Anthony-Baker,Sell,80503,93.741,7546431.72,Booked,False,False,2026-06-29 13:25:00,,2026-06-30 00:00:00
T03554,2026-06-29 00:00:00,Natalie Castillo,Rates,Bond,Mclaughlin PLC,Sell,11804,89.471,1056115.68,Amended,True,False,2026-06-29 13:26:00,2026-06-30 14:32:00,2026-06-30 00:00:00
T03555,2026-06-29 00:00:00,Edward Taylor,Credit,Bond,Dominguez and Sons,Sell,55666,105.482,5871761.01,Booked,False,False,2026-06-29 14:09:00,,2026-06-30 00:00:00
T03556,2026-06-29 00:00:00,Natalie Castillo,Rates,Swap,Chang-Peterson,Sell,27,960940.22,25945385.94,Booked,False,False,2026-06-29 14:35:00,,2026-07-01 00:00:00
T03557,2026-06-29 00:00:00,Tracy Hayes,Rates,Swap,Crawford-Garrett,Buy,9,800919.74,7208277.66,Booked,False,False,2026-06-29 14:37:00,,2026-07-01 00:00:00
T03558,2026-06-29 00:00:00,Natalie Castillo,Rates,Bond,Miranda and Sons,Sell,25499,99.415,2534983.08,Booked,False,False,2026-06-29 14:58:00,,2026-06-30 00:00:00
T03559,2026-06-29 00:00:00,Sarah Silva,Rates,Swap,Crawford-Garrett,Sell,3,973575.73,2920727.19,Booked,False,False,2026-06-29 15:02:00,,2026-07-01 00:00:00
T03560,2026-06-29 00:00:00,Kevin Gutierrez,Equities,Equity,Anthony-Baker,Sell,5008,423.23,2119535.84,Booked,False,False,2026-06-29 15:32:00,,2026-06-30 00:00:00
T03561,2026-06-29 00:00:00,David Williams,Equities,Option,Lam-Gonzalez,Sell,448,73.14,32766.72,Booked,False,False,2026-06-29 15:44:00,,2026-06-30 00:00:00
T03562,2026-06-29 00:00:00,Tracy Hayes,Rates,Bond,Allen Morgan and Reed,Sell,44373,104.468,4635558.56,Booked,False,False,2026-06-29 16:41:00,,2026-06-30 00:00:00
T03563,2026-06-29 00:00:00,Pamela Hahn,FX,Option,Chang-Peterson,Sell,579,94.49,54709.71,Booked,False,False,2026-06-29 16:59:00,,2026-06-30 00:00:00
T03564,2026-06-30 00:00:00,Eddie Hernandez,Credit,Swap,Foster Jones and Reed,Sell,47,345845.25,16254726.75,Booked,False,False,2026-06-30 07:22:00,,2026-07-02 00:00:00
T03565,2026-06-30 00:00:00,Courtney Wagner,Equities,Equity,Wall PLC,Buy,15844,134.59,2132443.96,Amended,True,False,2026-06-30 07:50:00,2026-06-30 14:34:00,2026-07-01 00:00:00
T03566,2026-06-30 00:00:00,Pamela Hahn,FX,FX Forward,Stanton-Wilkinson,Sell,551432,1.3157,725519.08,Booked,False,False,2026-06-30 08:21:00,,2026-08-27 00:00:00
T03567,2026-06-30 00:00:00,Pamela Hahn,FX,FX Forward,Wall PLC,Sell,1865695,0.9411,1755805.56,Booked,False,False,2026-06-30 08:58:00,,2026-09-25 00:00:00
T03568,2026-06-30 00:00:00,Kevin Gutierrez,Equities,Equity,Larsen Ray and Young,Buy,9741,68.8,670180.8,Booked,False,False,2026-06-30 09:50:00,,2026-07-01 00:00:00
T03569,2026-06-30 00:00:00,Sarah Silva,Rates,Swap,Anthony-Baker,Buy,33,908339.06,29975188.98,Booked,False,False,2026-06-30 09:57:00,,2026-07-02 00:00:00
T03570,2026-06-30 00:00:00,Raymond Williams,FX,FX Forward,Chang-Peterson,Buy,1240850,1.3056,1620053.76,Booked,False,False,2026-06-30 10:04:00,,2026-09-25 00:00:00
T03571,2026-06-30 00:00:00,Pamela Hahn,FX,FX Forward,Anthony-Baker,Buy,2044704,1.4245,2912680.85,Booked,False,False,2026-06-30 10:15:00,,2026-09-25 00:00:00
T03572,2026-06-30 00:00:00,Kevin Gutierrez,Equities,Equity,Sullivan-Baxter,Sell,18398,107.34,1974841.32,Booked,False,False,2026-06-30 10:20:00,,2026-07-01 00:00:00
T03573,2026-06-30 00:00:00,Joshua Wilson,Commodities,Option,Miranda and Sons,Buy,297,112.38,33376.86,Booked,False,False,2026-06-30 10:28:00,,2026-07-01 00:00:00
T03574,2026-06-30 00:00:00,Kevin Gutierrez,Equities,Equity,Wall PLC,Buy,9587,62.48,598995.76,Booked,False,False,2026-06-30 10:59:00,,2026-07-01 00:00:00
T03575,2026-06-30 00:00:00,Eddie Hernandez,Credit,Swap,Mitchell-Rodgers,Sell,100,319153.65,31915365.0,Booked,False,False,2026-06-30 10:59:00,,2026-07-02 00:00:00
T03576,2026-06-30 00:00:00,Heather Garrett,Commodities,Swap,Fernandez-Ferguson,Sell,69,997648.1,68837718.9,Booked,False,False,2026-06-30 11:11:00,,2026-07-02 00:00:00
T03577,2026-06-30 00:00:00,Pamela Hahn,FX,FX Forward,Santiago Reyes and Lynch,Buy,2135569,1.0318,2203480.09,Booked,False,False,2026-06-30 11:12:00,,2026-07-29 00:00:00
T03578,2026-06-30 00:00:00,Joshua Stevenson,Credit,Bond,Wright and Sons,Buy,78712,109.901,8650527.51,Booked,False,False,2026-06-30 11:21:00,,2026-07-01 00:00:00
T03579,2026-06-30 00:00:00,Raymond Williams,FX,FX Forward,Powell Clark and Lopez,Buy,3327258,1.4413,4795576.96,Booked,False,False,2026-06-30 11:33:00,,2026-09-25 00:00:00
T03580,2026-06-30 00:00:00,Tracy Hayes,Rates,Swap,Bishop LLC,Sell,24,439554.36,10549304.64,Booked,False,False,2026-06-30 11:33:00,,2026-07-02 00:00:00
T03581,2026-06-30 00:00:00,Raymond Williams,FX,FX Forward,Sullivan-Baxter,Sell,1369895,1.0651,1459075.16,Booked,False,False,2026-06-30 11:41:00,,2026-08-27 00:00:00
T03582,2026-06-30 00:00:00,Pamela Hahn,FX,Option,Wright and Sons,Buy,367,701.25,257358.75,Booked,False,False,2026-06-30 12:10:00,,2026-07-01 00:00:00
T03583,2026-06-30 00:00:00,Raymond Williams,FX,FX Forward,Nguyen Group,Sell,472251,1.1896,561789.79,Booked,False,False,2026-06-30 12:15:00,,2026-09-25 00:00:00
T03584,2026-06-30 00:00:00,Raymond Williams,FX,FX Forward,Mitchell-Rodgers,Buy,2020415,1.3214,2669776.38,Booked,False,False,2026-06-30 12:26:00,,2026-08-27 00:00:00
T03585,2026-06-30 00:00:00,Courtney Wagner,Equities,Option,Crawford-Garrett,Sell,1255,738.02,926215.1,Booked,False,False,2026-06-30 12:56:00,,2026-07-01 00:00:00
T03586,2026-06-30 00:00:00,Pamela Hahn,FX,FX Forward,Chang-Peterson,Buy,2495374,1.312,3273930.69,Booked,False,False,2026-06-30 12:58:00,,2026-07-29 00:00:00
T03587,2026-06-30 00:00:00,Joshua Wilson,Commodities,Option,Crawford-Garrett,Buy,886,806.4,714470.4,Booked,False,False,2026-06-30 13:01:00,,2026-07-01 00:00:00
T03588,2026-06-30 00:00:00,Eddie Hernandez,Credit,Bond,Sullivan-Baxter,Sell,12200,97.093,1184534.6,Booked,False,False,2026-06-30 13:08:00,,2026-07-01 00:00:00
T03589,2026-06-30 00:00:00,Natalie Castillo,Rates,Swap,Ellis Group,Buy,3,905242.86,2715728.58,Booked,False,False,2026-06-30 13:32:00,,2026-07-02 00:00:00
T03590,2026-06-30 00:00:00,Sarah Silva,Rates,Bond,Larsen Ray and Young,Sell,38274,105.856,4051532.54,Booked,False,False,2026-06-30 13:44:00,,2026-07-01 00:00:00
T03591,2026-06-30 00:00:00,Tracy Hayes,Rates,Bond,Wall PLC,Buy,34263,107.089,3669190.41,Booked,False,False,2026-06-30 14:34:00,,2026-07-01 00:00:00
T03592,2026-06-30 00:00:00,Sarah Silva,Rates,Bond,Wall PLC,Buy,11781,95.591,1126157.57,Cancelled,True,True,2026-06-30 15:04:00,2026-07-17 17:31:00,2026-07-01 00:00:00
T03593,2026-06-30 00:00:00,Tracy Hayes,Rates,Bond,Lee PLC,Buy,51902,95.795,4971952.09,Booked,False,False,2026-06-30 15:11:00,,2026-07-01 00:00:00
T03594,2026-06-30 00:00:00,Eddie Hernandez,Credit,Swap,Powell Clark and Lopez,Sell,14,310149.48,4342092.72,Booked,False,False,2026-06-30 15:33:00,,2026-07-02 00:00:00
T03595,2026-06-30 00:00:00,Sarah Silva,Rates,Bond,Foster Jones and Reed,Buy,23834,92.16,2196541.44,Booked,False,False,2026-06-30 15:53:00,,2026-07-01 00:00:00
T03596,2026-06-30 00:00:00,Pamela Hahn,FX,FX Forward,Chang-Peterson,Sell,2054260,0.8606,1767896.16,Booked,False,False,2026-06-30 16:01:00,,2026-09-25 00:00:00
T03597,2026-06-30 00:00:00,Sarah Silva,Rates,Bond,Mcconnell-Fisher,Buy,40498,90.433,3662355.63,Booked,False,False,2026-06-30 16:34:00,,2026-07-01 00:00:00
T03598,2026-06-30 00:00:00,Tracy Hayes,Rates,Swap,Mcconnell-Fisher,Buy,7,475360.66,3327524.62,Booked,False,False,2026-06-30 16:45:00,,2026-07-02 00:00:00
T03599,2026-06-30 00:00:00,Sarah Silva,Rates,Swap,Anthony-Baker,Buy,36,358764.33,12915515.88,Booked,False,False,2026-06-30 17:27:00,,2026-07-02 00:00:00
T03600,2026-06-30 00:00:00,Raymond Williams,FX,FX Forward,Wright and Sons,Sell,1000450,1.119,1119503.55,Booked,False,False,2026-06-30 17:48:00,,2026-07-29 00:00:00
